solid hull
  facet normal -8.436050e-01 5.046434e-01 -1.834820e-01
    outer loop
      vertex 3.458235e-02 2.940818e-02 -5.262102e-02
      vertex 2.000000e-02 3.446013e-03 -5.698054e-02
      vertex 2.000000e-02 1.525112e-02 -2.451213e-02
    endloop
  endfacet
  facet normal 3.372181e-02 9.991032e-01 2.560413e-02
    outer loop
      vertex 6.740542e-02 3.356245e-02 -2.932826e-02
      vertex 5.053657e-02 3.489952e-02 -5.928513e-02
      vertex 5.053657e-02 3.415024e-02 -3.004738e-02
    endloop
  endfacet
  facet normal 1.603185e-01 9.859803e-01 -4.626875e-02
    outer loop
      vertex 6.740542e-02 3.356245e-02 -2.932826e-02
      vertex 6.740542e-02 3.224320e-02 -5.744125e-02
      vertex 5.053657e-02 3.489952e-02 -5.928513e-02
    endloop
  endfacet
  facet normal 3.648733e-01 8.472550e-01 -3.860395e-01
    outer loop
      vertex 1.189739e-01 1.293017e-02 -3.932653e-02
      vertex 1.189739e-01 2.643530e-03 -6.190300e-02
      vertex 8.473161e-02 1.321827e-02 -7.105909e-02
    endloop
  endfacet
  facet normal 4.348539e-01 7.728162e-01 -4.622307e-01
    outer loop
      vertex 1.189739e-01 1.293017e-02 -3.932653e-02
      vertex 8.473161e-02 1.321827e-02 -7.105909e-02
      vertex 8.473161e-02 2.523127e-02 -5.097423e-02
    endloop
  endfacet
  facet normal 1.830130e-01 9.820298e-01 -4.608336e-02
    outer loop
      vertex 8.473161e-02 3.051188e-02 -2.552712e-02
      vertex 6.740542e-02 3.224320e-02 -5.744125e-02
      vertex 6.740542e-02 3.356245e-02 -2.932826e-02
    endloop
  endfacet
  facet normal 4.269147e-01 8.854287e-01 -1.837383e-01
    outer loop
      vertex 8.473161e-02 3.051188e-02 -2.552712e-02
      vertex 8.473161e-02 2.523127e-02 -5.097423e-02
      vertex 6.740542e-02 3.224320e-02 -5.744125e-02
    endloop
  endfacet
  facet normal -1.167341e-01 9.213030e-01 3.709097e-01
    outer loop
      vertex 6.740542e-02 2.433899e-02 -3.681729e-04
      vertex 5.053657e-02 3.415024e-02 -3.004738e-02
      vertex 5.053657e-02 2.215774e-02 -2.592073e-04
    endloop
  endfacet
  facet normal 2.026030e-02 9.526456e-01 3.034070e-01
    outer loop
      vertex 6.740542e-02 2.433899e-02 -3.681729e-04
      vertex 6.740542e-02 3.356245e-02 -2.932826e-02
      vertex 5.053657e-02 3.415024e-02 -3.004738e-02
    endloop
  endfacet
  facet normal 6.322185e-02 9.979995e-01 -2.145303e-04
    outer loop
      vertex 3.458235e-02 1.906699e-02 2.763648e-02
      vertex 2.000000e-02 1.998459e-02 -1.068116e-03
      vertex 2.000000e-02 1.999950e-02 6.829234e-02
    endloop
  endfacet
  facet normal 4.371064e-01 7.572540e-01 -4.852879e-01
    outer loop
      vertex 1.189739e-01 2.595177e-02 -1.900735e-02
      vertex 1.189739e-01 1.293017e-02 -3.932653e-02
      vertex 8.473161e-02 2.523127e-02 -5.097423e-02
    endloop
  endfacet
  facet normal 1.667143e-01 9.654376e-01 -2.003412e-01
    outer loop
      vertex 1.189739e-01 2.595177e-02 -1.900735e-02
      vertex 8.473161e-02 2.523127e-02 -5.097423e-02
      vertex 8.473161e-02 3.051188e-02 -2.552712e-02
    endloop
  endfacet
  facet normal -4.462569e-02 9.982460e-01 -3.890269e-02
    outer loop
      vertex 4.241655e-02 1.934721e-02 2.584035e-02
      vertex 3.458235e-02 1.906699e-02 2.763648e-02
      vertex 2.000000e-02 1.999950e-02 6.829234e-02
    endloop
  endfacet
  facet normal -1.748467e-02 9.967024e-01 7.923754e-02
    outer loop
      vertex 4.241655e-02 1.934721e-02 2.584035e-02
      vertex 4.241655e-02 2.132830e-02 9.208238e-04
      vertex 3.458235e-02 1.906699e-02 2.763648e-02
    endloop
  endfacet
  facet normal 1.456519e-01 9.815552e-01 1.238339e-01
    outer loop
      vertex 8.473161e-02 2.713671e-02 1.225763e-03
      vertex 8.473161e-02 3.051188e-02 -2.552712e-02
      vertex 6.740542e-02 3.356245e-02 -2.932826e-02
    endloop
  endfacet
  facet normal -1.788459e-01 9.374787e-01 2.985765e-01
    outer loop
      vertex 8.473161e-02 2.713671e-02 1.225763e-03
      vertex 6.740542e-02 3.356245e-02 -2.932826e-02
      vertex 6.740542e-02 2.433899e-02 -3.681729e-04
    endloop
  endfacet
  facet normal -8.930286e-02 9.925289e-01 8.313468e-02
    outer loop
      vertex 5.053657e-02 2.005320e-02 2.486653e-02
      vertex 5.053657e-02 2.215774e-02 -2.592073e-04
      vertex 4.241655e-02 2.132830e-02 9.208238e-04
    endloop
  endfacet
  facet normal -1.272722e-01 9.884067e-01 8.278940e-02
    outer loop
      vertex 5.053657e-02 2.005320e-02 2.486653e-02
      vertex 6.740542e-02 2.433899e-02 -3.681729e-04
      vertex 5.053657e-02 2.215774e-02 -2.592073e-04
    endloop
  endfacet
  facet normal -9.416735e-02 9.934329e-01 -6.498895e-02
    outer loop
      vertex 5.053657e-02 2.005320e-02 2.486653e-02
      vertex 4.241655e-02 1.934721e-02 2.584035e-02
      vertex 2.000000e-02 1.999950e-02 6.829234e-02
    endloop
  endfacet
  facet normal -7.693798e-02 9.939000e-01 7.901475e-02
    outer loop
      vertex 5.053657e-02 2.005320e-02 2.486653e-02
      vertex 4.241655e-02 2.132830e-02 9.208238e-04
      vertex 4.241655e-02 1.934721e-02 2.584035e-02
    endloop
  endfacet
  facet normal -1.653584e-01 9.836844e-01 7.086374e-02
    outer loop
      vertex 6.740542e-02 2.252948e-02 2.475018e-02
      vertex 8.473161e-02 2.713671e-02 1.225763e-03
      vertex 6.740542e-02 2.433899e-02 -3.681729e-04
    endloop
  endfacet
  facet normal -1.451800e-01 9.842498e-01 -1.008719e-01
    outer loop
      vertex 6.740542e-02 2.252948e-02 2.475018e-02
      vertex 5.053657e-02 2.005320e-02 2.486653e-02
      vertex 2.000000e-02 1.999950e-02 6.829234e-02
    endloop
  endfacet
  facet normal -1.443921e-01 9.869629e-01 7.109992e-02
    outer loop
      vertex 6.740542e-02 2.252948e-02 2.475018e-02
      vertex 6.740542e-02 2.433899e-02 -3.681729e-04
      vertex 5.053657e-02 2.005320e-02 2.486653e-02
    endloop
  endfacet
  facet normal -1.876192e-01 9.710517e-01 -1.478434e-01
    outer loop
      vertex 8.473161e-02 2.606985e-02 2.601604e-02
      vertex 6.740542e-02 2.252948e-02 2.475018e-02
      vertex 2.000000e-02 1.999950e-02 6.829234e-02
    endloop
  endfacet
  facet normal -2.029734e-01 9.782788e-01 4.210088e-02
    outer loop
      vertex 8.473161e-02 2.606985e-02 2.601604e-02
      vertex 8.473161e-02 2.713671e-02 1.225763e-03
      vertex 6.740542e-02 2.252948e-02 2.475018e-02
    endloop
  endfacet
  facet normal -1.466306e-01 9.891913e-01 -6.096092e-06
    outer loop
      vertex 1.189739e-01 3.467043e-02 2.773683e-02
      vertex 2.000000e-02 1.999950e-02 6.829234e-02
      vertex 2.000000e-02 2.000000e-02 1.500000e-01
    endloop
  endfacet
  facet normal -2.279676e-01 9.501700e-01 -2.126213e-01
    outer loop
      vertex 1.189739e-01 3.467043e-02 2.773683e-02
      vertex 8.473161e-02 2.606985e-02 2.601604e-02
      vertex 2.000000e-02 1.999950e-02 6.829234e-02
    endloop
  endfacet
  facet normal -2.007175e-01 9.794633e-01 -1.908517e-02
    outer loop
      vertex 1.189739e-01 3.467043e-02 2.773683e-02
      vertex 1.189739e-01 3.419712e-02 3.445935e-03
      vertex 8.473161e-02 2.713671e-02 1.225763e-03
    endloop
  endfacet
  facet normal -2.453600e-01 9.685356e-01 4.168157e-02
    outer loop
      vertex 1.189739e-01 3.467043e-02 2.773683e-02
      vertex 8.473161e-02 2.713671e-02 1.225763e-03
      vertex 8.473161e-02 2.606985e-02 2.601604e-02
    endloop
  endfacet
  facet normal -2.555186e-01 9.666207e-01 -1.883493e-02
    outer loop
      vertex 2.765385e-01 7.519020e-02 -3.031546e-02
      vertex 1.189739e-01 3.419712e-02 3.445935e-03
      vertex 1.189739e-01 3.467043e-02 2.773683e-02
    endloop
  endfacet
  facet normal -2.739468e-01 9.557650e-01 -1.070813e-01
    outer loop
      vertex 2.765385e-01 7.667814e-02 -4.173696e-04
      vertex 1.189739e-01 3.467043e-02 2.773683e-02
      vertex 2.000000e-02 2.000000e-02 1.500000e-01
    endloop
  endfacet
  facet normal -2.652985e-01 9.629745e-01 -4.792434e-02
    outer loop
      vertex 2.765385e-01 7.667814e-02 -4.173696e-04
      vertex 2.765385e-01 7.519020e-02 -3.031546e-02
      vertex 1.189739e-01 3.467043e-02 2.773683e-02
    endloop
  endfacet
  facet normal -2.019235e-01 9.789769e-01 2.882854e-02
    outer loop
      vertex 5.330769e-01 1.311510e-01 -3.079217e-02
      vertex 2.000000e-02 2.000000e-02 1.500000e-01
      vertex 8.630433e-01 1.938859e-01 1.500000e-01
    endloop
  endfacet
  facet normal -2.056366e-01 9.784633e-01 1.797527e-02
    outer loop
      vertex 5.330769e-01 1.311510e-01 -3.079217e-02
      vertex 2.765385e-01 7.667814e-02 -4.173696e-04
      vertex 2.000000e-02 2.000000e-02 1.500000e-01
    endloop
  endfacet
  facet normal -1.055289e-01 2.801836e-01 -9.541283e-01
    outer loop
      vertex 7.896154e-01 8.251534e-02 -1.392021e-01
      vertex 5.330769e-01 3.545257e-02 -1.246485e-01
      vertex 5.330769e-01 6.978934e-02 -1.145653e-01
    endloop
  endfacet
  facet normal -7.803520e-02 1.192886e-01 -9.897882e-01
    outer loop
      vertex 7.896154e-01 8.251534e-02 -1.392021e-01
      vertex 7.896154e-01 4.129396e-02 -1.441700e-01
      vertex 5.330769e-01 3.545257e-02 -1.246485e-01
    endloop
  endfacet
  facet normal -1.376107e-01 5.649299e-01 -8.135831e-01
    outer loop
      vertex 7.896154e-01 1.206944e-01 -1.226096e-01
      vertex 5.330769e-01 6.978934e-02 -1.145653e-01
      vertex 5.330769e-01 9.916624e-02 -9.416682e-02
    endloop
  endfacet
  facet normal -1.072275e-01 3.962846e-01 -9.118447e-01
    outer loop
      vertex 7.896154e-01 1.206944e-01 -1.226096e-01
      vertex 7.896154e-01 8.251534e-02 -1.392021e-01
      vertex 5.330769e-01 6.978934e-02 -1.145653e-01
    endloop
  endfacet
  facet normal -1.673749e-01 8.036468e-01 -5.710845e-01
    outer loop
      vertex 7.896154e-01 1.519735e-01 -9.504178e-02
      vertex 5.330769e-01 9.916624e-02 -9.416682e-02
      vertex 5.330769e-01 1.199444e-01 -6.492712e-02
    endloop
  endfacet
  facet normal -1.534006e-01 9.388625e-01 -3.082296e-01
    outer loop
      vertex 7.896154e-01 1.519735e-01 -9.504178e-02
      vertex 5.330769e-01 1.199444e-01 -6.492712e-02
      vertex 5.330769e-01 1.311510e-01 -3.079217e-02
    endloop
  endfacet
  facet normal -1.373491e-01 6.549311e-01 -7.431019e-01
    outer loop
      vertex 7.896154e-01 1.519735e-01 -9.504178e-02
      vertex 7.896154e-01 1.206944e-01 -1.226096e-01
      vertex 5.330769e-01 9.916624e-02 -9.416682e-02
    endloop
  endfacet
  facet normal -1.923960e-01 8.483314e-01 -4.932723e-01
    outer loop
      vertex 7.896154e-01 1.729413e-01 -5.898127e-02
      vertex 7.896154e-01 1.519735e-01 -9.504178e-02
      vertex 5.330769e-01 1.311510e-01 -3.079217e-02
    endloop
  endfacet
  facet normal -1.650119e-01 9.854480e-01 -4.078471e-02
    outer loop
      vertex 7.896154e-01 1.729413e-01 -5.898127e-02
      vertex 5.330769e-01 1.311510e-01 -3.079217e-02
      vertex 8.630433e-01 1.938859e-01 1.500000e-01
    endloop
  endfacet
  facet normal -4.731875e-02 -1.260055e-01 -9.909004e-01
    outer loop
      vertex 1.046154e+00 4.456580e-02 -1.568366e-01
      vertex 1.493682e+00 0.000000e+00 -1.725405e-01
      vertex 7.896154e-01 4.129396e-02 -1.441700e-01
    endloop
  endfacet
  facet normal -6.927918e-02 3.976250e-01 -9.149288e-01
    outer loop
      vertex 1.046154e+00 8.948486e-02 -1.555984e-01
      vertex 7.896154e-01 8.251534e-02 -1.392021e-01
      vertex 7.896154e-01 1.206944e-01 -1.226096e-01
    endloop
  endfacet
  facet normal -4.964648e-02 2.752080e-02 -9.983876e-01
    outer loop
      vertex 1.046154e+00 8.948486e-02 -1.555984e-01
      vertex 1.046154e+00 4.456580e-02 -1.568366e-01
      vertex 7.896154e-01 4.129396e-02 -1.441700e-01
    endloop
  endfacet
  facet normal -6.655752e-02 1.193881e-01 -9.906142e-01
    outer loop
      vertex 1.046154e+00 8.948486e-02 -1.555984e-01
      vertex 7.896154e-01 4.129396e-02 -1.441700e-01
      vertex 7.896154e-01 8.251534e-02 -1.392021e-01
    endloop
  endfacet
  facet normal -7.965013e-02 3.369279e-01 -9.381553e-01
    outer loop
      vertex 1.046154e+00 1.317740e-01 -1.404108e-01
      vertex 1.046154e+00 8.948486e-02 -1.555984e-01
      vertex 7.896154e-01 1.206944e-01 -1.226096e-01
    endloop
  endfacet
  facet normal -8.101149e-02 6.128353e-01 -7.860471e-01
    outer loop
      vertex 1.046154e+00 1.672493e-01 -1.127528e-01
      vertex 1.046154e+00 1.317740e-01 -1.404108e-01
      vertex 7.896154e-01 1.206944e-01 -1.226096e-01
    endloop
  endfacet
  facet normal -9.078832e-02 6.584669e-01 -7.471137e-01
    outer loop
      vertex 1.046154e+00 1.672493e-01 -1.127528e-01
      vertex 7.896154e-01 1.206944e-01 -1.226096e-01
      vertex 7.896154e-01 1.519735e-01 -9.504178e-02
    endloop
  endfacet
  facet normal -8.714981e-02 8.366968e-01 -5.406879e-01
    outer loop
      vertex 1.046154e+00 1.916768e-01 -7.495202e-02
      vertex 1.046154e+00 1.672493e-01 -1.127528e-01
      vertex 7.896154e-01 1.519735e-01 -9.504178e-02
    endloop
  endfacet
  facet normal -9.400957e-02 8.606537e-01 -5.004372e-01
    outer loop
      vertex 1.046154e+00 1.916768e-01 -7.495202e-02
      vertex 7.896154e-01 1.519735e-01 -9.504178e-02
      vertex 7.896154e-01 1.729413e-01 -5.898127e-02
    endloop
  endfacet
  facet normal -7.713790e-02 9.943769e-01 -7.255515e-02
    outer loop
      vertex 1.046154e+00 1.916768e-01 -7.495202e-02
      vertex 7.896154e-01 1.729413e-01 -5.898127e-02
      vertex 8.630433e-01 1.938859e-01 1.500000e-01
    endloop
  endfacet
  facet normal -3.902257e-02 -4.004030e-02 -9.984358e-01
    outer loop
      vertex 1.302692e+00 4.622855e-02 -1.669298e-01
      vertex 1.493682e+00 0.000000e+00 -1.725405e-01
      vertex 1.046154e+00 4.456580e-02 -1.568366e-01
    endloop
  endfacet
  facet normal -4.554466e-02 2.752619e-02 -9.985830e-01
    outer loop
      vertex 1.302692e+00 9.296915e-02 -1.672029e-01
      vertex 1.046154e+00 4.456580e-02 -1.568366e-01
      vertex 1.046154e+00 8.948486e-02 -1.555984e-01
    endloop
  endfacet
  facet normal -3.077619e-02 -5.840710e-03 -9.995092e-01
    outer loop
      vertex 1.302692e+00 9.296915e-02 -1.672029e-01
      vertex 1.493682e+00 0.000000e+00 -1.725405e-01
      vertex 1.302692e+00 4.622855e-02 -1.669298e-01
    endloop
  endfacet
  facet normal -3.927476e-02 -5.838970e-03 -9.992114e-01
    outer loop
      vertex 1.302692e+00 9.296915e-02 -1.672029e-01
      vertex 1.302692e+00 4.622855e-02 -1.669298e-01
      vertex 1.046154e+00 4.456580e-02 -1.568366e-01
    endloop
  endfacet
  facet normal -5.049402e-02 3.375706e-01 -9.399449e-01
    outer loop
      vertex 1.302692e+00 1.370710e-01 -1.522897e-01
      vertex 1.046154e+00 8.948486e-02 -1.555984e-01
      vertex 1.046154e+00 1.317740e-01 -1.404108e-01
    endloop
  endfacet
  facet normal 1.283856e-01 3.176839e-01 -9.394648e-01
    outer loop
      vertex 1.302692e+00 1.370710e-01 -1.522897e-01
      vertex 1.493682e+00 0.000000e+00 -1.725405e-01
      vertex 1.302692e+00 9.296915e-02 -1.672029e-01
    endloop
  endfacet
  facet normal -4.714949e-02 3.199786e-01 -9.462508e-01
    outer loop
      vertex 1.302692e+00 1.370710e-01 -1.522897e-01
      vertex 1.302692e+00 9.296915e-02 -1.672029e-01
      vertex 1.046154e+00 8.948486e-02 -1.555984e-01
    endloop
  endfacet
  facet normal -4.793898e-02 6.141493e-01 -7.877325e-01
    outer loop
      vertex 1.302692e+00 1.736441e-01 -1.233793e-01
      vertex 1.046154e+00 1.317740e-01 -1.404108e-01
      vertex 1.046154e+00 1.672493e-01 -1.127528e-01
    endloop
  endfacet
  facet normal -4.907119e-02 6.193857e-01 -7.835518e-01
    outer loop
      vertex 1.302692e+00 1.736441e-01 -1.233793e-01
      vertex 1.302692e+00 1.370710e-01 -1.522897e-01
      vertex 1.046154e+00 1.317740e-01 -1.404108e-01
    endloop
  endfacet
  facet normal -3.879942e-02 8.392600e-01 -5.423442e-01
    outer loop
      vertex 1.302692e+00 1.979788e-01 -8.355260e-02
      vertex 1.046154e+00 1.672493e-01 -1.127528e-01
      vertex 1.046154e+00 1.916768e-01 -7.495202e-02
    endloop
  endfacet
  facet normal -2.557305e-02 9.992036e-01 -3.062886e-02
    outer loop
      vertex 1.302692e+00 1.979788e-01 -8.355260e-02
      vertex 1.046154e+00 1.916768e-01 -7.495202e-02
      vertex 8.630433e-01 1.938859e-01 1.500000e-01
    endloop
  endfacet
  facet normal -3.136889e-02 9.986439e-01 -4.154901e-02
    outer loop
      vertex 1.302692e+00 1.979788e-01 -8.355260e-02
      vertex 8.630433e-01 1.938859e-01 1.500000e-01
      vertex 1.680342e+00 2.195584e-01 1.500000e-01
    endloop
  endfacet
  facet normal -4.282895e-02 8.525348e-01 -5.209128e-01
    outer loop
      vertex 1.302692e+00 1.979788e-01 -8.355260e-02
      vertex 1.302692e+00 1.736441e-01 -1.233793e-01
      vertex 1.046154e+00 1.672493e-01 -1.127528e-01
    endloop
  endfacet
  facet normal -3.473395e-02 9.853383e-02 -9.945273e-01
    outer loop
      vertex 1.559231e+00 1.409581e-01 -1.608642e-01
      vertex 1.493682e+00 0.000000e+00 -1.725405e-01
      vertex 1.302692e+00 1.370710e-01 -1.522897e-01
    endloop
  endfacet
  facet normal -4.107461e-01 2.633126e-01 -8.728998e-01
    outer loop
      vertex 1.559231e+00 1.409581e-01 -1.608642e-01
      vertex 1.559231e+00 9.542818e-02 -1.745984e-01
      vertex 1.493682e+00 0.000000e+00 -1.725405e-01
    endloop
  endfacet
  facet normal -3.510644e-02 6.197505e-01 -7.840133e-01
    outer loop
      vertex 1.559231e+00 1.783696e-01 -1.311311e-01
      vertex 1.302692e+00 1.370710e-01 -1.522897e-01
      vertex 1.302692e+00 1.736441e-01 -1.233793e-01
    endloop
  endfacet
  facet normal -3.557138e-02 6.217969e-01 -7.823703e-01
    outer loop
      vertex 1.559231e+00 1.783696e-01 -1.311311e-01
      vertex 1.559231e+00 1.409581e-01 -1.608642e-01
      vertex 1.302692e+00 1.370710e-01 -1.522897e-01
    endloop
  endfacet
  facet normal -1.912533e-02 9.979373e-01 -6.128130e-02
    outer loop
      vertex 1.559231e+00 2.025118e-01 -8.979852e-02
      vertex 1.302692e+00 1.979788e-01 -8.355260e-02
      vertex 1.680342e+00 2.195584e-01 1.500000e-01
    endloop
  endfacet
  facet normal -2.776149e-02 8.529889e-01 -5.211903e-01
    outer loop
      vertex 1.559231e+00 2.025118e-01 -8.979852e-02
      vertex 1.302692e+00 1.736441e-01 -1.233793e-01
      vertex 1.302692e+00 1.979788e-01 -8.355260e-02
    endloop
  endfacet
  facet normal -3.113095e-02 8.630733e-01 -5.041185e-01
    outer loop
      vertex 1.559231e+00 2.025118e-01 -8.979852e-02
      vertex 1.559231e+00 1.783696e-01 -1.311311e-01
      vertex 1.302692e+00 1.736441e-01 -1.233793e-01
    endloop
  endfacet
  facet normal -3.781243e-03 -1.896414e-02 -9.998130e-01
    outer loop
      vertex 1.815769e+00 4.819650e-02 -1.746728e-01
      vertex 1.493682e+00 0.000000e+00 -1.725405e-01
      vertex 1.559231e+00 9.542818e-02 -1.745984e-01
    endloop
  endfacet
  facet normal -2.734692e-03 -1.327965e-02 -9.999081e-01
    outer loop
      vertex 1.815769e+00 9.697202e-02 -1.753206e-01
      vertex 1.815769e+00 4.819650e-02 -1.746728e-01
      vertex 1.559231e+00 9.542818e-02 -1.745984e-01
    endloop
  endfacet
  facet normal -1.652441e-02 2.887598e-01 -9.572590e-01
    outer loop
      vertex 1.815769e+00 1.438233e-01 -1.644283e-01
      vertex 1.559231e+00 9.542818e-02 -1.745984e-01
      vertex 1.559231e+00 1.409581e-01 -1.608642e-01
    endloop
  endfacet
  facet normal -4.104462e-03 2.264440e-01 -9.740155e-01
    outer loop
      vertex 1.815769e+00 1.438233e-01 -1.644283e-01
      vertex 1.815769e+00 9.697202e-02 -1.753206e-01
      vertex 1.559231e+00 9.542818e-02 -1.745984e-01
    endloop
  endfacet
  facet normal -2.293232e-02 6.220270e-01 -7.826599e-01
    outer loop
      vertex 1.815769e+00 1.826301e-01 -1.352617e-01
      vertex 1.559231e+00 1.409581e-01 -1.608642e-01
      vertex 1.559231e+00 1.783696e-01 -1.311311e-01
    endloop
  endfacet
  facet normal -2.245584e-02 8.632740e-01 -5.042357e-01
    outer loop
      vertex 1.815769e+00 1.826301e-01 -1.352617e-01
      vertex 1.559231e+00 1.783696e-01 -1.311311e-01
      vertex 1.559231e+00 2.025118e-01 -8.979852e-02
    endloop
  endfacet
  facet normal -1.781349e-02 6.007161e-01 -7.992640e-01
    outer loop
      vertex 1.815769e+00 1.826301e-01 -1.352617e-01
      vertex 1.815769e+00 1.438233e-01 -1.644283e-01
      vertex 1.559231e+00 1.409581e-01 -1.608642e-01
    endloop
  endfacet
  facet normal -2.114499e-02 9.979586e-01 -6.026277e-02
    outer loop
      vertex 1.815769e+00 2.077172e-01 -9.361044e-02
      vertex 1.559231e+00 2.025118e-01 -8.979852e-02
      vertex 1.680342e+00 2.195584e-01 1.500000e-01
    endloop
  endfacet
  facet normal -2.504031e-02 8.563486e-01 -5.157907e-01
    outer loop
      vertex 1.815769e+00 2.077172e-01 -9.361044e-02
      vertex 1.815769e+00 1.826301e-01 -1.352617e-01
      vertex 1.559231e+00 2.025118e-01 -8.979852e-02
    endloop
  endfacet
  facet normal 1.092938e-02 -1.044971e-01 -9.944651e-01
    outer loop
      vertex 2.072308e+00 4.880267e-02 -1.713094e-01
      vertex 2.426997e+00 0.000000e+00 -1.622832e-01
      vertex 1.493682e+00 0.000000e+00 -1.725405e-01
    endloop
  endfacet
  facet normal 1.330715e-02 -1.327749e-01 -9.910569e-01
    outer loop
      vertex 2.072308e+00 4.880267e-02 -1.713094e-01
      vertex 1.493682e+00 0.000000e+00 -1.725405e-01
      vertex 1.815769e+00 4.819650e-02 -1.746728e-01
    endloop
  endfacet
  facet normal 1.313975e-02 -1.327855e-02 -9.998255e-01
    outer loop
      vertex 2.072308e+00 4.880267e-02 -1.713094e-01
      vertex 1.815769e+00 4.819650e-02 -1.746728e-01
      vertex 1.815769e+00 9.697202e-02 -1.753206e-01
    endloop
  endfacet
  facet normal 1.535772e-02 -1.470840e-03 -9.998810e-01
    outer loop
      vertex 2.072308e+00 9.811577e-02 -1.713819e-01
      vertex 2.072308e+00 4.880267e-02 -1.713094e-01
      vertex 1.815769e+00 9.697202e-02 -1.753206e-01
    endloop
  endfacet
  facet normal -3.685591e-03 2.264444e-01 -9.740171e-01
    outer loop
      vertex 2.072308e+00 1.463614e-01 -1.648090e-01
      vertex 1.815769e+00 9.697202e-02 -1.753206e-01
      vertex 1.815769e+00 1.438233e-01 -1.644283e-01
    endloop
  endfacet
  facet normal 1.460905e-02 1.349776e-01 -9.907409e-01
    outer loop
      vertex 2.072308e+00 1.463614e-01 -1.648090e-01
      vertex 2.072308e+00 9.811577e-02 -1.713819e-01
      vertex 1.815769e+00 9.697202e-02 -1.753206e-01
    endloop
  endfacet
  facet normal -1.702665e-02 6.007243e-01 -7.992749e-01
    outer loop
      vertex 2.072308e+00 1.871293e-01 -1.373451e-01
      vertex 1.815769e+00 1.438233e-01 -1.644283e-01
      vertex 1.815769e+00 1.826301e-01 -1.352617e-01
    endloop
  endfacet
  facet normal -1.921002e-02 8.564591e-01 -5.158573e-01
    outer loop
      vertex 2.072308e+00 1.871293e-01 -1.373451e-01
      vertex 1.815769e+00 1.826301e-01 -1.352617e-01
      vertex 1.815769e+00 2.077172e-01 -9.361044e-02
    endloop
  endfacet
  facet normal -6.758050e-03 5.586989e-01 -8.293430e-01
    outer loop
      vertex 2.072308e+00 1.871293e-01 -1.373451e-01
      vertex 2.072308e+00 1.463614e-01 -1.648090e-01
      vertex 1.815769e+00 1.438233e-01 -1.644283e-01
    endloop
  endfacet
  facet normal -2.008938e-02 9.983700e-01 -5.342131e-02
    outer loop
      vertex 2.072308e+00 2.142665e-01 -9.630036e-02
      vertex 1.680342e+00 2.195584e-01 1.500000e-01
      vertex 2.629910e+00 2.387524e-01 1.516186e-01
    endloop
  endfacet
  facet normal -2.613060e-02 9.976701e-01 -6.302035e-02
    outer loop
      vertex 2.072308e+00 2.142665e-01 -9.630036e-02
      vertex 1.815769e+00 2.077172e-01 -9.361044e-02
      vertex 1.680342e+00 2.195584e-01 1.500000e-01
    endloop
  endfacet
  facet normal -2.706858e-02 8.338582e-01 -5.513146e-01
    outer loop
      vertex 2.072308e+00 2.142665e-01 -9.630036e-02
      vertex 2.072308e+00 1.871293e-01 -1.373451e-01
      vertex 1.815769e+00 2.077172e-01 -9.361044e-02
    endloop
  endfacet
  facet normal 2.375047e-02 -1.227338e-02 -9.996426e-01
    outer loop
      vertex 2.328846e+00 4.898270e-02 -1.652165e-01
      vertex 2.426997e+00 0.000000e+00 -1.622832e-01
      vertex 2.072308e+00 4.880267e-02 -1.713094e-01
    endloop
  endfacet
  facet normal 2.530267e-02 -1.470542e-03 -9.996788e-01
    outer loop
      vertex 2.328846e+00 9.841728e-02 -1.648892e-01
      vertex 2.072308e+00 4.880267e-02 -1.713094e-01
      vertex 2.072308e+00 9.811577e-02 -1.713819e-01
    endloop
  endfacet
  facet normal 3.317180e-02 6.617720e-03 -9.994278e-01
    outer loop
      vertex 2.328846e+00 9.841728e-02 -1.648892e-01
      vertex 2.426997e+00 0.000000e+00 -1.622832e-01
      vertex 2.328846e+00 4.898270e-02 -1.652165e-01
    endloop
  endfacet
  facet normal 2.373849e-02 6.619498e-03 -9.996963e-01
    outer loop
      vertex 2.328846e+00 9.841728e-02 -1.648892e-01
      vertex 2.328846e+00 4.898270e-02 -1.652165e-01
      vertex 2.072308e+00 4.880267e-02 -1.713094e-01
    endloop
  endfacet
  facet normal 1.084102e-02 1.349841e-01 -9.907885e-01
    outer loop
      vertex 2.328846e+00 1.474568e-01 -1.618528e-01
      vertex 2.072308e+00 9.811577e-02 -1.713819e-01
      vertex 2.072308e+00 1.463614e-01 -1.648090e-01
    endloop
  endfacet
  facet normal 2.518007e-02 6.177991e-02 -9.977721e-01
    outer loop
      vertex 2.328846e+00 1.474568e-01 -1.618528e-01
      vertex 2.328846e+00 9.841728e-02 -1.648892e-01
      vertex 2.072308e+00 9.811577e-02 -1.713819e-01
    endloop
  endfacet
  facet normal 8.812389e-02 6.155907e-02 -9.942055e-01
    outer loop
      vertex 2.328846e+00 1.474568e-01 -1.618528e-01
      vertex 2.426997e+00 0.000000e+00 -1.622832e-01
      vertex 2.328846e+00 9.841728e-02 -1.648892e-01
    endloop
  endfacet
  facet normal -2.678831e-03 5.587096e-01 -8.293590e-01
    outer loop
      vertex 2.328846e+00 1.897440e-01 -1.364123e-01
      vertex 2.072308e+00 1.463614e-01 -1.648090e-01
      vertex 2.072308e+00 1.871293e-01 -1.373451e-01
    endloop
  endfacet
  facet normal 7.672837e-03 5.154958e-01 -8.568578e-01
    outer loop
      vertex 2.328846e+00 1.897440e-01 -1.364123e-01
      vertex 2.328846e+00 1.474568e-01 -1.618528e-01
      vertex 2.072308e+00 1.463614e-01 -1.648090e-01
    endloop
  endfacet
  facet normal -1.857476e-02 9.982121e-01 -5.681230e-02
    outer loop
      vertex 2.328846e+00 2.190194e-01 -9.666411e-02
      vertex 2.072308e+00 2.142665e-01 -9.630036e-02
      vertex 2.629910e+00 2.387524e-01 1.516186e-01
    endloop
  endfacet
  facet normal -1.623469e-02 8.340539e-01 -5.514440e-01
    outer loop
      vertex 2.328846e+00 2.190194e-01 -9.666411e-02
      vertex 2.072308e+00 1.871293e-01 -1.373451e-01
      vertex 2.072308e+00 2.142665e-01 -9.630036e-02
    endloop
  endfacet
  facet normal -6.050077e-03 8.051636e-01 -5.930219e-01
    outer loop
      vertex 2.328846e+00 2.190194e-01 -9.666411e-02
      vertex 2.328846e+00 1.897440e-01 -1.364123e-01
      vertex 2.072308e+00 1.871293e-01 -1.373451e-01
    endloop
  endfacet
  facet normal 2.941763e-02 2.249785e-02 -9.993140e-01
    outer loop
      vertex 2.585385e+00 1.458327e-01 -1.543374e-01
      vertex 2.426997e+00 0.000000e+00 -1.622832e-01
      vertex 2.328846e+00 1.474568e-01 -1.618528e-01
    endloop
  endfacet
  facet normal 2.277807e-02 5.153772e-01 -8.566607e-01
    outer loop
      vertex 2.585385e+00 1.883417e-01 -1.304348e-01
      vertex 2.328846e+00 1.474568e-01 -1.618528e-01
      vertex 2.328846e+00 1.897440e-01 -1.364123e-01
    endloop
  endfacet
  facet normal 2.862654e-02 4.899253e-01 -8.712943e-01
    outer loop
      vertex 2.585385e+00 1.883417e-01 -1.304348e-01
      vertex 2.585385e+00 1.458327e-01 -1.543374e-01
      vertex 2.328846e+00 1.474568e-01 -1.618528e-01
    endloop
  endfacet
  facet normal 1.882316e-02 7.806386e-01 -6.246992e-01
    outer loop
      vertex 2.585385e+00 2.188035e-01 -9.236891e-02
      vertex 2.585385e+00 1.883417e-01 -1.304348e-01
      vertex 2.328846e+00 1.897440e-01 -1.364123e-01
    endloop
  endfacet
  facet normal 2.209951e-03 9.966389e-01 -8.189052e-02
    outer loop
      vertex 2.585385e+00 2.188035e-01 -9.236891e-02
      vertex 2.328846e+00 2.190194e-01 -9.666411e-02
      vertex 2.629910e+00 2.387524e-01 1.516186e-01
    endloop
  endfacet
  facet normal 1.060621e-02 8.051330e-01 -5.929994e-01
    outer loop
      vertex 2.585385e+00 2.188035e-01 -9.236891e-02
      vertex 2.328846e+00 1.897440e-01 -1.364123e-01
      vertex 2.328846e+00 2.190194e-01 -9.666411e-02
    endloop
  endfacet
  facet normal 6.936665e-02 -2.099643e-02 -9.973703e-01
    outer loop
      vertex 2.841923e+00 9.397217e-02 -1.354035e-01
      vertex 2.426997e+00 0.000000e+00 -1.622832e-01
      vertex 2.585385e+00 1.458327e-01 -1.543374e-01
    endloop
  endfacet
  facet normal 8.272340e-02 4.575031e-02 -9.955218e-01
    outer loop
      vertex 2.841923e+00 1.409338e-01 -1.332453e-01
      vertex 2.841923e+00 9.397217e-02 -1.354035e-01
      vertex 2.585385e+00 1.458327e-01 -1.543374e-01
    endloop
  endfacet
  facet normal 8.076024e-02 4.885252e-01 -8.688043e-01
    outer loop
      vertex 2.841923e+00 1.409338e-01 -1.332453e-01
      vertex 2.585385e+00 1.458327e-01 -1.543374e-01
      vertex 2.585385e+00 1.883417e-01 -1.304348e-01
    endloop
  endfacet
  facet normal 7.904353e-02 4.795407e-01 -8.739524e-01
    outer loop
      vertex 2.841923e+00 1.822990e-01 -1.105480e-01
      vertex 2.841923e+00 1.409338e-01 -1.332453e-01
      vertex 2.585385e+00 1.883417e-01 -1.304348e-01
    endloop
  endfacet
  facet normal 6.796263e-02 7.606519e-01 -6.455926e-01
    outer loop
      vertex 2.841923e+00 2.128085e-01 -7.460117e-02
      vertex 2.841923e+00 1.822990e-01 -1.105480e-01
      vertex 2.585385e+00 1.883417e-01 -1.304348e-01
    endloop
  endfacet
  facet normal 2.927993e-02 9.957987e-01 -8.676190e-02
    outer loop
      vertex 2.841923e+00 2.128085e-01 -7.460117e-02
      vertex 2.585385e+00 2.188035e-01 -9.236891e-02
      vertex 2.629910e+00 2.387524e-01 1.516186e-01
    endloop
  endfacet
  facet normal 6.140396e-02 7.793036e-01 -6.236308e-01
    outer loop
      vertex 2.841923e+00 2.128085e-01 -7.460117e-02
      vertex 2.585385e+00 1.883417e-01 -1.304348e-01
      vertex 2.585385e+00 2.188035e-01 -9.236891e-02
    endloop
  endfacet
  facet normal 9.486095e-02 -1.368037e-01 -9.860457e-01
    outer loop
      vertex 3.098461e+00 4.439570e-02 -1.038454e-01
      vertex 2.426997e+00 0.000000e+00 -1.622832e-01
      vertex 2.841923e+00 9.397217e-02 -1.354035e-01
    endloop
  endfacet
  facet normal 1.486082e-01 -6.520956e-03 -9.888747e-01
    outer loop
      vertex 3.098461e+00 4.439570e-02 -1.038454e-01
      vertex 3.355000e+00 9.391196e-02 -6.561929e-02
      vertex 3.355000e+00 0.000000e+00 -6.500000e-02
    endloop
  endfacet
  facet normal 1.007116e-01 -2.586441e-01 -9.607083e-01
    outer loop
      vertex 3.098461e+00 4.439570e-02 -1.038454e-01
      vertex 3.355000e+00 0.000000e+00 -6.500000e-02
      vertex 2.426997e+00 0.000000e+00 -1.622832e-01
    endloop
  endfacet
  facet normal 1.468963e-01 2.559565e-03 -9.891486e-01
    outer loop
      vertex 3.098461e+00 8.923193e-02 -1.037294e-01
      vertex 3.355000e+00 9.391196e-02 -6.561929e-02
      vertex 3.098461e+00 4.439570e-02 -1.038454e-01
    endloop
  endfacet
  facet normal 1.440056e-01 1.123751e-01 -9.831756e-01
    outer loop
      vertex 3.098461e+00 8.923193e-02 -1.037294e-01
      vertex 3.355000e+00 1.011940e-01 -6.478696e-02
      vertex 3.355000e+00 9.391196e-02 -6.561929e-02
    endloop
  endfacet
  facet normal 1.225832e-01 2.568120e-03 -9.924549e-01
    outer loop
      vertex 3.098461e+00 8.923193e-02 -1.037294e-01
      vertex 3.098461e+00 4.439570e-02 -1.038454e-01
      vertex 2.841923e+00 9.397217e-02 -1.354035e-01
    endloop
  endfacet
  facet normal 1.452887e-01 9.133309e-02 -9.851647e-01
    outer loop
      vertex 3.098461e+00 1.335091e-01 -9.962452e-02
      vertex 3.355000e+00 1.011940e-01 -6.478696e-02
      vertex 3.098461e+00 8.923193e-02 -1.037294e-01
    endloop
  endfacet
  facet normal 1.277626e-01 4.771036e-01 -8.695107e-01
    outer loop
      vertex 3.098461e+00 1.335091e-01 -9.962452e-02
      vertex 2.841923e+00 1.409338e-01 -1.332453e-01
      vertex 2.841923e+00 1.822990e-01 -1.105480e-01
    endloop
  endfacet
  facet normal 1.236887e-01 9.160373e-02 -9.880839e-01
    outer loop
      vertex 3.098461e+00 1.335091e-01 -9.962452e-02
      vertex 3.098461e+00 8.923193e-02 -1.037294e-01
      vertex 2.841923e+00 9.397217e-02 -1.354035e-01
    endloop
  endfacet
  facet normal 1.619650e-01 2.593640e-01 -9.521017e-01
    outer loop
      vertex 3.098461e+00 1.335091e-01 -9.962452e-02
      vertex 3.355000e+00 1.317317e-01 -5.646812e-02
      vertex 3.355000e+00 1.011940e-01 -6.478696e-02
    endloop
  endfacet
  facet normal 1.554435e-01 3.890842e-01 -9.079927e-01
    outer loop
      vertex 3.098461e+00 1.335091e-01 -9.962452e-02
      vertex 3.355000e+00 1.535518e-01 -4.711797e-02
      vertex 3.355000e+00 1.317317e-01 -5.646812e-02
    endloop
  endfacet
  facet normal 1.311046e-01 4.551140e-02 -9.903233e-01
    outer loop
      vertex 3.098461e+00 1.335091e-01 -9.962452e-02
      vertex 2.841923e+00 9.397217e-02 -1.354035e-01
      vertex 2.841923e+00 1.409338e-01 -1.332453e-01
    endloop
  endfacet
  facet normal 1.427904e-01 4.634323e-01 -8.745521e-01
    outer loop
      vertex 3.098461e+00 1.731286e-01 -7.862981e-02
      vertex 3.355000e+00 1.535518e-01 -4.711797e-02
      vertex 3.098461e+00 1.335091e-01 -9.962452e-02
    endloop
  endfacet
  facet normal 1.256709e-01 4.645181e-01 -8.766013e-01
    outer loop
      vertex 3.098461e+00 1.731286e-01 -7.862981e-02
      vertex 3.098461e+00 1.335091e-01 -9.962452e-02
      vertex 2.841923e+00 1.822990e-01 -1.105480e-01
    endloop
  endfacet
  facet normal 1.430989e-01 5.075149e-01 -8.496772e-01
    outer loop
      vertex 3.098461e+00 1.731286e-01 -7.862981e-02
      vertex 3.355000e+00 1.688371e-01 -3.798801e-02
      vertex 3.355000e+00 1.535518e-01 -4.711797e-02
    endloop
  endfacet
  facet normal 1.328820e-01 6.199408e-01 -7.733148e-01
    outer loop
      vertex 3.098461e+00 1.731286e-01 -7.862981e-02
      vertex 3.355000e+00 1.792553e-01 -2.963615e-02
      vertex 3.355000e+00 1.688371e-01 -3.798801e-02
    endloop
  endfacet
  facet normal 1.009805e-01 7.585175e-01 -6.437811e-01
    outer loop
      vertex 3.098461e+00 2.032813e-01 -4.558687e-02
      vertex 2.841923e+00 1.822990e-01 -1.105480e-01
      vertex 2.841923e+00 2.128085e-01 -7.460117e-02
    endloop
  endfacet
  facet normal 1.096071e-01 7.342236e-01 -6.700015e-01
    outer loop
      vertex 3.098461e+00 2.032813e-01 -4.558687e-02
      vertex 3.098461e+00 1.731286e-01 -7.862981e-02
      vertex 2.841923e+00 1.822990e-01 -1.105480e-01
    endloop
  endfacet
  facet normal 4.514211e-02 9.963852e-01 -7.196316e-02
    outer loop
      vertex 3.098461e+00 2.032813e-01 -4.558687e-02
      vertex 2.841923e+00 2.128085e-01 -7.460117e-02
      vertex 2.629910e+00 2.387524e-01 1.516186e-01
    endloop
  endfacet
  facet normal 1.104120e-01 7.341578e-01 -6.699414e-01
    outer loop
      vertex 3.098461e+00 2.032813e-01 -4.558687e-02
      vertex 3.355000e+00 1.792553e-01 -2.963615e-02
      vertex 3.098461e+00 1.731286e-01 -7.862981e-02
    endloop
  endfacet
  facet normal 6.229085e-02 9.975630e-01 -3.143039e-02
    outer loop
      vertex 3.098461e+00 2.032813e-01 -4.558687e-02
      vertex 2.629910e+00 2.387524e-01 1.516186e-01
      vertex 3.355000e+00 1.950000e-01 2.000000e-01
    endloop
  endfacet
  facet normal 1.102256e-01 7.269822e-01 -6.777516e-01
    outer loop
      vertex 3.098461e+00 2.032813e-01 -4.558687e-02
      vertex 3.355000e+00 1.860838e-01 -2.231163e-02
      vertex 3.355000e+00 1.792553e-01 -2.963615e-02
    endloop
  endfacet
  facet normal 1.062496e-01 8.160696e-01 -5.681033e-01
    outer loop
      vertex 3.098461e+00 2.032813e-01 -4.558687e-02
      vertex 3.355000e+00 1.899465e-01 -1.676296e-02
      vertex 3.355000e+00 1.860838e-01 -2.231163e-02
    endloop
  endfacet
  facet normal 9.684767e-02 8.869264e-01 -4.516438e-01
    outer loop
      vertex 3.098461e+00 2.032813e-01 -4.558687e-02
      vertex 3.355000e+00 1.925030e-01 -1.174256e-02
      vertex 3.355000e+00 1.899465e-01 -1.676296e-02
    endloop
  endfacet
  facet normal 8.226751e-02 9.426905e-01 -3.233676e-01
    outer loop
      vertex 3.098461e+00 2.032813e-01 -4.558687e-02
      vertex 3.355000e+00 1.940264e-01 -7.301437e-03
      vertex 3.355000e+00 1.925030e-01 -1.174256e-02
    endloop
  endfacet
  facet normal 6.497736e-02 9.778400e-01 -1.990150e-01
    outer loop
      vertex 3.098461e+00 2.032813e-01 -4.558687e-02
      vertex 3.355000e+00 1.947289e-01 -3.849553e-03
      vertex 3.355000e+00 1.940264e-01 -7.301437e-03
    endloop
  endfacet
  facet normal 3.375050e-02 9.994268e-01 -2.655618e-03
    outer loop
      vertex 3.098461e+00 2.032813e-01 -4.558687e-02
      vertex 3.355000e+00 1.949997e-01 9.806940e-02
      vertex 3.355000e+00 1.947289e-01 -3.849553e-03
    endloop
  endfacet
  facet normal 3.226653e-02 9.994793e-01 -2.543538e-06
    outer loop
      vertex 3.098461e+00 2.032813e-01 -4.558687e-02
      vertex 3.355000e+00 1.950000e-01 2.000000e-01
      vertex 3.355000e+00 1.949997e-01 9.806940e-02
    endloop
  endfacet
  facet normal -5.362254e-01 2.683634e-01 -8.002771e-01
    outer loop
      vertex 3.458235e-02 9.025056e-03 -7.565595e-02
      vertex 3.458235e-02 8.978120e-03 -7.567169e-02
      vertex 3.079029e-02 8.586751e-03 -7.326206e-02
    endloop
  endfacet
  facet normal -5.361708e-01 2.691698e-01 -8.000428e-01
    outer loop
      vertex 3.458235e-02 9.073493e-03 -7.563966e-02
      vertex 3.458235e-02 9.025056e-03 -7.565595e-02
      vertex 3.079029e-02 8.586751e-03 -7.326206e-02
    endloop
  endfacet
  facet normal -5.361234e-01 2.699816e-01 -7.998010e-01
    outer loop
      vertex 3.458235e-02 9.124098e-03 -7.562257e-02
      vertex 3.458235e-02 9.073493e-03 -7.563966e-02
      vertex 3.079029e-02 8.586751e-03 -7.326206e-02
    endloop
  endfacet
  facet normal -5.360707e-01 2.710650e-01 -7.994698e-01
    outer loop
      vertex 3.458235e-02 9.205757e-03 -7.559489e-02
      vertex 3.458235e-02 9.124098e-03 -7.562257e-02
      vertex 3.079029e-02 8.586751e-03 -7.326206e-02
    endloop
  endfacet
  facet normal -5.360297e-01 2.723292e-01 -7.990676e-01
    outer loop
      vertex 3.458235e-02 9.296421e-03 -7.556399e-02
      vertex 3.458235e-02 9.205757e-03 -7.559489e-02
      vertex 3.079029e-02 8.586751e-03 -7.326206e-02
    endloop
  endfacet
  facet normal -5.359775e-01 2.757920e-01 -7.979141e-01
    outer loop
      vertex 3.458235e-02 9.746581e-03 -7.540839e-02
      vertex 3.458235e-02 9.296421e-03 -7.556399e-02
      vertex 3.079029e-02 8.586751e-03 -7.326206e-02
    endloop
  endfacet
  facet normal -5.362577e-01 2.793478e-01 -7.964876e-01
    outer loop
      vertex 3.458235e-02 9.911949e-03 -7.535040e-02
      vertex 3.458235e-02 9.746581e-03 -7.540839e-02
      vertex 3.079029e-02 8.586751e-03 -7.326206e-02
    endloop
  endfacet
  facet normal -5.365071e-01 2.815479e-01 -7.955444e-01
    outer loop
      vertex 3.458235e-02 1.009685e-02 -7.528496e-02
      vertex 3.458235e-02 9.911949e-03 -7.535040e-02
      vertex 3.079029e-02 8.586751e-03 -7.326206e-02
    endloop
  endfacet
  facet normal -5.339076e-01 3.546940e-01 -7.675512e-01
    outer loop
      vertex 3.079029e-02 1.106657e-02 -7.171244e-02
      vertex 3.458235e-02 1.747085e-02 -7.139070e-02
      vertex 4.241655e-02 2.047704e-02 -7.545097e-02
    endloop
  endfacet
  facet normal -5.652964e-01 4.152449e-01 -7.127494e-01
    outer loop
      vertex 3.079029e-02 1.106657e-02 -7.171244e-02
      vertex 4.241655e-02 2.047704e-02 -7.545097e-02
      vertex 3.458235e-02 1.009685e-02 -7.528496e-02
    endloop
  endfacet
  facet normal -5.528283e-01 4.415916e-01 -7.066666e-01
    outer loop
      vertex 3.079029e-02 1.106657e-02 -7.171244e-02
      vertex 3.458235e-02 1.009685e-02 -7.528496e-02
      vertex 3.079029e-02 8.586751e-03 -7.326206e-02
    endloop
  endfacet
  facet normal -8.036684e-01 4.926327e-01 -3.338114e-01
    outer loop
      vertex 3.079029e-02 1.106657e-02 -7.171244e-02
      vertex 2.000000e-02 3.446013e-03 -5.698054e-02
      vertex 3.458235e-02 1.747085e-02 -7.139070e-02
    endloop
  endfacet
  facet normal -3.616226e-01 2.964213e-01 -8.839477e-01
    outer loop
      vertex 4.241655e-02 1.045340e-02 -7.838194e-02
      vertex 3.458235e-02 8.978120e-03 -7.567169e-02
      vertex 3.458235e-02 9.025056e-03 -7.565595e-02
    endloop
  endfacet
  facet normal -3.616725e-01 2.972936e-01 -8.836343e-01
    outer loop
      vertex 4.241655e-02 1.045340e-02 -7.838194e-02
      vertex 3.458235e-02 9.025056e-03 -7.565595e-02
      vertex 3.458235e-02 9.073493e-03 -7.563966e-02
    endloop
  endfacet
  facet normal -3.617173e-01 2.981741e-01 -8.833192e-01
    outer loop
      vertex 4.241655e-02 1.045340e-02 -7.838194e-02
      vertex 3.458235e-02 9.073493e-03 -7.563966e-02
      vertex 3.458235e-02 9.124098e-03 -7.562257e-02
    endloop
  endfacet
  facet normal -3.617694e-01 2.993522e-01 -8.828993e-01
    outer loop
      vertex 4.241655e-02 1.045340e-02 -7.838194e-02
      vertex 3.458235e-02 9.124098e-03 -7.562257e-02
      vertex 3.458235e-02 9.205757e-03 -7.559489e-02
    endloop
  endfacet
  facet normal -3.651231e-01 2.612772e-01 -8.935431e-01
    outer loop
      vertex 4.241655e-02 1.045340e-02 -7.838194e-02
      vertex 3.458235e-02 1.009685e-02 -7.528496e-02
      vertex 4.241655e-02 2.047704e-02 -7.545097e-02
    endloop
  endfacet
  facet normal -3.618155e-01 3.007333e-01 -8.824109e-01
    outer loop
      vertex 4.241655e-02 1.045340e-02 -7.838194e-02
      vertex 3.458235e-02 9.205757e-03 -7.559489e-02
      vertex 3.458235e-02 9.296421e-03 -7.556399e-02
    endloop
  endfacet
  facet normal -3.618958e-01 3.045352e-01 -8.810731e-01
    outer loop
      vertex 4.241655e-02 1.045340e-02 -7.838194e-02
      vertex 3.458235e-02 9.296421e-03 -7.556399e-02
      vertex 3.458235e-02 9.746581e-03 -7.540839e-02
    endloop
  endfacet
  facet normal -3.617503e-01 3.085453e-01 -8.797366e-01
    outer loop
      vertex 4.241655e-02 1.045340e-02 -7.838194e-02
      vertex 3.458235e-02 9.746581e-03 -7.540839e-02
      vertex 3.458235e-02 9.911949e-03 -7.535040e-02
    endloop
  endfacet
  facet normal -3.616049e-01 3.110526e-01 -8.789131e-01
    outer loop
      vertex 4.241655e-02 1.045340e-02 -7.838194e-02
      vertex 3.458235e-02 9.911949e-03 -7.535040e-02
      vertex 3.458235e-02 1.009685e-02 -7.528496e-02
    endloop
  endfacet
  facet normal -1.892147e-01 2.755840e-01 -9.424708e-01
    outer loop
      vertex 5.053657e-02 1.102427e-02 -7.984523e-02
      vertex 4.241655e-02 1.045340e-02 -7.838194e-02
      vertex 4.241655e-02 2.047704e-02 -7.545097e-02
    endloop
  endfacet
  facet normal -2.460881e-01 2.266812e-01 -9.423674e-01
    outer loop
      vertex 5.053657e-02 1.102427e-02 -7.984523e-02
      vertex 4.241655e-02 2.047704e-02 -7.545097e-02
      vertex 5.053657e-02 2.150224e-02 -7.732481e-02
    endloop
  endfacet
  facet normal -5.402847e-01 5.615451e-01 -6.267052e-01
    outer loop
      vertex 3.846015e-02 2.684951e-02 -6.633024e-02
      vertex 4.241655e-02 2.047704e-02 -7.545097e-02
      vertex 3.458235e-02 1.747085e-02 -7.139070e-02
    endloop
  endfacet
  facet normal -8.017509e-01 5.042080e-01 -3.208889e-01
    outer loop
      vertex 3.846015e-02 2.684951e-02 -6.633024e-02
      vertex 2.000000e-02 3.446013e-03 -5.698054e-02
      vertex 3.458235e-02 2.940818e-02 -5.262102e-02
    endloop
  endfacet
  facet normal -8.017953e-01 5.044213e-01 -3.204425e-01
    outer loop
      vertex 3.846015e-02 2.684951e-02 -6.633024e-02
      vertex 3.458235e-02 1.747085e-02 -7.139070e-02
      vertex 2.000000e-02 3.446013e-03 -5.698054e-02
    endloop
  endfacet
  facet normal -5.698005e-01 7.636083e-01 -3.036934e-01
    outer loop
      vertex 3.846015e-02 2.684951e-02 -6.633024e-02
      vertex 3.458235e-02 2.940818e-02 -5.262102e-02
      vertex 4.241655e-02 3.340931e-02 -5.725938e-02
    endloop
  endfacet
  facet normal -5.377369e-01 5.636101e-01 -6.270428e-01
    outer loop
      vertex 4.241655e-02 2.840809e-02 -6.832224e-02
      vertex 4.241655e-02 2.047704e-02 -7.545097e-02
      vertex 3.846015e-02 2.684951e-02 -6.633024e-02
    endloop
  endfacet
  facet normal -4.928157e-01 7.928775e-01 -3.584382e-01
    outer loop
      vertex 4.241655e-02 2.840809e-02 -6.832224e-02
      vertex 3.846015e-02 2.684951e-02 -6.633024e-02
      vertex 4.241655e-02 3.340931e-02 -5.725938e-02
    endloop
  endfacet
  facet normal -3.303129e-01 8.600684e-01 -3.888133e-01
    outer loop
      vertex 4.644441e-02 2.935420e-02 -6.965125e-02
      vertex 4.241655e-02 2.840809e-02 -6.832224e-02
      vertex 4.241655e-02 3.340931e-02 -5.725938e-02
    endloop
  endfacet
  facet normal -3.733226e-01 6.201567e-01 -6.899535e-01
    outer loop
      vertex 4.644441e-02 2.935420e-02 -6.965125e-02
      vertex 4.241655e-02 2.047704e-02 -7.545097e-02
      vertex 4.241655e-02 2.840809e-02 -6.832224e-02
    endloop
  endfacet
  facet normal -2.570155e-01 8.906813e-01 -3.750065e-01
    outer loop
      vertex 4.644441e-02 2.935420e-02 -6.965125e-02
      vertex 4.241655e-02 3.340931e-02 -5.725938e-02
      vertex 5.053657e-02 3.489952e-02 -5.928513e-02
    endloop
  endfacet
  facet normal -2.506874e-01 6.066326e-01 -7.544221e-01
    outer loop
      vertex 4.644441e-02 2.935420e-02 -6.965125e-02
      vertex 5.053657e-02 2.150224e-02 -7.732481e-02
      vertex 4.241655e-02 2.047704e-02 -7.545097e-02
    endloop
  endfacet
  facet normal -1.938076e-01 6.321590e-01 -7.502091e-01
    outer loop
      vertex 5.053657e-02 2.974539e-02 -7.037878e-02
      vertex 5.053657e-02 2.150224e-02 -7.732481e-02
      vertex 4.644441e-02 2.935420e-02 -6.965125e-02
    endloop
  endfacet
  facet normal -1.595341e-01 8.952842e-01 -4.159508e-01
    outer loop
      vertex 5.053657e-02 2.974539e-02 -7.037878e-02
      vertex 4.644441e-02 2.935420e-02 -6.965125e-02
      vertex 5.053657e-02 3.489952e-02 -5.928513e-02
    endloop
  endfacet
  facet normal 1.400450e-01 5.866813e-01 -7.976168e-01
    outer loop
      vertex 5.888525e-02 2.909327e-02 -7.027543e-02
      vertex 6.740542e-02 1.909470e-02 -7.613384e-02
      vertex 5.053657e-02 2.150224e-02 -7.732481e-02
    endloop
  endfacet
  facet normal 1.827871e-01 9.198406e-01 -3.471053e-01
    outer loop
      vertex 5.888525e-02 2.909327e-02 -7.027543e-02
      vertex 5.053657e-02 3.489952e-02 -5.928513e-02
      vertex 6.740542e-02 3.224320e-02 -5.744125e-02
    endloop
  endfacet
  facet normal 5.969190e-02 6.432276e-01 -7.633447e-01
    outer loop
      vertex 5.888525e-02 2.909327e-02 -7.027543e-02
      vertex 5.053657e-02 2.150224e-02 -7.732481e-02
      vertex 5.053657e-02 2.974539e-02 -7.037878e-02
    endloop
  endfacet
  facet normal 7.583473e-02 9.042879e-01 -4.201340e-01
    outer loop
      vertex 5.888525e-02 2.909327e-02 -7.027543e-02
      vertex 5.053657e-02 2.974539e-02 -7.037878e-02
      vertex 5.053657e-02 3.489952e-02 -5.928513e-02
    endloop
  endfacet
  facet normal 5.161365e-01 7.350596e-01 -4.396481e-01
    outer loop
      vertex 6.740542e-02 2.691228e-02 -6.850424e-02
      vertex 8.473161e-02 2.523127e-02 -5.097423e-02
      vertex 8.473161e-02 1.321827e-02 -7.105909e-02
    endloop
  endfacet
  facet normal 4.077068e-01 6.377636e-01 -6.534774e-01
    outer loop
      vertex 6.740542e-02 2.691228e-02 -6.850424e-02
      vertex 8.473161e-02 1.321827e-02 -7.105909e-02
      vertex 6.740542e-02 1.909470e-02 -7.613384e-02
    endloop
  endfacet
  facet normal 4.659498e-01 7.970954e-01 -3.840960e-01
    outer loop
      vertex 6.740542e-02 2.691228e-02 -6.850424e-02
      vertex 6.740542e-02 3.224320e-02 -5.744125e-02
      vertex 8.473161e-02 2.523127e-02 -5.097423e-02
    endloop
  endfacet
  facet normal 3.055049e-01 8.577951e-01 -4.133453e-01
    outer loop
      vertex 6.740542e-02 2.691228e-02 -6.850424e-02
      vertex 5.888525e-02 2.909327e-02 -7.027543e-02
      vertex 6.740542e-02 3.224320e-02 -5.744125e-02
    endloop
  endfacet
  facet normal 3.112867e-01 6.637482e-01 -6.801022e-01
    outer loop
      vertex 6.740542e-02 2.691228e-02 -6.850424e-02
      vertex 6.740542e-02 1.909470e-02 -7.613384e-02
      vertex 5.888525e-02 2.909327e-02 -7.027543e-02
    endloop
  endfacet
  facet normal -8.295480e-01 5.372540e-01 -1.523424e-01
    outer loop
      vertex 2.709111e-02 2.543944e-02 -2.719490e-02
      vertex 2.000000e-02 1.525112e-02 -2.451213e-02
      vertex 2.000000e-02 1.843116e-02 -1.329735e-02
    endloop
  endfacet
  facet normal -1.472464e-01 9.858232e-01 8.044382e-02
    outer loop
      vertex 3.846015e-02 3.329954e-02 -4.172724e-02
      vertex 4.241655e-02 3.280491e-02 -2.842376e-02
      vertex 5.053657e-02 3.415024e-02 -3.004738e-02
    endloop
  endfacet
  facet normal -9.476865e-02 9.951726e-01 2.550339e-02
    outer loop
      vertex 3.846015e-02 3.329954e-02 -4.172724e-02
      vertex 5.053657e-02 3.415024e-02 -3.004738e-02
      vertex 5.053657e-02 3.489952e-02 -5.928513e-02
    endloop
  endfacet
  facet normal -1.903733e-01 9.808316e-01 -4.156089e-02
    outer loop
      vertex 3.846015e-02 3.329954e-02 -4.172724e-02
      vertex 5.053657e-02 3.489952e-02 -5.928513e-02
      vertex 4.241655e-02 3.340931e-02 -5.725938e-02
    endloop
  endfacet
  facet normal -2.893073e-01 9.495143e-01 1.213422e-01
    outer loop
      vertex 3.846015e-02 3.329954e-02 -4.172724e-02
      vertex 3.458235e-02 2.998507e-02 -2.503674e-02
      vertex 4.241655e-02 3.280491e-02 -2.842376e-02
    endloop
  endfacet
  facet normal -5.278238e-01 8.481187e-01 4.579063e-02
    outer loop
      vertex 3.846015e-02 3.329954e-02 -4.172724e-02
      vertex 2.709111e-02 2.543944e-02 -2.719490e-02
      vertex 3.458235e-02 2.998507e-02 -2.503674e-02
    endloop
  endfacet
  facet normal -5.083650e-01 8.522443e-01 -1.234696e-01
    outer loop
      vertex 3.846015e-02 3.329954e-02 -4.172724e-02
      vertex 4.241655e-02 3.340931e-02 -5.725938e-02
      vertex 3.458235e-02 2.940818e-02 -5.262102e-02
    endloop
  endfacet
  facet normal -7.549720e-01 6.458907e-01 -1.133246e-01
    outer loop
      vertex 2.709111e-02 2.545154e-02 -2.052602e-02
      vertex 2.000000e-02 1.843116e-02 -1.329735e-02
      vertex 2.000000e-02 1.954544e-02 -6.946514e-03
    endloop
  endfacet
  facet normal -7.042164e-01 7.099842e-01 -1.288217e-03
    outer loop
      vertex 2.709111e-02 2.545154e-02 -2.052602e-02
      vertex 2.709111e-02 2.543944e-02 -2.719490e-02
      vertex 2.000000e-02 1.843116e-02 -1.329735e-02
    endloop
  endfacet
  facet normal -5.184318e-01 8.551176e-01 -1.551552e-03
    outer loop
      vertex 2.709111e-02 2.545154e-02 -2.052602e-02
      vertex 3.458235e-02 2.998507e-02 -2.503674e-02
      vertex 2.709111e-02 2.543944e-02 -2.719490e-02
    endloop
  endfacet
  facet normal -2.214106e-02 8.832126e-01 4.684498e-01
    outer loop
      vertex 3.079029e-02 2.275483e-02 -2.318242e-03
      vertex 4.241655e-02 2.132830e-02 9.208238e-04
      vertex 5.053657e-02 2.215774e-02 -2.592073e-04
    endloop
  endfacet
  facet normal -1.089218e-02 9.275901e-01 3.734408e-01
    outer loop
      vertex 3.079029e-02 2.275483e-02 -2.318242e-03
      vertex 5.053657e-02 2.215774e-02 -2.592073e-04
      vertex 5.053657e-02 3.415024e-02 -3.004738e-02
    endloop
  endfacet
  facet normal -9.175672e-02 9.423144e-01 3.219072e-01
    outer loop
      vertex 3.079029e-02 2.275483e-02 -2.318242e-03
      vertex 5.053657e-02 3.415024e-02 -3.004738e-02
      vertex 4.241655e-02 3.280491e-02 -2.842376e-02
    endloop
  endfacet
  facet normal 9.069070e-02 9.897442e-01 1.103703e-01
    outer loop
      vertex 3.079029e-02 2.275483e-02 -2.318242e-03
      vertex 3.458235e-02 1.906699e-02 2.763648e-02
      vertex 4.241655e-02 2.132830e-02 9.208238e-04
    endloop
  endfacet
  facet normal -2.249520e-01 9.387074e-01 2.611991e-01
    outer loop
      vertex 3.079029e-02 2.275483e-02 -2.318242e-03
      vertex 4.241655e-02 3.280491e-02 -2.842376e-02
      vertex 3.458235e-02 2.998507e-02 -2.503674e-02
    endloop
  endfacet
  facet normal -9.301676e-02 9.878341e-01 1.246260e-01
    outer loop
      vertex 1.020579e-01 3.010014e-02 -9.331717e-03
      vertex 8.473161e-02 3.051188e-02 -2.552712e-02
      vertex 8.473161e-02 2.713671e-02 1.225763e-03
    endloop
  endfacet
  facet normal 1.574564e-01 9.770277e-01 -1.436117e-01
    outer loop
      vertex 1.020579e-01 3.010014e-02 -9.331717e-03
      vertex 1.189739e-01 2.595177e-02 -1.900735e-02
      vertex 8.473161e-02 3.051188e-02 -2.552712e-02
    endloop
  endfacet
  facet normal 3.301438e-02 9.381958e-01 -3.445266e-01
    outer loop
      vertex 1.020579e-01 3.010014e-02 -9.331717e-03
      vertex 1.189739e-01 3.419712e-02 3.445935e-03
      vertex 1.189739e-01 2.595177e-02 -1.900735e-02
    endloop
  endfacet
  facet normal -1.985031e-01 9.787706e-01 -5.103565e-02
    outer loop
      vertex 1.020579e-01 3.010014e-02 -9.331717e-03
      vertex 8.473161e-02 2.713671e-02 1.225763e-03
      vertex 1.189739e-01 3.419712e-02 3.445935e-03
    endloop
  endfacet
  facet normal -4.556329e-01 7.713482e-01 -4.443205e-01
    outer loop
      vertex 1.983927e-01 1.921794e-02 -6.578731e-02
      vertex 2.765385e-01 6.897023e-02 -5.955182e-02
      vertex 2.765385e-01 5.416526e-02 -8.525349e-02
    endloop
  endfacet
  facet normal -3.182285e-01 7.830002e-01 -5.344543e-01
    outer loop
      vertex 1.983927e-01 1.921794e-02 -6.578731e-02
      vertex 1.189739e-01 3.419712e-02 3.445935e-03
      vertex 2.765385e-01 7.519020e-02 -3.031546e-02
    endloop
  endfacet
  facet normal -5.183383e-01 8.364555e-01 -1.779541e-01
    outer loop
      vertex 1.983927e-01 1.921794e-02 -6.578731e-02
      vertex 2.765385e-01 7.519020e-02 -3.031546e-02
      vertex 2.765385e-01 6.897023e-02 -5.955182e-02
    endloop
  endfacet
  facet normal -1.766807e-01 8.023221e-01 -5.701431e-01
    outer loop
      vertex 4.047632e-01 9.322795e-02 -6.276041e-02
      vertex 5.330769e-01 1.199444e-01 -6.492712e-02
      vertex 5.330769e-01 9.916624e-02 -9.416682e-02
    endloop
  endfacet
  facet normal -2.271446e-01 9.498230e-01 -2.150386e-01
    outer loop
      vertex 4.047632e-01 9.322795e-02 -6.276041e-02
      vertex 2.765385e-01 7.667814e-02 -4.173696e-04
      vertex 5.330769e-01 1.311510e-01 -3.079217e-02
    endloop
  endfacet
  facet normal -1.990281e-01 9.310998e-01 -3.056811e-01
    outer loop
      vertex 4.047632e-01 9.322795e-02 -6.276041e-02
      vertex 5.330769e-01 1.311510e-01 -3.079217e-02
      vertex 5.330769e-01 1.199444e-01 -6.492712e-02
    endloop
  endfacet
  facet normal -5.043103e-01 6.041458e-01 -6.169918e-01
    outer loop
      vertex 2.709111e-02 3.141840e-03 -7.390144e-02
      vertex 2.709111e-02 2.847029e-03 -7.419012e-02
      vertex 2.527859e-02 3.108833e-03 -7.245226e-02
    endloop
  endfacet
  facet normal -5.207469e-01 5.668052e-01 -6.383999e-01
    outer loop
      vertex 2.709111e-02 3.255785e-03 -7.380028e-02
      vertex 2.709111e-02 3.141840e-03 -7.390144e-02
      vertex 2.527859e-02 3.108833e-03 -7.245226e-02
    endloop
  endfacet
  facet normal -5.270597e-01 5.488202e-01 -6.488486e-01
    outer loop
      vertex 2.709111e-02 3.386520e-03 -7.368970e-02
      vertex 2.709111e-02 3.255785e-03 -7.380028e-02
      vertex 2.527859e-02 3.108833e-03 -7.245226e-02
    endloop
  endfacet
  facet normal -6.537746e-01 7.351512e-01 -1.792526e-01
    outer loop
      vertex 2.527859e-02 4.902552e-03 -7.025918e-02
      vertex 2.000000e-02 9.913547e-04 -6.704759e-02
      vertex 2.000000e-02 3.446013e-03 -5.698054e-02
    endloop
  endfacet
  facet normal -6.920586e-01 5.587521e-01 -4.570022e-01
    outer loop
      vertex 2.527859e-02 4.902552e-03 -7.025918e-02
      vertex 2.527859e-02 3.108833e-03 -7.245226e-02
      vertex 2.000000e-02 9.913547e-04 -6.704759e-02
    endloop
  endfacet
  facet normal -4.824705e-01 6.780130e-01 -5.545454e-01
    outer loop
      vertex 2.527859e-02 4.902552e-03 -7.025918e-02
      vertex 2.709111e-02 3.386520e-03 -7.368970e-02
      vertex 2.527859e-02 3.108833e-03 -7.245226e-02
    endloop
  endfacet
  facet normal -6.323427e-01 4.105341e-01 -6.569661e-01
    outer loop
      vertex 2.527859e-02 4.902552e-03 -7.025918e-02
      vertex 3.079029e-02 1.106657e-02 -7.171244e-02
      vertex 3.079029e-02 8.586751e-03 -7.326206e-02
    endloop
  endfacet
  facet normal -7.517135e-01 6.176837e-01 -2.310707e-01
    outer loop
      vertex 2.527859e-02 4.902552e-03 -7.025918e-02
      vertex 2.000000e-02 3.446013e-03 -5.698054e-02
      vertex 3.079029e-02 1.106657e-02 -7.171244e-02
    endloop
  endfacet
  facet normal 1.339644e-01 5.219176e-01 -8.424106e-01
    outer loop
      vertex 5.888525e-02 1.606388e-02 -7.936652e-02
      vertex 5.053657e-02 2.150224e-02 -7.732481e-02
      vertex 6.740542e-02 1.909470e-02 -7.613384e-02
    endloop
  endfacet
  facet normal -8.511576e-02 2.330246e-01 -9.687388e-01
    outer loop
      vertex 5.888525e-02 1.606388e-02 -7.936652e-02
      vertex 5.053657e-02 1.102427e-02 -7.984523e-02
      vertex 5.053657e-02 2.150224e-02 -7.732481e-02
    endloop
  endfacet
  facet normal -7.318454e-03 1.065707e-01 -9.942782e-01
    outer loop
      vertex 5.888525e-02 1.606388e-02 -7.936652e-02
      vertex 6.740542e-02 9.640412e-03 -8.011772e-02
      vertex 5.053657e-02 1.102427e-02 -7.984523e-02
    endloop
  endfacet
  facet normal 4.057258e-01 6.033884e-01 -6.865195e-01
    outer loop
      vertex 7.603992e-02 1.237397e-02 -7.693785e-02
      vertex 6.740542e-02 1.909470e-02 -7.613384e-02
      vertex 8.473161e-02 1.321827e-02 -7.105909e-02
    endloop
  endfacet
  facet normal 2.087131e-01 3.761426e-01 -9.027489e-01
    outer loop
      vertex 7.603992e-02 1.237397e-02 -7.693785e-02
      vertex 5.888525e-02 1.606388e-02 -7.936652e-02
      vertex 6.740542e-02 1.909470e-02 -7.613384e-02
    endloop
  endfacet
  facet normal 2.098184e-01 3.834878e-01 -8.993961e-01
    outer loop
      vertex 7.603992e-02 1.237397e-02 -7.693785e-02
      vertex 6.740542e-02 9.640412e-03 -8.011772e-02
      vertex 5.888525e-02 1.606388e-02 -7.936652e-02
    endloop
  endfacet
  facet normal 3.781568e-01 6.970681e-01 -6.091745e-01
    outer loop
      vertex 9.342332e-02 7.069792e-03 -7.269914e-02
      vertex 8.473161e-02 1.321827e-02 -7.105909e-02
      vertex 1.189739e-01 2.643530e-03 -6.190300e-02
    endloop
  endfacet
  facet normal -8.598981e-01 4.642289e-01 -2.122894e-01
    outer loop
      vertex 2.892864e-02 2.670818e-02 -3.562444e-02
      vertex 3.458235e-02 2.940818e-02 -5.262102e-02
      vertex 2.000000e-02 1.525112e-02 -2.451213e-02
    endloop
  endfacet
  facet normal -8.287221e-01 5.510650e-01 -9.770950e-02
    outer loop
      vertex 2.892864e-02 2.670818e-02 -3.562444e-02
      vertex 2.000000e-02 1.525112e-02 -2.451213e-02
      vertex 2.709111e-02 2.543944e-02 -2.719490e-02
    endloop
  endfacet
  facet normal -5.981478e-01 7.981287e-01 -7.217948e-02
    outer loop
      vertex 2.892864e-02 2.670818e-02 -3.562444e-02
      vertex 3.846015e-02 3.329954e-02 -4.172724e-02
      vertex 3.458235e-02 2.940818e-02 -5.262102e-02
    endloop
  endfacet
  facet normal -5.688767e-01 8.224228e-01 -2.243168e-04
    outer loop
      vertex 2.892864e-02 2.670818e-02 -3.562444e-02
      vertex 2.709111e-02 2.543944e-02 -2.719490e-02
      vertex 3.846015e-02 3.329954e-02 -4.172724e-02
    endloop
  endfacet
  facet normal 2.720219e-01 9.252427e-01 -2.644429e-01
    outer loop
      vertex 1.105806e-01 1.236353e-03 -7.546035e-02
      vertex 9.342332e-02 7.069792e-03 -7.269914e-02
      vertex 1.189739e-01 2.643530e-03 -6.190300e-02
    endloop
  endfacet
  facet normal -1.042156e-01 9.526125e-01 2.857772e-01
    outer loop
      vertex 2.527859e-02 2.219195e-02 -2.451927e-03
      vertex 3.079029e-02 2.275483e-02 -2.318242e-03
      vertex 3.458235e-02 2.998507e-02 -2.503674e-02
    endloop
  endfacet
  facet normal -3.332909e-01 9.216313e-01 1.987784e-01
    outer loop
      vertex 2.527859e-02 2.219195e-02 -2.451927e-03
      vertex 2.000000e-02 1.998459e-02 -1.068116e-03
      vertex 3.458235e-02 1.906699e-02 2.763648e-02
    endloop
  endfacet
  facet normal -1.038998e-01 9.854547e-01 1.344761e-01
    outer loop
      vertex 2.527859e-02 2.219195e-02 -2.451927e-03
      vertex 3.458235e-02 1.906699e-02 2.763648e-02
      vertex 3.079029e-02 2.275483e-02 -2.318242e-03
    endloop
  endfacet
  facet normal -1.128146e-02 9.009227e-01 -4.338330e-01
    outer loop
      vertex 1.594088e-01 4.986671e-03 -5.808857e-02
      vertex 1.354182e-01 -2.000696e-04 -6.823580e-02
      vertex 1.189739e-01 2.643530e-03 -6.190300e-02
    endloop
  endfacet
  facet normal -5.692910e-02 9.370954e-01 -3.443998e-01
    outer loop
      vertex 1.594088e-01 4.986671e-03 -5.808857e-02
      vertex 1.594088e-01 2.644548e-03 -6.446138e-02
      vertex 1.354182e-01 -2.000696e-04 -6.823580e-02
    endloop
  endfacet
  facet normal -3.588318e-02 9.094064e-01 -4.143579e-01
    outer loop
      vertex 1.594088e-01 1.111134e-02 -4.682002e-02
      vertex 1.189739e-01 2.643530e-03 -6.190300e-02
      vertex 1.189739e-01 1.293017e-02 -3.932653e-02
    endloop
  endfacet
  facet normal -6.200144e-02 8.403256e-01 -5.385246e-01
    outer loop
      vertex 1.594088e-01 1.111134e-02 -4.682002e-02
      vertex 1.189739e-01 1.293017e-02 -3.932653e-02
      vertex 1.189739e-01 2.595177e-02 -1.900735e-02
    endloop
  endfacet
  facet normal 1.068023e-01 9.333384e-01 -3.427429e-01
    outer loop
      vertex 1.594088e-01 1.111134e-02 -4.682002e-02
      vertex 1.189739e-01 2.595177e-02 -1.900735e-02
      vertex 1.189739e-01 3.419712e-02 3.445935e-03
    endloop
  endfacet
  facet normal -3.833416e-01 8.114895e-01 -4.410600e-01
    outer loop
      vertex 1.594088e-01 1.111134e-02 -4.682002e-02
      vertex 1.983927e-01 1.921794e-02 -6.578731e-02
      vertex 1.594088e-01 4.986671e-03 -5.808857e-02
    endloop
  endfacet
  facet normal -4.428232e-01 6.247274e-01 -6.431356e-01
    outer loop
      vertex 1.594088e-01 1.111134e-02 -4.682002e-02
      vertex 1.189739e-01 3.419712e-02 3.445935e-03
      vertex 1.983927e-01 1.921794e-02 -6.578731e-02
    endloop
  endfacet
  facet normal -5.865155e-03 8.785944e-01 -4.775328e-01
    outer loop
      vertex 1.594088e-01 1.111134e-02 -4.682002e-02
      vertex 1.594088e-01 4.986671e-03 -5.808857e-02
      vertex 1.189739e-01 2.643530e-03 -6.190300e-02
    endloop
  endfacet
  facet normal -3.911631e-01 7.314938e-01 -5.584875e-01
    outer loop
      vertex 2.371931e-01 2.151493e-02 -8.995448e-02
      vertex 1.983927e-01 1.123751e-02 -7.623989e-02
      vertex 1.983927e-01 1.921794e-02 -6.578731e-02
    endloop
  endfacet
  facet normal -4.397676e-01 6.230725e-01 -6.468270e-01
    outer loop
      vertex 2.371931e-01 2.151493e-02 -8.995448e-02
      vertex 1.983927e-01 1.921794e-02 -6.578731e-02
      vertex 2.765385e-01 5.416526e-02 -8.525349e-02
    endloop
  endfacet
  facet normal -3.213379e-01 5.027688e-01 -8.024746e-01
    outer loop
      vertex 2.371931e-01 2.151493e-02 -8.995448e-02
      vertex 2.765385e-01 5.416526e-02 -8.525349e-02
      vertex 2.765385e-01 2.914918e-02 -1.009266e-01
    endloop
  endfacet
  facet normal -1.744509e-01 8.102383e-01 -5.595362e-01
    outer loop
      vertex 4.047632e-01 7.465561e-02 -8.965415e-02
      vertex 4.047632e-01 9.322795e-02 -6.276041e-02
      vertex 5.330769e-01 9.916624e-02 -9.416682e-02
    endloop
  endfacet
  facet normal -1.365467e-01 5.650139e-01 -8.137040e-01
    outer loop
      vertex 4.047632e-01 7.465561e-02 -8.965415e-02
      vertex 5.330769e-01 9.916624e-02 -9.416682e-02
      vertex 5.330769e-01 6.978934e-02 -1.145653e-01
    endloop
  endfacet
  facet normal -1.311298e-01 8.157509e-01 -5.633431e-01
    outer loop
      vertex 4.047632e-01 7.465561e-02 -8.965415e-02
      vertex 3.404529e-01 6.506463e-02 -8.857285e-02
      vertex 4.047632e-01 9.322795e-02 -6.276041e-02
    endloop
  endfacet
  facet normal -3.778828e-01 6.908736e-01 -6.163589e-01
    outer loop
      vertex 2.349197e-02 1.066278e-03 -7.397066e-02
      vertex 2.709111e-02 2.621057e-03 -7.443451e-02
      vertex 2.349197e-02 9.510508e-04 -7.409982e-02
    endloop
  endfacet
  facet normal -4.029133e-01 8.001329e-01 -4.443514e-01
    outer loop
      vertex 2.260865e-02 1.221604e-03 -7.289002e-02
      vertex 2.709111e-02 2.621057e-03 -7.443451e-02
      vertex 2.349197e-02 1.066278e-03 -7.397066e-02
    endloop
  endfacet
  facet normal -3.669004e-01 9.214805e-01 -1.275058e-01
    outer loop
      vertex 2.260865e-02 1.221604e-03 -7.289002e-02
      vertex 2.000000e-02 2.641642e-05 -7.402117e-02
      vertex 2.000000e-02 9.913547e-04 -6.704759e-02
    endloop
  endfacet
  facet normal -4.202753e-01 6.660695e-01 -6.162143e-01
    outer loop
      vertex 2.260865e-02 1.221604e-03 -7.289002e-02
      vertex 2.709111e-02 2.649276e-03 -7.440401e-02
      vertex 2.709111e-02 2.621057e-03 -7.443451e-02
    endloop
  endfacet
  facet normal -4.202060e-01 6.678600e-01 -6.143207e-01
    outer loop
      vertex 2.260865e-02 1.221604e-03 -7.289002e-02
      vertex 2.709111e-02 2.678351e-03 -7.437240e-02
      vertex 2.709111e-02 2.649276e-03 -7.440401e-02
    endloop
  endfacet
  facet normal -4.201819e-01 6.687018e-01 -6.134208e-01
    outer loop
      vertex 2.260865e-02 1.221604e-03 -7.289002e-02
      vertex 2.709111e-02 2.708312e-03 -7.433974e-02
      vertex 2.709111e-02 2.678351e-03 -7.437240e-02
    endloop
  endfacet
  facet normal -4.201823e-01 6.686785e-01 -6.134458e-01
    outer loop
      vertex 2.260865e-02 1.221604e-03 -7.289002e-02
      vertex 2.709111e-02 2.739620e-03 -7.430561e-02
      vertex 2.709111e-02 2.708312e-03 -7.433974e-02
    endloop
  endfacet
  facet normal -5.412433e-01 8.143310e-01 -2.095728e-01
    outer loop
      vertex 2.260865e-02 1.221604e-03 -7.289002e-02
      vertex 2.000000e-02 9.913547e-04 -6.704759e-02
      vertex 2.527859e-02 3.108833e-03 -7.245226e-02
    endloop
  endfacet
  facet normal -4.201888e-01 6.669837e-01 -6.152838e-01
    outer loop
      vertex 2.260865e-02 1.221604e-03 -7.289002e-02
      vertex 2.709111e-02 2.790293e-03 -7.425068e-02
      vertex 2.709111e-02 2.739620e-03 -7.430561e-02
    endloop
  endfacet
  facet normal -4.200972e-01 6.622661e-01 -6.204208e-01
    outer loop
      vertex 2.260865e-02 1.221604e-03 -7.289002e-02
      vertex 2.709111e-02 2.847029e-03 -7.419012e-02
      vertex 2.709111e-02 2.790293e-03 -7.425068e-02
    endloop
  endfacet
  facet normal -4.210388e-01 7.227773e-01 -5.480140e-01
    outer loop
      vertex 2.260865e-02 1.221604e-03 -7.289002e-02
      vertex 2.527859e-02 3.108833e-03 -7.245226e-02
      vertex 2.709111e-02 2.847029e-03 -7.419012e-02
    endloop
  endfacet
  facet normal -3.318142e-01 2.323283e-01 -9.142882e-01
    outer loop
      vertex 3.846015e-02 7.193312e-03 -7.753256e-02
      vertex 3.458235e-02 6.438105e-03 -7.631713e-02
      vertex 3.458235e-02 8.978120e-03 -7.567169e-02
    endloop
  endfacet
  facet normal -3.526695e-01 1.892333e-01 -9.164142e-01
    outer loop
      vertex 3.846015e-02 7.193312e-03 -7.753256e-02
      vertex 3.458235e-02 8.978120e-03 -7.567169e-02
      vertex 4.241655e-02 1.045340e-02 -7.838194e-02
    endloop
  endfacet
  facet normal -5.131159e-03 1.326180e-01 -9.911539e-01
    outer loop
      vertex 6.312746e-02 4.574065e-03 -8.077346e-02
      vertex 5.053657e-02 1.102427e-02 -7.984523e-02
      vertex 6.740542e-02 9.640412e-03 -8.011772e-02
    endloop
  endfacet
  facet normal 3.476965e-01 6.672253e-01 -6.587242e-01
    outer loop
      vertex 8.038219e-02 9.178831e-03 -7.744643e-02
      vertex 8.473161e-02 1.321827e-02 -7.105909e-02
      vertex 9.342332e-02 7.069792e-03 -7.269914e-02
    endloop
  endfacet
  facet normal 3.893650e-01 6.353106e-01 -6.669148e-01
    outer loop
      vertex 8.038219e-02 9.178831e-03 -7.744643e-02
      vertex 7.603992e-02 1.237397e-02 -7.693785e-02
      vertex 8.473161e-02 1.321827e-02 -7.105909e-02
    endloop
  endfacet
  facet normal 3.236319e-01 7.730248e-01 -5.456144e-01
    outer loop
      vertex 8.908104e-02 5.340053e-03 -7.772546e-02
      vertex 8.038219e-02 9.178831e-03 -7.744643e-02
      vertex 9.342332e-02 7.069792e-03 -7.269914e-02
    endloop
  endfacet
  facet normal -5.946484e-01 8.017518e-01 -5.989491e-02
    outer loop
      vertex 2.260865e-02 2.161777e-02 -5.105570e-03
      vertex 2.000000e-02 1.954544e-02 -6.946514e-03
      vertex 2.000000e-02 1.998459e-02 -1.068116e-03
    endloop
  endfacet
  facet normal -3.629523e-01 9.167537e-01 1.668178e-01
    outer loop
      vertex 2.260865e-02 2.161777e-02 -5.105570e-03
      vertex 2.527859e-02 2.219195e-02 -2.451927e-03
      vertex 3.458235e-02 2.998507e-02 -2.503674e-02
    endloop
  endfacet
  facet normal -3.478010e-01 9.255447e-01 1.496713e-01
    outer loop
      vertex 2.260865e-02 2.161777e-02 -5.105570e-03
      vertex 2.000000e-02 1.998459e-02 -1.068116e-03
      vertex 2.527859e-02 2.219195e-02 -2.451927e-03
    endloop
  endfacet
  facet normal -6.269167e-01 7.790023e-01 1.143872e-02
    outer loop
      vertex 2.260865e-02 2.161777e-02 -5.105570e-03
      vertex 2.709111e-02 2.545154e-02 -2.052602e-02
      vertex 2.000000e-02 1.954544e-02 -6.946514e-03
    endloop
  endfacet
  facet normal -4.819065e-01 8.728399e-01 7.692029e-02
    outer loop
      vertex 2.260865e-02 2.161777e-02 -5.105570e-03
      vertex 3.458235e-02 2.998507e-02 -2.503674e-02
      vertex 2.709111e-02 2.545154e-02 -2.052602e-02
    endloop
  endfacet
  facet normal -6.911897e-02 9.569548e-01 -2.818866e-01
    outer loop
      vertex 1.554554e-01 5.524779e-04 -7.059420e-02
      vertex 1.354182e-01 -2.000696e-04 -6.823580e-02
      vertex 1.594088e-01 2.644548e-03 -6.446138e-02
    endloop
  endfacet
  facet normal -1.699349e-01 9.609789e-01 -2.182698e-01
    outer loop
      vertex 1.672737e-01 2.864428e-03 -6.961653e-02
      vertex 1.554554e-01 5.524779e-04 -7.059420e-02
      vertex 1.594088e-01 2.644548e-03 -6.446138e-02
    endloop
  endfacet
  facet normal -3.831773e-01 8.259620e-01 -4.134753e-01
    outer loop
      vertex 1.672737e-01 2.864428e-03 -6.961653e-02
      vertex 1.594088e-01 4.986671e-03 -5.808857e-02
      vertex 1.983927e-01 1.921794e-02 -6.578731e-02
    endloop
  endfacet
  facet normal -2.446800e-01 9.100873e-01 -3.344738e-01
    outer loop
      vertex 1.672737e-01 2.864428e-03 -6.961653e-02
      vertex 1.594088e-01 2.644548e-03 -6.446138e-02
      vertex 1.594088e-01 4.986671e-03 -5.808857e-02
    endloop
  endfacet
  facet normal -2.941333e-01 7.596648e-01 -5.799957e-01
    outer loop
      vertex 1.750926e-01 3.204786e-03 -7.494477e-02
      vertex 1.983927e-01 1.921794e-02 -6.578731e-02
      vertex 1.983927e-01 1.123751e-02 -7.623989e-02
    endloop
  endfacet
  facet normal -3.613731e-01 7.998605e-01 -4.792000e-01
    outer loop
      vertex 1.750926e-01 3.204786e-03 -7.494477e-02
      vertex 1.672737e-01 2.864428e-03 -6.961653e-02
      vertex 1.983927e-01 1.921794e-02 -6.578731e-02
    endloop
  endfacet
  facet normal -3.026186e-01 7.923940e-01 -5.296543e-01
    outer loop
      vertex 1.945175e-01 6.947730e-03 -8.044354e-02
      vertex 1.750926e-01 3.204786e-03 -7.494477e-02
      vertex 1.983927e-01 1.123751e-02 -7.623989e-02
    endloop
  endfacet
  facet normal -1.769022e-01 9.787149e-01 -1.040322e-01
    outer loop
      vertex 3.082950e-01 7.590541e-02 -6.168758e-02
      vertex 2.765385e-01 7.667814e-02 -4.173696e-04
      vertex 4.047632e-01 9.322795e-02 -6.276041e-02
    endloop
  endfacet
  facet normal -2.174730e-01 8.457810e-01 -4.871961e-01
    outer loop
      vertex 3.082950e-01 7.590541e-02 -6.168758e-02
      vertex 2.765385e-01 5.416526e-02 -8.525349e-02
      vertex 2.765385e-01 6.897023e-02 -5.955182e-02
    endloop
  endfacet
  facet normal -2.219251e-01 9.537191e-01 -2.029017e-01
    outer loop
      vertex 3.082950e-01 7.590541e-02 -6.168758e-02
      vertex 2.765385e-01 6.897023e-02 -5.955182e-02
      vertex 2.765385e-01 7.519020e-02 -3.031546e-02
    endloop
  endfacet
  facet normal -7.141487e-02 9.962138e-01 -4.957856e-02
    outer loop
      vertex 3.082950e-01 7.590541e-02 -6.168758e-02
      vertex 2.765385e-01 7.519020e-02 -3.031546e-02
      vertex 2.765385e-01 7.667814e-02 -4.173696e-04
    endloop
  endfacet
  facet normal -1.689110e-01 8.273720e-01 -5.356536e-01
    outer loop
      vertex 3.082950e-01 7.590541e-02 -6.168758e-02
      vertex 3.404529e-01 6.506463e-02 -8.857285e-02
      vertex 2.765385e-01 5.416526e-02 -8.525349e-02
    endloop
  endfacet
  facet normal -1.561453e-01 8.370926e-01 -5.243039e-01
    outer loop
      vertex 3.082950e-01 7.590541e-02 -6.168758e-02
      vertex 4.047632e-01 9.322795e-02 -6.276041e-02
      vertex 3.404529e-01 6.506463e-02 -8.857285e-02
    endloop
  endfacet
  facet normal 4.199455e-02 9.767901e-01 2.100416e-01
    outer loop
      vertex 2.173214e-02 1.040283e-04 -7.556517e-02
      vertex 2.000000e-02 3.526073e-04 -7.637486e-02
      vertex 2.000000e-02 4.316501e-05 -7.493581e-02
    endloop
  endfacet
  facet normal 2.851350e-02 9.710613e-01 2.371223e-01
    outer loop
      vertex 2.173214e-02 1.040283e-04 -7.556517e-02
      vertex 2.173214e-02 2.507908e-04 -7.616619e-02
      vertex 2.000000e-02 3.526073e-04 -7.637486e-02
    endloop
  endfacet
  facet normal 3.141515e-02 9.828864e-01 1.815141e-01
    outer loop
      vertex 2.173214e-02 7.803162e-05 -7.542440e-02
      vertex 2.173214e-02 1.040283e-04 -7.556517e-02
      vertex 2.000000e-02 4.316501e-05 -7.493581e-02
    endloop
  endfacet
  facet normal -8.132123e-03 9.970170e-01 7.675266e-02
    outer loop
      vertex 2.173214e-02 4.846734e-05 -7.482117e-02
      vertex 2.000000e-02 4.316501e-05 -7.493581e-02
      vertex 2.000000e-02 7.985216e-06 -7.447883e-02
    endloop
  endfacet
  facet normal -6.297318e-03 9.987814e-01 4.894997e-02
    outer loop
      vertex 2.173214e-02 4.846734e-05 -7.482117e-02
      vertex 2.173214e-02 7.803162e-05 -7.542440e-02
      vertex 2.000000e-02 4.316501e-05 -7.493581e-02
    endloop
  endfacet
  facet normal -7.215365e-02 9.653129e-01 -2.509279e-01
    outer loop
      vertex 2.173214e-02 1.831260e-04 -7.430314e-02
      vertex 2.173214e-02 4.846734e-05 -7.482117e-02
      vertex 2.000000e-02 7.985216e-06 -7.447883e-02
    endloop
  endfacet
  facet normal -9.649650e-02 9.945271e-01 -4.005258e-02
    outer loop
      vertex 2.173214e-02 1.831260e-04 -7.430314e-02
      vertex 2.000000e-02 7.985216e-06 -7.447883e-02
      vertex 2.000000e-02 2.641642e-05 -7.402117e-02
    endloop
  endfacet
  facet normal -1.469619e-01 9.046486e-01 -4.000164e-01
    outer loop
      vertex 2.173214e-02 1.931218e-04 -7.428053e-02
      vertex 2.173214e-02 1.831260e-04 -7.430314e-02
      vertex 2.000000e-02 2.641642e-05 -7.402117e-02
    endloop
  endfacet
  facet normal -1.483807e-01 8.982987e-01 -4.135731e-01
    outer loop
      vertex 2.173214e-02 2.097291e-04 -7.424446e-02
      vertex 2.173214e-02 1.931218e-04 -7.428053e-02
      vertex 2.000000e-02 2.641642e-05 -7.402117e-02
    endloop
  endfacet
  facet normal -1.496442e-01 8.904144e-01 -4.298475e-01
    outer loop
      vertex 2.173214e-02 2.288038e-04 -7.420495e-02
      vertex 2.173214e-02 2.097291e-04 -7.424446e-02
      vertex 2.000000e-02 2.641642e-05 -7.402117e-02
    endloop
  endfacet
  facet normal -2.572622e-01 6.177645e-01 -7.430903e-01
    outer loop
      vertex 2.173214e-02 3.310544e-04 -7.401476e-02
      vertex 2.349197e-02 5.145816e-04 -7.447144e-02
      vertex 2.349197e-02 4.500753e-04 -7.452507e-02
    endloop
  endfacet
  facet normal -1.931727e-01 8.641927e-01 -4.646024e-01
    outer loop
      vertex 2.173214e-02 3.310544e-04 -7.401476e-02
      vertex 2.349197e-02 4.500753e-04 -7.452507e-02
      vertex 2.173214e-02 2.288038e-04 -7.420495e-02
    endloop
  endfacet
  facet normal -1.513874e-01 8.706310e-01 -4.680637e-01
    outer loop
      vertex 2.173214e-02 3.310544e-04 -7.401476e-02
      vertex 2.173214e-02 2.288038e-04 -7.420495e-02
      vertex 2.000000e-02 2.641642e-05 -7.402117e-02
    endloop
  endfacet
  facet normal -2.723857e-01 6.073994e-01 -7.462386e-01
    outer loop
      vertex 2.173214e-02 3.706354e-04 -7.394625e-02
      vertex 2.349197e-02 8.399108e-04 -7.420664e-02
      vertex 2.349197e-02 5.145816e-04 -7.447144e-02
    endloop
  endfacet
  facet normal -2.910315e-01 7.139014e-01 -6.369030e-01
    outer loop
      vertex 2.173214e-02 3.706354e-04 -7.394625e-02
      vertex 2.349197e-02 1.066278e-03 -7.397066e-02
      vertex 2.349197e-02 9.510508e-04 -7.409982e-02
    endloop
  endfacet
  facet normal -1.401670e-01 8.246177e-01 -5.480501e-01
    outer loop
      vertex 2.173214e-02 3.706354e-04 -7.394625e-02
      vertex 2.000000e-02 2.641642e-05 -7.402117e-02
      vertex 2.260865e-02 1.221604e-03 -7.289002e-02
    endloop
  endfacet
  facet normal -3.415183e-01 8.498876e-01 -4.013183e-01
    outer loop
      vertex 2.173214e-02 3.706354e-04 -7.394625e-02
      vertex 2.260865e-02 1.221604e-03 -7.289002e-02
      vertex 2.349197e-02 1.066278e-03 -7.397066e-02
    endloop
  endfacet
  facet normal -2.149787e-01 8.456165e-01 -4.885866e-01
    outer loop
      vertex 2.173214e-02 3.706354e-04 -7.394625e-02
      vertex 2.349197e-02 5.145816e-04 -7.447144e-02
      vertex 2.173214e-02 3.310544e-04 -7.401476e-02
    endloop
  endfacet
  facet normal -2.798222e-01 6.652955e-01 -6.921571e-01
    outer loop
      vertex 2.173214e-02 3.706354e-04 -7.394625e-02
      vertex 2.349197e-02 9.510508e-04 -7.409982e-02
      vertex 2.349197e-02 8.399108e-04 -7.420664e-02
    endloop
  endfacet
  facet normal -1.487555e-01 8.562279e-01 -4.947177e-01
    outer loop
      vertex 2.173214e-02 3.706354e-04 -7.394625e-02
      vertex 2.173214e-02 3.310544e-04 -7.401476e-02
      vertex 2.000000e-02 2.641642e-05 -7.402117e-02
    endloop
  endfacet
  facet normal -4.404872e-01 6.280986e-01 -6.414539e-01
    outer loop
      vertex 3.079029e-02 4.389596e-03 -7.521989e-02
      vertex 2.709111e-02 2.847029e-03 -7.419012e-02
      vertex 2.709111e-02 3.141840e-03 -7.390144e-02
    endloop
  endfacet
  facet normal -4.403592e-01 5.960916e-01 -6.713856e-01
    outer loop
      vertex 3.079029e-02 4.389596e-03 -7.521989e-02
      vertex 2.709111e-02 3.141840e-03 -7.390144e-02
      vertex 2.709111e-02 3.255785e-03 -7.380028e-02
    endloop
  endfacet
  facet normal -4.008687e-01 4.166191e-01 -8.159245e-01
    outer loop
      vertex 3.079029e-02 4.389596e-03 -7.521989e-02
      vertex 3.079029e-02 3.338430e-03 -7.575663e-02
      vertex 2.709111e-02 2.847029e-03 -7.419012e-02
    endloop
  endfacet
  facet normal -4.407012e-01 5.797060e-01 -6.853637e-01
    outer loop
      vertex 3.079029e-02 4.389596e-03 -7.521989e-02
      vertex 2.709111e-02 3.255785e-03 -7.380028e-02
      vertex 2.709111e-02 3.386520e-03 -7.368970e-02
    endloop
  endfacet
  facet normal -4.363878e-01 3.360922e-01 -8.346303e-01
    outer loop
      vertex 3.079029e-02 4.410134e-03 -7.521162e-02
      vertex 3.079029e-02 4.389596e-03 -7.521989e-02
      vertex 2.709111e-02 3.386520e-03 -7.368970e-02
    endloop
  endfacet
  facet normal -4.361671e-01 3.336917e-01 -8.357082e-01
    outer loop
      vertex 3.079029e-02 4.431419e-03 -7.520312e-02
      vertex 3.079029e-02 4.410134e-03 -7.521162e-02
      vertex 2.709111e-02 3.386520e-03 -7.368970e-02
    endloop
  endfacet
  facet normal -4.359445e-01 3.314364e-01 -8.367212e-01
    outer loop
      vertex 3.079029e-02 4.453454e-03 -7.519440e-02
      vertex 3.079029e-02 4.431419e-03 -7.520312e-02
      vertex 2.709111e-02 3.386520e-03 -7.368970e-02
    endloop
  endfacet
  facet normal -4.356967e-01 3.290903e-01 -8.377756e-01
    outer loop
      vertex 3.079029e-02 4.476547e-03 -7.518533e-02
      vertex 3.079029e-02 4.453454e-03 -7.519440e-02
      vertex 2.709111e-02 3.386520e-03 -7.368970e-02
    endloop
  endfacet
  facet normal -4.353076e-01 3.256492e-01 -8.393211e-01
    outer loop
      vertex 3.079029e-02 4.513967e-03 -7.517081e-02
      vertex 3.079029e-02 4.476547e-03 -7.518533e-02
      vertex 2.709111e-02 3.386520e-03 -7.368970e-02
    endloop
  endfacet
  facet normal -3.867001e-01 2.271221e-01 -8.938001e-01
    outer loop
      vertex 3.079029e-02 4.555737e-03 -7.515483e-02
      vertex 3.458235e-02 8.978120e-03 -7.567169e-02
      vertex 3.458235e-02 6.438105e-03 -7.631713e-02
    endloop
  endfacet
  facet normal -5.263585e-01 3.613860e-01 -7.696407e-01
    outer loop
      vertex 3.079029e-02 4.555737e-03 -7.515483e-02
      vertex 3.079029e-02 8.586751e-03 -7.326206e-02
      vertex 3.458235e-02 8.978120e-03 -7.567169e-02
    endloop
  endfacet
  facet normal -4.415205e-01 7.108932e-01 -5.474399e-01
    outer loop
      vertex 3.079029e-02 4.555737e-03 -7.515483e-02
      vertex 2.709111e-02 3.386520e-03 -7.368970e-02
      vertex 2.527859e-02 4.902552e-03 -7.025918e-02
    endloop
  endfacet
  facet normal -6.136875e-01 3.355809e-01 -7.146839e-01
    outer loop
      vertex 3.079029e-02 4.555737e-03 -7.515483e-02
      vertex 2.527859e-02 4.902552e-03 -7.025918e-02
      vertex 3.079029e-02 8.586751e-03 -7.326206e-02
    endloop
  endfacet
  facet normal -4.348150e-01 3.216986e-01 -8.410981e-01
    outer loop
      vertex 3.079029e-02 4.555737e-03 -7.515483e-02
      vertex 3.079029e-02 4.513967e-03 -7.517081e-02
      vertex 2.709111e-02 3.386520e-03 -7.368970e-02
    endloop
  endfacet
  facet normal -3.818580e-01 3.403661e-01 -8.592644e-01
    outer loop
      vertex 3.267515e-02 4.829551e-03 -7.588306e-02
      vertex 3.079029e-02 4.431419e-03 -7.520312e-02
      vertex 3.079029e-02 4.453454e-03 -7.519440e-02
    endloop
  endfacet
  facet normal -3.817419e-01 3.379293e-01 -8.602773e-01
    outer loop
      vertex 3.267515e-02 4.829551e-03 -7.588306e-02
      vertex 3.079029e-02 4.453454e-03 -7.519440e-02
      vertex 3.079029e-02 4.476547e-03 -7.518533e-02
    endloop
  endfacet
  facet normal -3.816102e-01 3.343455e-01 -8.617347e-01
    outer loop
      vertex 3.267515e-02 4.829551e-03 -7.588306e-02
      vertex 3.079029e-02 4.476547e-03 -7.518533e-02
      vertex 3.079029e-02 4.513967e-03 -7.517081e-02
    endloop
  endfacet
  facet normal -3.815328e-01 3.302135e-01 -8.633608e-01
    outer loop
      vertex 3.267515e-02 4.829551e-03 -7.588306e-02
      vertex 3.079029e-02 4.513967e-03 -7.517081e-02
      vertex 3.079029e-02 4.555737e-03 -7.515483e-02
    endloop
  endfacet
  facet normal -3.785194e-01 2.052377e-01 -9.025522e-01
    outer loop
      vertex 3.267515e-02 4.829551e-03 -7.588306e-02
      vertex 3.079029e-02 4.555737e-03 -7.515483e-02
      vertex 3.458235e-02 6.438105e-03 -7.631713e-02
    endloop
  endfacet
  facet normal -3.868378e-01 4.193532e-01 -8.212791e-01
    outer loop
      vertex 3.267515e-02 4.829551e-03 -7.588306e-02
      vertex 3.079029e-02 3.338430e-03 -7.575663e-02
      vertex 3.079029e-02 4.389596e-03 -7.521989e-02
    endloop
  endfacet
  facet normal -3.821650e-01 3.451824e-01 -8.572042e-01
    outer loop
      vertex 3.267515e-02 4.829551e-03 -7.588306e-02
      vertex 3.079029e-02 4.389596e-03 -7.521989e-02
      vertex 3.079029e-02 4.410134e-03 -7.521162e-02
    endloop
  endfacet
  facet normal -3.819945e-01 3.427023e-01 -8.582747e-01
    outer loop
      vertex 3.267515e-02 4.829551e-03 -7.588306e-02
      vertex 3.079029e-02 4.410134e-03 -7.521162e-02
      vertex 3.079029e-02 4.431419e-03 -7.520312e-02
    endloop
  endfacet
  facet normal -1.763376e-01 -1.459885e-02 -9.842215e-01
    outer loop
      vertex 4.241655e-02 2.915506e-03 -7.827013e-02
      vertex 4.241655e-02 1.045340e-02 -7.838194e-02
      vertex 5.053657e-02 1.102427e-02 -7.984523e-02
    endloop
  endfacet
  facet normal -1.984155e-01 -1.453638e-02 -9.800102e-01
    outer loop
      vertex 4.241655e-02 2.915506e-03 -7.827013e-02
      vertex 3.846015e-02 7.193312e-03 -7.753256e-02
      vertex 4.241655e-02 1.045340e-02 -7.838194e-02
    endloop
  endfacet
  facet normal 1.573518e-01 4.053902e-01 -9.004994e-01
    outer loop
      vertex 7.820972e-02 7.669574e-03 -7.911703e-02
      vertex 7.603992e-02 5.833597e-03 -8.032271e-02
      vertex 6.740542e-02 9.640412e-03 -8.011772e-02
    endloop
  endfacet
  facet normal 2.766672e-01 5.060309e-01 -8.169382e-01
    outer loop
      vertex 7.820972e-02 7.669574e-03 -7.911703e-02
      vertex 7.603992e-02 1.237397e-02 -7.693785e-02
      vertex 8.038219e-02 9.178831e-03 -7.744643e-02
    endloop
  endfacet
  facet normal 2.223863e-01 5.618549e-01 -7.967831e-01
    outer loop
      vertex 7.820972e-02 7.669574e-03 -7.911703e-02
      vertex 8.038219e-02 9.178831e-03 -7.744643e-02
      vertex 8.908104e-02 5.340053e-03 -7.772546e-02
    endloop
  endfacet
  facet normal 1.669015e-01 4.767608e-01 -8.630429e-01
    outer loop
      vertex 7.820972e-02 7.669574e-03 -7.911703e-02
      vertex 6.740542e-02 9.640412e-03 -8.011772e-02
      vertex 7.603992e-02 1.237397e-02 -7.693785e-02
    endloop
  endfacet
  facet normal 2.362284e-01 6.995632e-01 -6.743942e-01
    outer loop
      vertex 8.690677e-02 4.160558e-03 -7.971059e-02
      vertex 7.820972e-02 7.669574e-03 -7.911703e-02
      vertex 8.908104e-02 5.340053e-03 -7.772546e-02
    endloop
  endfacet
  facet normal 8.596304e-02 9.841099e-01 -1.553645e-01
    outer loop
      vertex 1.313461e-01 -5.821564e-04 -7.548962e-02
      vertex 1.105806e-01 1.236353e-03 -7.546035e-02
      vertex 1.189739e-01 2.643530e-03 -6.190300e-02
    endloop
  endfacet
  facet normal 1.236104e-01 9.848931e-01 -1.212682e-01
    outer loop
      vertex 1.313461e-01 -5.821564e-04 -7.548962e-02
      vertex 1.189739e-01 2.643530e-03 -6.190300e-02
      vertex 1.354182e-01 -2.000696e-04 -6.823580e-02
    endloop
  endfacet
  facet normal -4.035721e-01 5.093919e-01 -7.600325e-01
    outer loop
      vertex 2.352456e-01 1.828418e-02 -9.108569e-02
      vertex 1.983927e-01 1.123751e-02 -7.623989e-02
      vertex 2.371931e-01 2.151493e-02 -8.995448e-02
    endloop
  endfacet
  facet normal -1.527479e-02 9.998657e-01 -5.942833e-03
    outer loop
      vertex 2.086255e-02 4.187040e-04 -7.694705e-02
      vertex 2.086255e-02 4.183897e-04 -7.699993e-02
      vertex 2.000000e-02 4.060830e-04 -7.685350e-02
    endloop
  endfacet
  facet normal -9.798939e-03 9.982594e-01 5.815606e-02
    outer loop
      vertex 2.086255e-02 4.167024e-04 -7.689045e-02
      vertex 2.000000e-02 4.060830e-04 -7.685350e-02
      vertex 2.000000e-02 3.936507e-04 -7.664010e-02
    endloop
  endfacet
  facet normal -1.078937e-02 9.993171e-01 3.533902e-02
    outer loop
      vertex 2.086255e-02 4.167024e-04 -7.689045e-02
      vertex 2.086255e-02 4.187040e-04 -7.694705e-02
      vertex 2.000000e-02 4.060830e-04 -7.685350e-02
    endloop
  endfacet
  facet normal 1.226713e-02 9.881637e-01 1.529115e-01
    outer loop
      vertex 2.086255e-02 4.123303e-04 -7.683001e-02
      vertex 2.000000e-02 3.936507e-04 -7.664010e-02
      vertex 2.000000e-02 3.526073e-04 -7.637486e-02
    endloop
  endfacet
  facet normal 3.430229e-02 9.804687e-01 1.936608e-01
    outer loop
      vertex 2.086255e-02 4.123303e-04 -7.683001e-02
      vertex 2.000000e-02 3.526073e-04 -7.637486e-02
      vertex 2.173214e-02 2.507908e-04 -7.616619e-02
    endloop
  endfacet
  facet normal -1.940770e-02 9.653454e-01 2.602530e-01
    outer loop
      vertex 2.086255e-02 4.123303e-04 -7.683001e-02
      vertex 2.173214e-02 2.703533e-04 -7.623853e-02
      vertex 2.173214e-02 2.899181e-04 -7.631110e-02
    endloop
  endfacet
  facet normal -1.994315e-02 9.651355e-01 2.609898e-01
    outer loop
      vertex 2.086255e-02 4.123303e-04 -7.683001e-02
      vertex 2.173214e-02 2.507908e-04 -7.616619e-02
      vertex 2.173214e-02 2.703533e-04 -7.623853e-02
    endloop
  endfacet
  facet normal -5.714602e-03 9.973776e-01 7.214694e-02
    outer loop
      vertex 2.086255e-02 4.123303e-04 -7.683001e-02
      vertex 2.086255e-02 4.167024e-04 -7.689045e-02
      vertex 2.000000e-02 3.936507e-04 -7.664010e-02
    endloop
  endfacet
  facet normal 7.872113e-03 9.714262e-01 2.372114e-01
    outer loop
      vertex 2.260865e-02 5.578441e-05 -7.539669e-02
      vertex 2.173214e-02 2.507908e-04 -7.616619e-02
      vertex 2.173214e-02 1.040283e-04 -7.556517e-02
    endloop
  endfacet
  facet normal 1.921480e-02 9.831902e-01 1.815702e-01
    outer loop
      vertex 2.260865e-02 5.578441e-05 -7.539669e-02
      vertex 2.173214e-02 1.040283e-04 -7.556517e-02
      vertex 2.173214e-02 7.803162e-05 -7.542440e-02
    endloop
  endfacet
  facet normal 2.234505e-02 9.954699e-01 9.241433e-02
    outer loop
      vertex 2.260865e-02 5.304339e-05 -7.536716e-02
      vertex 2.260865e-02 5.578441e-05 -7.539669e-02
      vertex 2.173214e-02 7.803162e-05 -7.542440e-02
    endloop
  endfacet
  facet normal 2.325430e-02 9.966045e-01 7.898548e-02
    outer loop
      vertex 2.260865e-02 5.074929e-05 -7.533822e-02
      vertex 2.260865e-02 5.304339e-05 -7.536716e-02
      vertex 2.173214e-02 7.803162e-05 -7.542440e-02
    endloop
  endfacet
  facet normal 3.001083e-02 9.994870e-01 1.118079e-02
    outer loop
      vertex 2.260865e-02 4.815724e-05 -7.510651e-02
      vertex 2.260865e-02 5.074929e-05 -7.533822e-02
      vertex 2.173214e-02 7.803162e-05 -7.542440e-02
    endloop
  endfacet
  facet normal 1.628674e-02 9.986687e-01 4.894445e-02
    outer loop
      vertex 2.260865e-02 4.815724e-05 -7.510651e-02
      vertex 2.173214e-02 7.803162e-05 -7.542440e-02
      vertex 2.173214e-02 4.846734e-05 -7.482117e-02
    endloop
  endfacet
  facet normal -7.029960e-02 9.654411e-01 -2.509612e-01
    outer loop
      vertex 2.260865e-02 5.212234e-05 -7.505264e-02
      vertex 2.173214e-02 4.846734e-05 -7.482117e-02
      vertex 2.173214e-02 1.831260e-04 -7.430314e-02
    endloop
  endfacet
  facet normal -2.353692e-02 9.970259e-01 -7.338454e-02
    outer loop
      vertex 2.260865e-02 5.212234e-05 -7.505264e-02
      vertex 2.260865e-02 4.815724e-05 -7.510651e-02
      vertex 2.173214e-02 4.846734e-05 -7.482117e-02
    endloop
  endfacet
  facet normal -3.214007e-01 1.278759e-01 -9.382693e-01
    outer loop
      vertex 3.651098e-02 3.507193e-03 -7.737723e-02
      vertex 3.267515e-02 4.829551e-03 -7.588306e-02
      vertex 3.458235e-02 6.438105e-03 -7.631713e-02
    endloop
  endfacet
  facet normal -1.459254e-01 3.550109e-02 -9.886584e-01
    outer loop
      vertex 3.651098e-02 3.507193e-03 -7.737723e-02
      vertex 3.846015e-02 7.193312e-03 -7.753256e-02
      vertex 4.241655e-02 2.915506e-03 -7.827013e-02
    endloop
  endfacet
  facet normal -3.194235e-01 1.293481e-01 -9.387426e-01
    outer loop
      vertex 3.651098e-02 3.507193e-03 -7.737723e-02
      vertex 3.458235e-02 6.438105e-03 -7.631713e-02
      vertex 3.846015e-02 7.193312e-03 -7.753256e-02
    endloop
  endfacet
  facet normal 1.031126e-01 2.851885e-01 -9.529089e-01
    outer loop
      vertex 7.495631e-02 4.810183e-03 -8.074625e-02
      vertex 6.740542e-02 9.640412e-03 -8.011772e-02
      vertex 7.603992e-02 5.833597e-03 -8.032271e-02
    endloop
  endfacet
  facet normal 9.100585e-02 4.692593e-01 -8.783585e-01
    outer loop
      vertex 8.581924e-02 3.497412e-03 -8.055758e-02
      vertex 7.603992e-02 5.833597e-03 -8.032271e-02
      vertex 7.820972e-02 7.669574e-03 -7.911703e-02
    endloop
  endfacet
  facet normal 2.021605e-01 6.281473e-01 -7.513735e-01
    outer loop
      vertex 8.581924e-02 3.497412e-03 -8.055758e-02
      vertex 7.820972e-02 7.669574e-03 -7.911703e-02
      vertex 8.690677e-02 4.160558e-03 -7.971059e-02
    endloop
  endfacet
  facet normal 1.344447e-01 9.804293e-01 -1.438158e-01
    outer loop
      vertex 9.775133e-02 2.467140e-03 -7.906311e-02
      vertex 1.105806e-01 1.236353e-03 -7.546035e-02
      vertex 1.084624e-01 1.054107e-03 -7.868295e-02
    endloop
  endfacet
  facet normal 2.097955e-01 8.544496e-01 -4.752913e-01
    outer loop
      vertex 9.775133e-02 2.467140e-03 -7.906311e-02
      vertex 8.908104e-02 5.340053e-03 -7.772546e-02
      vertex 9.342332e-02 7.069792e-03 -7.269914e-02
    endloop
  endfacet
  facet normal 2.146508e-01 8.548956e-01 -4.723119e-01
    outer loop
      vertex 9.775133e-02 2.467140e-03 -7.906311e-02
      vertex 9.342332e-02 7.069792e-03 -7.269914e-02
      vertex 1.105806e-01 1.236353e-03 -7.546035e-02
    endloop
  endfacet
  facet normal -9.339019e-02 3.075549e-01 -9.469362e-01
    outer loop
      vertex 3.512500e-01 4.795165e-02 -1.021650e-01
      vertex 4.047632e-01 4.741977e-02 -1.076154e-01
      vertex 3.620405e-01 2.737016e-02 -1.099138e-01
    endloop
  endfacet
  facet normal -1.460788e-01 5.252314e-01 -8.383275e-01
    outer loop
      vertex 3.512500e-01 4.795165e-02 -1.021650e-01
      vertex 2.765385e-01 2.914918e-02 -1.009266e-01
      vertex 2.765385e-01 5.416526e-02 -8.525349e-02
    endloop
  endfacet
  facet normal -1.380728e-01 5.611133e-01 -8.161420e-01
    outer loop
      vertex 3.512500e-01 4.795165e-02 -1.021650e-01
      vertex 2.765385e-01 5.416526e-02 -8.525349e-02
      vertex 3.404529e-01 6.506463e-02 -8.857285e-02
    endloop
  endfacet
  facet normal -7.930460e-02 5.488003e-01 -8.321833e-01
    outer loop
      vertex 3.512500e-01 4.795165e-02 -1.021650e-01
      vertex 4.047632e-01 7.465561e-02 -8.965415e-02
      vertex 4.047632e-01 4.741977e-02 -1.076154e-01
    endloop
  endfacet
  facet normal -1.000069e-01 5.793783e-01 -8.089001e-01
    outer loop
      vertex 3.512500e-01 4.795165e-02 -1.021650e-01
      vertex 3.404529e-01 6.506463e-02 -8.857285e-02
      vertex 4.047632e-01 7.465561e-02 -8.965415e-02
    endloop
  endfacet
  facet normal -9.772941e-02 7.250479e-01 -6.817290e-01
    outer loop
      vertex 2.043039e-02 3.132078e-04 -7.727184e-02
      vertex 2.043039e-02 2.882869e-04 -7.729835e-02
      vertex 2.000000e-02 3.045135e-04 -7.721939e-02
    endloop
  endfacet
  facet normal -8.835194e-02 8.323972e-01 -5.470912e-01
    outer loop
      vertex 2.043039e-02 3.350374e-04 -7.724245e-02
      vertex 2.000000e-02 3.045135e-04 -7.721939e-02
      vertex 2.000000e-02 3.483294e-04 -7.715273e-02
    endloop
  endfacet
  facet normal -8.853805e-02 7.996151e-01 -5.939501e-01
    outer loop
      vertex 2.043039e-02 3.350374e-04 -7.724245e-02
      vertex 2.043039e-02 3.132078e-04 -7.727184e-02
      vertex 2.000000e-02 3.045135e-04 -7.721939e-02
    endloop
  endfacet
  facet normal -5.980161e-02 9.331910e-01 -3.543704e-01
    outer loop
      vertex 2.043039e-02 3.544622e-04 -7.720921e-02
      vertex 2.000000e-02 3.483294e-04 -7.715273e-02
      vertex 2.000000e-02 3.798305e-04 -7.706977e-02
    endloop
  endfacet
  facet normal -3.567426e-03 9.818462e-01 -1.896453e-01
    outer loop
      vertex 2.043039e-02 3.544622e-04 -7.720921e-02
      vertex 2.000000e-02 3.798305e-04 -7.706977e-02
      vertex 2.000000e-02 3.990040e-04 -7.697050e-02
    endloop
  endfacet
  facet normal 6.963883e-02 9.957515e-01 -6.024500e-02
    outer loop
      vertex 2.043039e-02 3.544622e-04 -7.720921e-02
      vertex 2.000000e-02 3.990040e-04 -7.697050e-02
      vertex 2.000000e-02 4.060830e-04 -7.685350e-02
    endloop
  endfacet
  facet normal -4.791505e-02 9.786245e-01 -1.999957e-01
    outer loop
      vertex 2.043039e-02 3.544622e-04 -7.720921e-02
      vertex 2.000000e-02 4.060830e-04 -7.685350e-02
      vertex 2.086255e-02 4.183897e-04 -7.699993e-02
    endloop
  endfacet
  facet normal -1.215966e-01 9.912327e-01 -5.169121e-02
    outer loop
      vertex 2.043039e-02 3.544622e-04 -7.720921e-02
      vertex 2.086255e-02 4.183897e-04 -7.699993e-02
      vertex 2.086255e-02 4.158263e-04 -7.704909e-02
    endloop
  endfacet
  facet normal -7.826134e-02 8.607955e-01 -5.028979e-01
    outer loop
      vertex 2.043039e-02 3.544622e-04 -7.720921e-02
      vertex 2.043039e-02 3.350374e-04 -7.724245e-02
      vertex 2.000000e-02 3.483294e-04 -7.715273e-02
    endloop
  endfacet
  facet normal -8.955584e-02 9.917175e-01 9.206598e-02
    outer loop
      vertex 2.304946e-02 6.448074e-05 -7.506157e-02
      vertex 2.260865e-02 5.578441e-05 -7.539669e-02
      vertex 2.260865e-02 5.304339e-05 -7.536716e-02
    endloop
  endfacet
  facet normal -8.037549e-02 9.936488e-01 7.875123e-02
    outer loop
      vertex 2.304946e-02 6.448074e-05 -7.506157e-02
      vertex 2.260865e-02 5.304339e-05 -7.536716e-02
      vertex 2.260865e-02 5.074929e-05 -7.533822e-02
    endloop
  endfacet
  facet normal -3.814048e-02 9.992099e-01 1.117769e-02
    outer loop
      vertex 2.304946e-02 6.448074e-05 -7.506157e-02
      vertex 2.260865e-02 5.074929e-05 -7.533822e-02
      vertex 2.260865e-02 4.815724e-05 -7.510651e-02
    endloop
  endfacet
  facet normal -2.943465e-02 9.968701e-01 -7.337307e-02
    outer loop
      vertex 2.304946e-02 6.448074e-05 -7.506157e-02
      vertex 2.260865e-02 4.815724e-05 -7.510651e-02
      vertex 2.260865e-02 5.212234e-05 -7.505264e-02
    endloop
  endfacet
  facet normal -1.692650e-01 9.719528e-01 -1.632703e-01
    outer loop
      vertex 2.304946e-02 6.641723e-05 -7.505004e-02
      vertex 2.349197e-02 1.803530e-04 -7.483053e-02
      vertex 2.304946e-02 6.448074e-05 -7.506157e-02
    endloop
  endfacet
  facet normal -3.099053e-02 9.857091e-01 -1.655811e-01
    outer loop
      vertex 2.304946e-02 6.641723e-05 -7.505004e-02
      vertex 2.304946e-02 6.448074e-05 -7.506157e-02
      vertex 2.260865e-02 5.212234e-05 -7.505264e-02
    endloop
  endfacet
  facet normal -3.088255e-02 9.840863e-01 -1.749871e-01
    outer loop
      vertex 2.304946e-02 6.844133e-05 -7.503866e-02
      vertex 2.304946e-02 6.641723e-05 -7.505004e-02
      vertex 2.260865e-02 5.212234e-05 -7.505264e-02
    endloop
  endfacet
  facet normal -1.643889e-01 9.711616e-01 -1.726889e-01
    outer loop
      vertex 2.304946e-02 6.844133e-05 -7.503866e-02
      vertex 2.349197e-02 1.803530e-04 -7.483053e-02
      vertex 2.304946e-02 6.641723e-05 -7.505004e-02
    endloop
  endfacet
  facet normal -1.141083e-01 7.620650e-01 -6.373667e-01
    outer loop
      vertex 2.304946e-02 1.514562e-04 -7.477721e-02
      vertex 2.349197e-02 3.601318e-04 -7.460693e-02
      vertex 2.349197e-02 2.011624e-04 -7.479700e-02
    endloop
  endfacet
  facet normal -4.514835e-02 6.873098e-01 -7.249599e-01
    outer loop
      vertex 2.304946e-02 1.514562e-04 -7.477721e-02
      vertex 2.349197e-02 3.938340e-04 -7.457498e-02
      vertex 2.349197e-02 3.601318e-04 -7.460693e-02
    endloop
  endfacet
  facet normal -2.174228e-02 6.636065e-01 -7.477658e-01
    outer loop
      vertex 2.304946e-02 1.514562e-04 -7.477721e-02
      vertex 2.349197e-02 4.500753e-04 -7.452507e-02
      vertex 2.349197e-02 3.938340e-04 -7.457498e-02
    endloop
  endfacet
  facet normal -2.567986e-02 9.527924e-01 -3.025347e-01
    outer loop
      vertex 2.304946e-02 1.514562e-04 -7.477721e-02
      vertex 2.304946e-02 6.844133e-05 -7.503866e-02
      vertex 2.260865e-02 5.212234e-05 -7.505264e-02
    endloop
  endfacet
  facet normal -9.822592e-02 9.484976e-01 -3.011710e-01
    outer loop
      vertex 2.304946e-02 1.514562e-04 -7.477721e-02
      vertex 2.349197e-02 1.803530e-04 -7.483053e-02
      vertex 2.304946e-02 6.844133e-05 -7.503866e-02
    endloop
  endfacet
  facet normal -1.226175e-01 9.076775e-01 -4.013558e-01
    outer loop
      vertex 2.304946e-02 1.514562e-04 -7.477721e-02
      vertex 2.173214e-02 1.831260e-04 -7.430314e-02
      vertex 2.173214e-02 1.931218e-04 -7.428053e-02
    endloop
  endfacet
  facet normal -6.491171e-02 9.673492e-01 -2.449937e-01
    outer loop
      vertex 2.304946e-02 1.514562e-04 -7.477721e-02
      vertex 2.260865e-02 5.212234e-05 -7.505264e-02
      vertex 2.173214e-02 1.831260e-04 -7.430314e-02
    endloop
  endfacet
  facet normal -2.044202e-01 7.904550e-01 -5.774022e-01
    outer loop
      vertex 2.304946e-02 1.514562e-04 -7.477721e-02
      vertex 2.173214e-02 2.288038e-04 -7.420495e-02
      vertex 2.349197e-02 4.500753e-04 -7.452507e-02
    endloop
  endfacet
  facet normal -1.278891e-01 9.008949e-01 -4.147683e-01
    outer loop
      vertex 2.304946e-02 1.514562e-04 -7.477721e-02
      vertex 2.173214e-02 1.931218e-04 -7.428053e-02
      vertex 2.173214e-02 2.097291e-04 -7.424446e-02
    endloop
  endfacet
  facet normal -1.347421e-01 8.923423e-01 -4.307782e-01
    outer loop
      vertex 2.304946e-02 1.514562e-04 -7.477721e-02
      vertex 2.173214e-02 2.097291e-04 -7.424446e-02
      vertex 2.173214e-02 2.288038e-04 -7.420495e-02
    endloop
  endfacet
  facet normal -1.181907e-01 8.436661e-01 -5.236969e-01
    outer loop
      vertex 2.304946e-02 1.514562e-04 -7.477721e-02
      vertex 2.349197e-02 2.011624e-04 -7.479700e-02
      vertex 2.349197e-02 1.803530e-04 -7.483053e-02
    endloop
  endfacet
  facet normal -2.842848e-01 2.816520e-01 -9.164356e-01
    outer loop
      vertex 3.172987e-02 2.586774e-03 -7.627911e-02
      vertex 3.079029e-02 3.338430e-03 -7.575663e-02
      vertex 3.267515e-02 4.829551e-03 -7.588306e-02
    endloop
  endfacet
  facet normal -2.908352e-01 2.737083e-01 -9.167871e-01
    outer loop
      vertex 3.172987e-02 2.586774e-03 -7.627911e-02
      vertex 2.939182e-02 1.975075e-03 -7.572002e-02
      vertex 3.079029e-02 3.338430e-03 -7.575663e-02
    endloop
  endfacet
  facet normal -2.651943e-01 2.749691e-01 -9.241558e-01
    outer loop
      vertex 3.172987e-02 2.586774e-03 -7.627911e-02
      vertex 3.267515e-02 4.829551e-03 -7.588306e-02
      vertex 3.651098e-02 3.507193e-03 -7.737723e-02
    endloop
  endfacet
  facet normal -1.550516e-01 -8.101356e-02 -9.845790e-01
    outer loop
      vertex 3.172987e-02 2.586774e-03 -7.627911e-02
      vertex 3.267515e-02 1.335050e-03 -7.632497e-02
      vertex 3.172987e-02 3.950105e-04 -7.609876e-02
    endloop
  endfacet
  facet normal -2.010368e-01 -1.161771e-01 -9.726701e-01
    outer loop
      vertex 3.172987e-02 2.586774e-03 -7.627911e-02
      vertex 3.651098e-02 3.507193e-03 -7.737723e-02
      vertex 3.267515e-02 1.335050e-03 -7.632497e-02
    endloop
  endfacet
  facet normal -3.642289e-02 1.584629e-01 -9.866929e-01
    outer loop
      vertex 6.847964e-02 4.240577e-03 -8.102459e-02
      vertex 6.312746e-02 4.574065e-03 -8.077346e-02
      vertex 6.740542e-02 9.640412e-03 -8.011772e-02
    endloop
  endfacet
  facet normal 2.730194e-02 1.708424e-01 -9.849200e-01
    outer loop
      vertex 6.847964e-02 4.240577e-03 -8.102459e-02
      vertex 6.740542e-02 9.640412e-03 -8.011772e-02
      vertex 7.495631e-02 4.810183e-03 -8.074625e-02
    endloop
  endfacet
  facet normal 2.868976e-03 4.125099e-01 -9.109486e-01
    outer loop
      vertex 7.387370e-02 3.825093e-03 -8.119575e-02
      vertex 6.847964e-02 4.240577e-03 -8.102459e-02
      vertex 7.495631e-02 4.810183e-03 -8.074625e-02
    endloop
  endfacet
  facet normal 3.407778e-02 3.511604e-01 -9.356950e-01
    outer loop
      vertex 8.527544e-02 3.179309e-03 -8.098249e-02
      vertex 7.495631e-02 4.810183e-03 -8.074625e-02
      vertex 7.603992e-02 5.833597e-03 -8.032271e-02
    endloop
  endfacet
  facet normal 1.481680e-01 6.913318e-01 -7.071822e-01
    outer loop
      vertex 8.527544e-02 3.179309e-03 -8.098249e-02
      vertex 7.603992e-02 5.833597e-03 -8.032271e-02
      vertex 8.581924e-02 3.497412e-03 -8.055758e-02
    endloop
  endfacet
  facet normal 2.253971e-01 8.774139e-01 -4.234868e-01
    outer loop
      vertex 9.721135e-02 2.302281e-03 -7.969208e-02
      vertex 8.908104e-02 5.340053e-03 -7.772546e-02
      vertex 9.775133e-02 2.467140e-03 -7.906311e-02
    endloop
  endfacet
  facet normal -4.598411e-02 9.962874e-01 -7.277902e-02
    outer loop
      vertex 1.515563e-01 -3.530623e-04 -8.052674e-02
      vertex 1.354182e-01 -2.000696e-04 -6.823580e-02
      vertex 1.554554e-01 5.524779e-04 -7.059420e-02
    endloop
  endfacet
  facet normal -8.437990e-02 9.947693e-01 -5.756793e-02
    outer loop
      vertex 1.727224e-01 1.396401e-03 -8.132029e-02
      vertex 1.515563e-01 -3.530623e-04 -8.052674e-02
      vertex 1.554554e-01 5.524779e-04 -7.059420e-02
    endloop
  endfacet
  facet normal -1.720211e-01 9.643594e-01 -2.010464e-01
    outer loop
      vertex 1.727224e-01 1.396401e-03 -8.132029e-02
      vertex 1.554554e-01 5.524779e-04 -7.059420e-02
      vertex 1.672737e-01 2.864428e-03 -6.961653e-02
    endloop
  endfacet
  facet normal -1.817160e-01 9.616972e-01 -2.052260e-01
    outer loop
      vertex 1.727224e-01 1.396401e-03 -8.132029e-02
      vertex 1.672737e-01 2.864428e-03 -6.961653e-02
      vertex 1.750926e-01 3.204786e-03 -7.494477e-02
    endloop
  endfacet
  facet normal -1.710698e-01 9.627327e-01 -2.094776e-01
    outer loop
      vertex 1.834319e-01 3.147889e-03 -8.201656e-02
      vertex 1.727224e-01 1.396401e-03 -8.132029e-02
      vertex 1.750926e-01 3.204786e-03 -7.494477e-02
    endloop
  endfacet
  facet normal -2.660139e-01 9.089507e-01 -3.210065e-01
    outer loop
      vertex 1.834319e-01 3.147889e-03 -8.201656e-02
      vertex 1.750926e-01 3.204786e-03 -7.494477e-02
      vertex 1.945175e-01 6.947730e-03 -8.044354e-02
    endloop
  endfacet
  facet normal -7.713672e-02 4.995035e-02 -9.957685e-01
    outer loop
      vertex 2.021497e-02 1.678680e-04 -7.733869e-02
      vertex 2.000000e-02 0.000000e+00 -7.733046e-02
      vertex 2.000000e-02 9.703550e-05 -7.732559e-02
    endloop
  endfacet
  facet normal -1.356333e-01 2.335760e-01 -9.628322e-01
    outer loop
      vertex 2.021497e-02 1.678680e-04 -7.733869e-02
      vertex 2.000000e-02 9.703550e-05 -7.732559e-02
      vertex 2.000000e-02 1.788040e-04 -7.730576e-02
    endloop
  endfacet
  facet normal -1.311148e-01 4.510649e-01 -8.828077e-01
    outer loop
      vertex 2.021497e-02 2.047685e-04 -7.732442e-02
      vertex 2.000000e-02 1.788040e-04 -7.730576e-02
      vertex 2.000000e-02 2.480286e-04 -7.727039e-02
    endloop
  endfacet
  facet normal -5.163985e-02 6.692200e-01 -7.412678e-01
    outer loop
      vertex 2.021497e-02 2.047685e-04 -7.732442e-02
      vertex 2.000000e-02 2.480286e-04 -7.727039e-02
      vertex 2.000000e-02 3.045135e-04 -7.721939e-02
    endloop
  endfacet
  facet normal -1.262199e-01 5.773559e-01 -8.066776e-01
    outer loop
      vertex 2.021497e-02 2.047685e-04 -7.732442e-02
      vertex 2.000000e-02 3.045135e-04 -7.721939e-02
      vertex 2.043039e-02 2.882869e-04 -7.729835e-02
    endloop
  endfacet
  facet normal -1.235829e-01 3.580204e-01 -9.254992e-01
    outer loop
      vertex 2.021497e-02 2.047685e-04 -7.732442e-02
      vertex 2.021497e-02 1.678680e-04 -7.733869e-02
      vertex 2.000000e-02 1.788040e-04 -7.730576e-02
    endloop
  endfacet
  facet normal -2.700022e-02 3.606545e-01 -9.323086e-01
    outer loop
      vertex 2.021497e-02 2.047685e-04 -7.732442e-02
      vertex 2.043039e-02 2.882869e-04 -7.729835e-02
      vertex 2.021497e-02 1.678680e-04 -7.733869e-02
    endloop
  endfacet
  facet normal -6.952520e-02 8.613544e-01 -5.032244e-01
    outer loop
      vertex 2.064625e-02 3.678786e-04 -7.721606e-02
      vertex 2.043039e-02 3.350374e-04 -7.724245e-02
      vertex 2.043039e-02 3.544622e-04 -7.720921e-02
    endloop
  endfacet
  facet normal -6.699841e-02 9.786642e-01 -1.942359e-01
    outer loop
      vertex 2.064625e-02 3.678786e-04 -7.721606e-02
      vertex 2.043039e-02 3.544622e-04 -7.720921e-02
      vertex 2.086255e-02 4.158263e-04 -7.704909e-02
    endloop
  endfacet
  facet normal -1.384835e-01 9.849481e-01 -1.034390e-01
    outer loop
      vertex 2.064625e-02 3.678786e-04 -7.721606e-02
      vertex 2.086255e-02 4.158263e-04 -7.704909e-02
      vertex 2.086255e-02 4.108915e-04 -7.709608e-02
    endloop
  endfacet
  facet normal -2.450496e-02 9.906082e-01 1.345175e-01
    outer loop
      vertex 2.327050e-02 4.291433e-04 -7.705614e-02
      vertex 2.304946e-02 4.490702e-04 -7.724315e-02
      vertex 2.173214e-02 2.899181e-04 -7.631110e-02
    endloop
  endfacet
  facet normal 3.865372e-02 9.648057e-01 2.601075e-01
    outer loop
      vertex 2.327050e-02 4.291433e-04 -7.705614e-02
      vertex 2.173214e-02 2.899181e-04 -7.631110e-02
      vertex 2.173214e-02 2.703533e-04 -7.623853e-02
    endloop
  endfacet
  facet normal -1.429137e-01 9.762785e-01 1.626530e-01
    outer loop
      vertex 2.327050e-02 4.291433e-04 -7.705614e-02
      vertex 2.260865e-02 5.578441e-05 -7.539669e-02
      vertex 2.304946e-02 6.448074e-05 -7.506157e-02
    endloop
  endfacet
  facet normal 3.906655e-02 9.645906e-01 2.608425e-01
    outer loop
      vertex 2.327050e-02 4.291433e-04 -7.705614e-02
      vertex 2.173214e-02 2.703533e-04 -7.623853e-02
      vertex 2.173214e-02 2.507908e-04 -7.616619e-02
    endloop
  endfacet
  facet normal 1.800320e-02 9.738921e-01 2.262964e-01
    outer loop
      vertex 2.327050e-02 4.291433e-04 -7.705614e-02
      vertex 2.173214e-02 2.507908e-04 -7.616619e-02
      vertex 2.260865e-02 5.578441e-05 -7.539669e-02
    endloop
  endfacet
  facet normal -7.318916e-02 9.405935e-01 -3.315528e-01
    outer loop
      vertex 2.482947e-02 5.403591e-05 -7.548413e-02
      vertex 2.304946e-02 6.448074e-05 -7.506157e-02
      vertex 2.349197e-02 1.803530e-04 -7.483053e-02
    endloop
  endfacet
  facet normal 4.966470e-02 9.814926e-01 1.849481e-01
    outer loop
      vertex 2.482947e-02 5.403591e-05 -7.548413e-02
      vertex 2.327050e-02 4.291433e-04 -7.705614e-02
      vertex 2.304946e-02 6.448074e-05 -7.506157e-02
    endloop
  endfacet
  facet normal 7.165921e-02 9.911467e-01 1.117726e-01
    outer loop
      vertex 2.505383e-02 9.555562e-05 -7.532576e-02
      vertex 2.663560e-02 4.757495e-05 -7.591439e-02
      vertex 2.618167e-02 1.285654e-04 -7.634155e-02
    endloop
  endfacet
  facet normal -1.152900e-01 9.886939e-01 -9.587813e-02
    outer loop
      vertex 2.505383e-02 9.555562e-05 -7.532576e-02
      vertex 2.618167e-02 1.285654e-04 -7.634155e-02
      vertex 2.482947e-02 5.403591e-05 -7.548413e-02
    endloop
  endfacet
  facet normal -1.416849e-01 7.593369e-01 -6.350850e-01
    outer loop
      vertex 2.505383e-02 1.499315e-04 -7.520670e-02
      vertex 2.349197e-02 2.011624e-04 -7.479700e-02
      vertex 2.349197e-02 3.601318e-04 -7.460693e-02
    endloop
  endfacet
  facet normal 1.239591e-01 9.026034e-01 -4.122394e-01
    outer loop
      vertex 2.505383e-02 1.499315e-04 -7.520670e-02
      vertex 2.505383e-02 9.555562e-05 -7.532576e-02
      vertex 2.482947e-02 5.403591e-05 -7.548413e-02
    endloop
  endfacet
  facet normal -1.829408e-01 6.764005e-01 -7.134529e-01
    outer loop
      vertex 2.505383e-02 1.499315e-04 -7.520670e-02
      vertex 2.349197e-02 3.601318e-04 -7.460693e-02
      vertex 2.349197e-02 3.938340e-04 -7.457498e-02
    endloop
  endfacet
  facet normal -1.950449e-01 6.510153e-01 -7.335779e-01
    outer loop
      vertex 2.505383e-02 1.499315e-04 -7.520670e-02
      vertex 2.349197e-02 3.938340e-04 -7.457498e-02
      vertex 2.349197e-02 4.500753e-04 -7.452507e-02
    endloop
  endfacet
  facet normal -2.080898e-01 6.252876e-01 -7.521396e-01
    outer loop
      vertex 2.505383e-02 1.499315e-04 -7.520670e-02
      vertex 2.349197e-02 4.500753e-04 -7.452507e-02
      vertex 2.349197e-02 5.145816e-04 -7.447144e-02
    endloop
  endfacet
  facet normal -2.127369e-01 6.168188e-01 -7.578111e-01
    outer loop
      vertex 2.505383e-02 1.499315e-04 -7.520670e-02
      vertex 2.349197e-02 5.145816e-04 -7.447144e-02
      vertex 2.349197e-02 8.399108e-04 -7.420664e-02
    endloop
  endfacet
  facet normal -5.102504e-02 9.559202e-01 -2.891592e-01
    outer loop
      vertex 2.505383e-02 1.499315e-04 -7.520670e-02
      vertex 2.482947e-02 5.403591e-05 -7.548413e-02
      vertex 2.349197e-02 1.803530e-04 -7.483053e-02
    endloop
  endfacet
  facet normal -1.665853e-02 9.836170e-01 -1.794997e-01
    outer loop
      vertex 2.505383e-02 1.499315e-04 -7.520670e-02
      vertex 2.709111e-02 1.075753e-04 -7.562788e-02
      vertex 2.663560e-02 4.757495e-05 -7.591439e-02
    endloop
  endfacet
  facet normal -1.536484e-01 6.847500e-01 -7.123971e-01
    outer loop
      vertex 2.505383e-02 1.499315e-04 -7.520670e-02
      vertex 2.349197e-02 8.399108e-04 -7.420664e-02
      vertex 2.349197e-02 9.510508e-04 -7.409982e-02
    endloop
  endfacet
  facet normal -1.259963e-01 9.023699e-01 -4.121328e-01
    outer loop
      vertex 2.505383e-02 1.499315e-04 -7.520670e-02
      vertex 2.663560e-02 4.757495e-05 -7.591439e-02
      vertex 2.505383e-02 9.555562e-05 -7.532576e-02
    endloop
  endfacet
  facet normal -1.098064e-01 8.444835e-01 -5.242043e-01
    outer loop
      vertex 2.505383e-02 1.499315e-04 -7.520670e-02
      vertex 2.349197e-02 1.803530e-04 -7.483053e-02
      vertex 2.349197e-02 2.011624e-04 -7.479700e-02
    endloop
  endfacet
  facet normal 3.668950e-03 7.223690e-01 -6.914981e-01
    outer loop
      vertex 2.731945e-02 1.987737e-04 -7.553139e-02
      vertex 2.731945e-02 1.921057e-04 -7.553836e-02
      vertex 2.709111e-02 1.075753e-04 -7.562788e-02
    endloop
  endfacet
  facet normal -4.922076e-02 4.752070e-01 -8.784962e-01
    outer loop
      vertex 2.731945e-02 1.987737e-04 -7.553139e-02
      vertex 2.754818e-02 3.295861e-04 -7.547345e-02
      vertex 2.754818e-02 3.118008e-04 -7.548307e-02
    endloop
  endfacet
  facet normal -1.278108e-01 5.798936e-01 -8.046042e-01
    outer loop
      vertex 2.731945e-02 1.987737e-04 -7.553139e-02
      vertex 2.505383e-02 1.499315e-04 -7.520670e-02
      vertex 2.754818e-02 3.295861e-04 -7.547345e-02
    endloop
  endfacet
  facet normal -9.705192e-02 8.277118e-01 -5.526971e-01
    outer loop
      vertex 2.731945e-02 1.987737e-04 -7.553139e-02
      vertex 2.709111e-02 1.075753e-04 -7.562788e-02
      vertex 2.505383e-02 1.499315e-04 -7.520670e-02
    endloop
  endfacet
  facet normal -3.113004e-01 6.975710e-01 -6.453578e-01
    outer loop
      vertex 2.823669e-02 2.424098e-03 -7.520000e-02
      vertex 2.709111e-02 2.621057e-03 -7.443451e-02
      vertex 2.709111e-02 2.649276e-03 -7.440401e-02
    endloop
  endfacet
  facet normal -3.097120e-01 6.998032e-01 -6.437033e-01
    outer loop
      vertex 2.823669e-02 2.424098e-03 -7.520000e-02
      vertex 2.709111e-02 2.649276e-03 -7.440401e-02
      vertex 2.709111e-02 2.678351e-03 -7.437240e-02
    endloop
  endfacet
  facet normal -3.089154e-01 7.008676e-01 -6.429276e-01
    outer loop
      vertex 2.823669e-02 2.424098e-03 -7.520000e-02
      vertex 2.709111e-02 2.678351e-03 -7.437240e-02
      vertex 2.709111e-02 2.708312e-03 -7.433974e-02
    endloop
  endfacet
  facet normal -3.089387e-01 7.008379e-01 -6.429488e-01
    outer loop
      vertex 2.823669e-02 2.424098e-03 -7.520000e-02
      vertex 2.709111e-02 2.708312e-03 -7.433974e-02
      vertex 2.709111e-02 2.739620e-03 -7.430561e-02
    endloop
  endfacet
  facet normal -3.107409e-01 6.986321e-01 -6.444790e-01
    outer loop
      vertex 2.823669e-02 2.424098e-03 -7.520000e-02
      vertex 2.709111e-02 2.739620e-03 -7.430561e-02
      vertex 2.709111e-02 2.790293e-03 -7.425068e-02
    endloop
  endfacet
  facet normal -3.161677e-01 6.923510e-01 -6.486048e-01
    outer loop
      vertex 2.823669e-02 2.424098e-03 -7.520000e-02
      vertex 2.709111e-02 2.790293e-03 -7.425068e-02
      vertex 2.709111e-02 2.847029e-03 -7.419012e-02
    endloop
  endfacet
  facet normal -3.732802e-01 6.253056e-01 -6.853136e-01
    outer loop
      vertex 2.823669e-02 2.424098e-03 -7.520000e-02
      vertex 2.709111e-02 2.847029e-03 -7.419012e-02
      vertex 3.079029e-02 3.338430e-03 -7.575663e-02
    endloop
  endfacet
  facet normal -3.554017e-01 6.270219e-01 -6.932049e-01
    outer loop
      vertex 2.823669e-02 2.424098e-03 -7.520000e-02
      vertex 2.349197e-02 9.510508e-04 -7.409982e-02
      vertex 2.709111e-02 2.621057e-03 -7.443451e-02
    endloop
  endfacet
  facet normal -2.999826e-01 2.832487e-01 -9.109229e-01
    outer loop
      vertex 2.823669e-02 2.424098e-03 -7.520000e-02
      vertex 3.079029e-02 3.338430e-03 -7.575663e-02
      vertex 2.939182e-02 1.975075e-03 -7.572002e-02
    endloop
  endfacet
  facet normal -1.166818e-01 1.661925e-01 -9.791657e-01
    outer loop
      vertex 2.823669e-02 2.424098e-03 -7.520000e-02
      vertex 2.754818e-02 3.295861e-04 -7.547345e-02
      vertex 2.505383e-02 1.499315e-04 -7.520670e-02
    endloop
  endfacet
  facet normal -3.355817e-01 4.720758e-01 -8.151867e-01
    outer loop
      vertex 2.823669e-02 2.424098e-03 -7.520000e-02
      vertex 2.505383e-02 1.499315e-04 -7.520670e-02
      vertex 2.349197e-02 9.510508e-04 -7.409982e-02
    endloop
  endfacet
  facet normal -4.331035e-02 5.605444e-02 -9.974879e-01
    outer loop
      vertex 6.794231e-02 3.535552e-03 -8.104088e-02
      vertex 6.312746e-02 4.574065e-03 -8.077346e-02
      vertex 6.847964e-02 4.240577e-03 -8.102459e-02
    endloop
  endfacet
  facet normal -8.296936e-02 -1.302587e-01 -9.880024e-01
    outer loop
      vertex 6.794231e-02 3.535552e-03 -8.104088e-02
      vertex 6.206328e-02 2.805057e-03 -8.045087e-02
      vertex 6.312746e-02 4.574065e-03 -8.077346e-02
    endloop
  endfacet
  facet normal -1.092451e-02 2.563305e-01 -9.665275e-01
    outer loop
      vertex 7.360322e-02 3.535986e-03 -8.126936e-02
      vertex 6.847964e-02 4.240577e-03 -8.102459e-02
      vertex 7.387370e-02 3.825093e-03 -8.119575e-02
    endloop
  endfacet
  facet normal 1.212864e-02 4.040296e-01 -9.146655e-01
    outer loop
      vertex 8.477006e-02 2.072874e-03 -8.182526e-02
      vertex 7.387370e-02 3.825093e-03 -8.119575e-02
      vertex 7.495631e-02 4.810183e-03 -8.074625e-02
    endloop
  endfacet
  facet normal 7.358248e-02 5.828082e-01 -8.092714e-01
    outer loop
      vertex 8.477006e-02 2.072874e-03 -8.182526e-02
      vertex 7.495631e-02 4.810183e-03 -8.074625e-02
      vertex 8.527544e-02 3.179309e-03 -8.098249e-02
    endloop
  endfacet
  facet normal 7.715539e-02 9.912852e-01 -1.067737e-01
    outer loop
      vertex 1.192711e-01 1.047366e-04 -7.968649e-02
      vertex 1.084624e-01 1.054107e-03 -7.868295e-02
      vertex 1.105806e-01 1.236353e-03 -7.546035e-02
    endloop
  endfacet
  facet normal 8.678477e-02 9.923973e-01 -8.727008e-02
    outer loop
      vertex 1.192711e-01 1.047366e-04 -7.968649e-02
      vertex 1.105806e-01 1.236353e-03 -7.546035e-02
      vertex 1.313461e-01 -5.821564e-04 -7.548962e-02
    endloop
  endfacet
  facet normal -2.444647e-01 8.809369e-01 -4.052002e-01
    outer loop
      vertex 1.931666e-01 4.220273e-03 -8.555826e-02
      vertex 1.834319e-01 3.147889e-03 -8.201656e-02
      vertex 1.945175e-01 6.947730e-03 -8.044354e-02
    endloop
  endfacet
  facet normal -3.250241e-01 7.952048e-01 -5.118678e-01
    outer loop
      vertex 2.035801e-01 6.361271e-03 -8.710916e-02
      vertex 1.945175e-01 6.947730e-03 -8.044354e-02
      vertex 1.983927e-01 1.123751e-02 -7.623989e-02
    endloop
  endfacet
  facet normal -2.764155e-01 8.206708e-01 -5.000939e-01
    outer loop
      vertex 2.089065e-01 7.687681e-03 -8.787654e-02
      vertex 2.035801e-01 6.361271e-03 -8.710916e-02
      vertex 1.983927e-01 1.123751e-02 -7.623989e-02
    endloop
  endfacet
  facet normal -8.838422e-02 3.100536e-01 -9.466018e-01
    outer loop
      vertex 3.396121e-01 2.225827e-02 -1.094941e-01
      vertex 3.512500e-01 4.795165e-02 -1.021650e-01
      vertex 3.620405e-01 2.737016e-02 -1.099138e-01
    endloop
  endfacet
  facet normal -9.427484e-02 3.123445e-01 -9.452794e-01
    outer loop
      vertex 3.396121e-01 2.225827e-02 -1.094941e-01
      vertex 2.765385e-01 2.914918e-02 -1.009266e-01
      vertex 3.512500e-01 4.795165e-02 -1.021650e-01
    endloop
  endfacet
  facet normal -1.003872e-01 2.712808e-01 -9.572508e-01
    outer loop
      vertex 3.396121e-01 2.225827e-02 -1.094941e-01
      vertex 2.766793e-01 2.383253e-02 -1.024481e-01
      vertex 2.765385e-01 2.914918e-02 -1.009266e-01
    endloop
  endfacet
  facet normal 1.178903e-02 9.944615e-01 -1.044381e-01
    outer loop
      vertex 2.162306e-02 3.741299e-04 -7.736028e-02
      vertex 2.086255e-02 4.108915e-04 -7.709608e-02
      vertex 2.086255e-02 4.158263e-04 -7.704909e-02
    endloop
  endfacet
  facet normal -1.230839e-01 8.710596e-01 -4.755055e-01
    outer loop
      vertex 2.162306e-02 3.741299e-04 -7.736028e-02
      vertex 2.151409e-02 3.353963e-04 -7.740302e-02
      vertex 2.086255e-02 4.108915e-04 -7.709608e-02
    endloop
  endfacet
  facet normal 3.241851e-02 9.988500e-01 3.532251e-02
    outer loop
      vertex 2.173214e-02 4.032313e-04 -7.730761e-02
      vertex 2.086255e-02 4.187040e-04 -7.694705e-02
      vertex 2.086255e-02 4.167024e-04 -7.689045e-02
    endloop
  endfacet
  facet normal -1.018082e-03 9.986425e-01 -5.207762e-02
    outer loop
      vertex 2.173214e-02 4.032313e-04 -7.730761e-02
      vertex 2.086255e-02 4.158263e-04 -7.704909e-02
      vertex 2.086255e-02 4.183897e-04 -7.699993e-02
    endloop
  endfacet
  facet normal 1.532669e-02 9.998649e-01 -5.942829e-03
    outer loop
      vertex 2.173214e-02 4.032313e-04 -7.730761e-02
      vertex 2.086255e-02 4.183897e-04 -7.699993e-02
      vertex 2.086255e-02 4.187040e-04 -7.694705e-02
    endloop
  endfacet
  facet normal -8.688173e-02 9.371631e-01 -3.379008e-01
    outer loop
      vertex 2.173214e-02 4.032313e-04 -7.730761e-02
      vertex 2.162306e-02 3.741299e-04 -7.736028e-02
      vertex 2.086255e-02 4.158263e-04 -7.704909e-02
    endloop
  endfacet
  facet normal 4.999940e-02 9.961464e-01 7.205788e-02
    outer loop
      vertex 2.173214e-02 4.032313e-04 -7.730761e-02
      vertex 2.086255e-02 4.167024e-04 -7.689045e-02
      vertex 2.086255e-02 4.123303e-04 -7.683001e-02
    endloop
  endfacet
  facet normal 7.226016e-02 9.909995e-01 1.126871e-01
    outer loop
      vertex 2.173214e-02 4.032313e-04 -7.730761e-02
      vertex 2.086255e-02 4.123303e-04 -7.683001e-02
      vertex 2.173214e-02 2.899181e-04 -7.631110e-02
    endloop
  endfacet
  facet normal 3.162723e-02 9.876199e-01 1.536446e-01
    outer loop
      vertex 2.731945e-02 9.415301e-05 -7.635456e-02
      vertex 2.618167e-02 1.285654e-04 -7.634155e-02
      vertex 2.663560e-02 4.757495e-05 -7.591439e-02
    endloop
  endfacet
  facet normal -2.334261e-01 3.478276e-03 -9.723683e-01
    outer loop
      vertex 3.043943e-02 2.324982e-04 -7.597775e-02
      vertex 2.939182e-02 1.975075e-03 -7.572002e-02
      vertex 3.172987e-02 2.586774e-03 -7.627911e-02
    endloop
  endfacet
  facet normal -1.138463e-01 6.279103e-01 -7.699141e-01
    outer loop
      vertex 3.043943e-02 2.324982e-04 -7.597775e-02
      vertex 3.032266e-02 1.748245e-04 -7.600751e-02
      vertex 2.939182e-02 2.207940e-04 -7.583238e-02
    endloop
  endfacet
  facet normal -8.285082e-02 -8.172336e-02 -9.932054e-01
    outer loop
      vertex 3.043943e-02 2.324982e-04 -7.597775e-02
      vertex 3.172987e-02 2.586774e-03 -7.627911e-02
      vertex 3.172987e-02 3.950105e-04 -7.609876e-02
    endloop
  endfacet
  facet normal -3.609617e-02 5.056960e-02 -9.980680e-01
    outer loop
      vertex 7.335192e-02 2.587433e-03 -8.128456e-02
      vertex 6.794231e-02 3.535552e-03 -8.104088e-02
      vertex 6.847964e-02 4.240577e-03 -8.102459e-02
    endloop
  endfacet
  facet normal 3.342937e-01 -7.350905e-02 -9.395979e-01
    outer loop
      vertex 7.335192e-02 2.587433e-03 -8.128456e-02
      vertex 7.360322e-02 3.535986e-03 -8.126936e-02
      vertex 7.387370e-02 3.825093e-03 -8.119575e-02
    endloop
  endfacet
  facet normal -4.308323e-02 8.956749e-02 -9.950485e-01
    outer loop
      vertex 7.335192e-02 2.587433e-03 -8.128456e-02
      vertex 7.387370e-02 3.825093e-03 -8.119575e-02
      vertex 8.477006e-02 2.072874e-03 -8.182526e-02
    endloop
  endfacet
  facet normal -4.390960e-02 2.763328e-02 -9.986533e-01
    outer loop
      vertex 7.335192e-02 2.587433e-03 -8.128456e-02
      vertex 6.847964e-02 4.240577e-03 -8.102459e-02
      vertex 7.360322e-02 3.535986e-03 -8.126936e-02
    endloop
  endfacet
  facet normal 9.232213e-02 9.432511e-01 -3.189890e-01
    outer loop
      vertex 9.086555e-02 2.410578e-03 -8.120845e-02
      vertex 9.721135e-02 2.302281e-03 -7.969208e-02
      vertex 9.694125e-02 2.222850e-03 -8.000513e-02
    endloop
  endfacet
  facet normal 1.212397e-01 7.893793e-01 -6.018149e-01
    outer loop
      vertex 9.086555e-02 2.410578e-03 -8.120845e-02
      vertex 8.690677e-02 4.160558e-03 -7.971059e-02
      vertex 8.908104e-02 5.340053e-03 -7.772546e-02
    endloop
  endfacet
  facet normal 7.242957e-02 7.380494e-01 -6.708480e-01
    outer loop
      vertex 9.086555e-02 2.410578e-03 -8.120845e-02
      vertex 8.581924e-02 3.497412e-03 -8.055758e-02
      vertex 8.690677e-02 4.160558e-03 -7.971059e-02
    endloop
  endfacet
  facet normal 1.541764e-01 7.936421e-01 -5.885252e-01
    outer loop
      vertex 9.086555e-02 2.410578e-03 -8.120845e-02
      vertex 8.908104e-02 5.340053e-03 -7.772546e-02
      vertex 9.721135e-02 2.302281e-03 -7.969208e-02
    endloop
  endfacet
  facet normal 6.582242e-02 9.940296e-01 -8.702018e-02
    outer loop
      vertex 1.190292e-01 1.657952e-04 -8.083739e-02
      vertex 1.079691e-01 9.130817e-04 -8.066701e-02
      vertex 1.084624e-01 1.054107e-03 -7.868295e-02
    endloop
  endfacet
  facet normal 9.055869e-02 9.953184e-01 3.377013e-02
    outer loop
      vertex 1.190292e-01 1.657952e-04 -8.083739e-02
      vertex 1.084624e-01 1.054107e-03 -7.868295e-02
      vertex 1.192711e-01 1.047366e-04 -7.968649e-02
    endloop
  endfacet
  facet normal -2.594784e-01 8.330502e-01 -4.885675e-01
    outer loop
      vertex 2.137669e-01 8.183378e-03 -8.961270e-02
      vertex 2.089065e-01 7.687681e-03 -8.787654e-02
      vertex 1.983927e-01 1.123751e-02 -7.623989e-02
    endloop
  endfacet
  facet normal -3.753439e-01 7.115192e-01 -5.940181e-01
    outer loop
      vertex 2.137669e-01 8.183378e-03 -8.961270e-02
      vertex 1.983927e-01 1.123751e-02 -7.623989e-02
      vertex 2.352456e-01 1.828418e-02 -9.108569e-02
    endloop
  endfacet
  facet normal -2.972477e-01 4.701548e-01 -8.310224e-01
    outer loop
      vertex 2.442106e-01 1.272089e-02 -9.743984e-02
      vertex 2.352456e-01 1.828418e-02 -9.108569e-02
      vertex 2.371931e-01 2.151493e-02 -8.995448e-02
    endloop
  endfacet
  facet normal -2.705428e-01 5.021597e-01 -8.213661e-01
    outer loop
      vertex 2.442106e-01 1.272089e-02 -9.743984e-02
      vertex 2.344099e-01 1.273603e-02 -9.420240e-02
      vertex 2.352456e-01 1.828418e-02 -9.108569e-02
    endloop
  endfacet
  facet normal -2.590541e-01 4.978028e-01 -8.276976e-01
    outer loop
      vertex 2.650952e-01 1.681404e-02 -1.015146e-01
      vertex 2.442106e-01 1.272089e-02 -9.743984e-02
      vertex 2.371931e-01 2.151493e-02 -8.995448e-02
    endloop
  endfacet
  facet normal -1.099091e-01 4.936174e-02 -9.927152e-01
    outer loop
      vertex 2.650952e-01 1.681404e-02 -1.015146e-01
      vertex 2.766793e-01 2.383253e-02 -1.024481e-01
      vertex 3.396121e-01 2.225827e-02 -1.094941e-01
    endloop
  endfacet
  facet normal -3.126407e-01 3.324458e-01 -8.897953e-01
    outer loop
      vertex 2.650952e-01 1.681404e-02 -1.015146e-01
      vertex 2.371931e-01 2.151493e-02 -8.995448e-02
      vertex 2.765385e-01 2.914918e-02 -1.009266e-01
    endloop
  endfacet
  facet normal -2.340473e-01 2.617529e-01 -9.363265e-01
    outer loop
      vertex 2.650952e-01 1.681404e-02 -1.015146e-01
      vertex 2.765385e-01 2.914918e-02 -1.009266e-01
      vertex 2.766793e-01 2.383253e-02 -1.024481e-01
    endloop
  endfacet
  facet normal -1.185176e-01 1.033456e-01 -9.875592e-01
    outer loop
      vertex 2.075435e-02 1.996809e-04 -7.740009e-02
      vertex 2.000000e-02 0.000000e+00 -7.733046e-02
      vertex 2.021497e-02 1.678680e-04 -7.733869e-02
    endloop
  endfacet
  facet normal -1.269134e-01 5.117217e-01 -8.497258e-01
    outer loop
      vertex 2.075435e-02 1.996809e-04 -7.740009e-02
      vertex 2.021497e-02 1.678680e-04 -7.733869e-02
      vertex 2.043039e-02 2.882869e-04 -7.729835e-02
    endloop
  endfacet
  facet normal -5.206704e-02 9.940049e-01 9.614212e-02
    outer loop
      vertex 2.227915e-02 4.191918e-04 -7.735141e-02
      vertex 2.173214e-02 2.899181e-04 -7.631110e-02
      vertex 2.304946e-02 4.490702e-04 -7.724315e-02
    endloop
  endfacet
  facet normal -4.655188e-02 7.964119e-01 -6.029602e-01
    outer loop
      vertex 2.227915e-02 4.191918e-04 -7.735141e-02
      vertex 2.151409e-02 3.353963e-04 -7.740302e-02
      vertex 2.162306e-02 3.741299e-04 -7.736028e-02
    endloop
  endfacet
  facet normal -5.792311e-02 9.197330e-01 -3.882475e-01
    outer loop
      vertex 2.227915e-02 4.191918e-04 -7.735141e-02
      vertex 2.162306e-02 3.741299e-04 -7.736028e-02
      vertex 2.173214e-02 4.032313e-04 -7.730761e-02
    endloop
  endfacet
  facet normal -1.993998e-02 9.933994e-01 1.129599e-01
    outer loop
      vertex 2.227915e-02 4.191918e-04 -7.735141e-02
      vertex 2.173214e-02 4.032313e-04 -7.730761e-02
      vertex 2.173214e-02 2.899181e-04 -7.631110e-02
    endloop
  endfacet
  facet normal 6.347127e-03 9.933481e-01 1.149753e-01
    outer loop
      vertex 2.720523e-02 4.649521e-05 -7.593651e-02
      vertex 2.731945e-02 9.415301e-05 -7.635456e-02
      vertex 2.663560e-02 4.757495e-05 -7.591439e-02
    endloop
  endfacet
  facet normal -5.758846e-03 9.805498e-01 -1.961861e-01
    outer loop
      vertex 2.720523e-02 4.649521e-05 -7.593651e-02
      vertex 2.663560e-02 4.757495e-05 -7.591439e-02
      vertex 2.709111e-02 1.075753e-04 -7.562788e-02
    endloop
  endfacet
  facet normal 1.387209e-03 9.935210e-01 1.136399e-01
    outer loop
      vertex 2.777730e-02 4.859892e-05 -7.596188e-02
      vertex 2.731945e-02 9.415301e-05 -7.635456e-02
      vertex 2.720523e-02 4.649521e-05 -7.593651e-02
    endloop
  endfacet
  facet normal 2.936216e-02 9.713345e-01 -2.358966e-01
    outer loop
      vertex 2.881308e-02 4.854671e-05 -7.609548e-02
      vertex 2.823669e-02 1.565769e-04 -7.572240e-02
      vertex 2.892864e-02 6.271674e-05 -7.602275e-02
    endloop
  endfacet
  facet normal 1.298405e-02 9.948750e-01 1.002754e-01
    outer loop
      vertex 2.881308e-02 4.854671e-05 -7.609548e-02
      vertex 2.731945e-02 9.415301e-05 -7.635456e-02
      vertex 2.777730e-02 4.859892e-05 -7.596188e-02
    endloop
  endfacet
  facet normal -4.376328e-02 9.395296e-01 -3.396600e-01
    outer loop
      vertex 2.881308e-02 4.854671e-05 -7.609548e-02
      vertex 2.777730e-02 4.859892e-05 -7.596188e-02
      vertex 2.823669e-02 1.565769e-04 -7.572240e-02
    endloop
  endfacet
  facet normal -3.756494e-01 1.005944e-01 -9.212862e-01
    outer loop
      vertex 2.881308e-02 9.364457e-04 -7.559745e-02
      vertex 2.823669e-02 2.424098e-03 -7.520000e-02
      vertex 2.939182e-02 1.975075e-03 -7.572002e-02
    endloop
  endfacet
  facet normal -1.840872e-01 1.865075e-01 -9.650528e-01
    outer loop
      vertex 2.881308e-02 9.364457e-04 -7.559745e-02
      vertex 2.754818e-02 3.295861e-04 -7.547345e-02
      vertex 2.823669e-02 2.424098e-03 -7.520000e-02
    endloop
  endfacet
  facet normal -1.322686e-01 -1.165368e-01 -9.843395e-01
    outer loop
      vertex 5.169810e-02 1.438879e-03 -7.886649e-02
      vertex 5.053657e-02 1.102427e-02 -7.984523e-02
      vertex 6.312746e-02 4.574065e-03 -8.077346e-02
    endloop
  endfacet
  facet normal -1.379139e-01 -9.678657e-02 -9.857039e-01
    outer loop
      vertex 5.169810e-02 1.438879e-03 -7.886649e-02
      vertex 6.312746e-02 4.574065e-03 -8.077346e-02
      vertex 6.206328e-02 2.805057e-03 -8.045087e-02
    endloop
  endfacet
  facet normal -2.002896e-03 6.065152e-01 -7.950694e-01
    outer loop
      vertex 8.781905e-02 2.345545e-03 -8.162493e-02
      vertex 8.477006e-02 2.072874e-03 -8.182526e-02
      vertex 8.527544e-02 3.179309e-03 -8.098249e-02
    endloop
  endfacet
  facet normal 7.834090e-02 7.473725e-01 -6.597705e-01
    outer loop
      vertex 8.781905e-02 2.345545e-03 -8.162493e-02
      vertex 8.527544e-02 3.179309e-03 -8.098249e-02
      vertex 8.581924e-02 3.497412e-03 -8.055758e-02
    endloop
  endfacet
  facet normal 7.479388e-02 7.445469e-01 -6.633670e-01
    outer loop
      vertex 8.781905e-02 2.345545e-03 -8.162493e-02
      vertex 8.581924e-02 3.497412e-03 -8.055758e-02
      vertex 9.086555e-02 2.410578e-03 -8.120845e-02
    endloop
  endfacet
  facet normal 8.240068e-02 9.467289e-01 -3.113110e-01
    outer loop
      vertex 1.021053e-01 1.261471e-03 -8.156190e-02
      vertex 9.694125e-02 2.222850e-03 -8.000513e-02
      vertex 9.721135e-02 2.302281e-03 -7.969208e-02
    endloop
  endfacet
  facet normal 7.255143e-02 9.934171e-01 -8.864969e-02
    outer loop
      vertex 1.021053e-01 1.261471e-03 -8.156190e-02
      vertex 1.084624e-01 1.054107e-03 -7.868295e-02
      vertex 1.079691e-01 9.130817e-04 -8.066701e-02
    endloop
  endfacet
  facet normal 1.352992e-01 9.638991e-01 -2.293310e-01
    outer loop
      vertex 1.021053e-01 1.261471e-03 -8.156190e-02
      vertex 9.775133e-02 2.467140e-03 -7.906311e-02
      vertex 1.084624e-01 1.054107e-03 -7.868295e-02
    endloop
  endfacet
  facet normal 8.009081e-02 9.452029e-01 -3.165073e-01
    outer loop
      vertex 1.021053e-01 1.261471e-03 -8.156190e-02
      vertex 9.721135e-02 2.302281e-03 -7.969208e-02
      vertex 9.775133e-02 2.467140e-03 -7.906311e-02
    endloop
  endfacet
  facet normal 7.653048e-02 9.416875e-01 -3.276701e-01
    outer loop
      vertex 1.021053e-01 1.261471e-03 -8.156190e-02
      vertex 9.643901e-02 1.732270e-03 -8.153230e-02
      vertex 9.694125e-02 2.222850e-03 -8.000513e-02
    endloop
  endfacet
  facet normal -1.845755e-01 9.585424e-01 -2.170906e-01
    outer loop
      vertex 1.825119e-01 2.216852e-03 -8.534528e-02
      vertex 1.834319e-01 3.147889e-03 -8.201656e-02
      vertex 1.931666e-01 4.220273e-03 -8.555826e-02
    endloop
  endfacet
  facet normal -1.713920e-01 9.600592e-01 -2.211584e-01
    outer loop
      vertex 1.825119e-01 2.216852e-03 -8.534528e-02
      vertex 1.727224e-01 1.396401e-03 -8.132029e-02
      vertex 1.834319e-01 3.147889e-03 -8.201656e-02
    endloop
  endfacet
  facet normal -2.478916e-01 8.758297e-01 -4.140918e-01
    outer loop
      vertex 1.980368e-01 4.588084e-03 -8.754112e-02
      vertex 1.945175e-01 6.947730e-03 -8.044354e-02
      vertex 2.035801e-01 6.361271e-03 -8.710916e-02
    endloop
  endfacet
  facet normal -2.331242e-01 8.822920e-01 -4.089179e-01
    outer loop
      vertex 1.980368e-01 4.588084e-03 -8.754112e-02
      vertex 1.931666e-01 4.220273e-03 -8.555826e-02
      vertex 1.945175e-01 6.947730e-03 -8.044354e-02
    endloop
  endfacet
  facet normal -1.829967e-01 9.440598e-01 -2.743417e-01
    outer loop
      vertex 1.980368e-01 4.588084e-03 -8.754112e-02
      vertex 1.825119e-01 2.216852e-03 -8.534528e-02
      vertex 1.931666e-01 4.220273e-03 -8.555826e-02
    endloop
  endfacet
  facet normal -3.197456e-01 5.694873e-01 -7.572628e-01
    outer loop
      vertex 2.186383e-01 8.428546e-03 -9.148521e-02
      vertex 2.137669e-01 8.183378e-03 -8.961270e-02
      vertex 2.352456e-01 1.828418e-02 -9.108569e-02
    endloop
  endfacet
  facet normal -6.012092e-02 8.348573e-01 -5.471734e-01
    outer loop
      vertex 2.070028e-02 3.004143e-04 -7.732494e-02
      vertex 2.043039e-02 3.350374e-04 -7.724245e-02
      vertex 2.064625e-02 3.678786e-04 -7.721606e-02
    endloop
  endfacet
  facet normal -7.900077e-02 8.002587e-01 -5.944281e-01
    outer loop
      vertex 2.070028e-02 3.004143e-04 -7.732494e-02
      vertex 2.043039e-02 3.132078e-04 -7.727184e-02
      vertex 2.043039e-02 3.350374e-04 -7.724245e-02
    endloop
  endfacet
  facet normal -9.971979e-02 7.249041e-01 -6.815938e-01
    outer loop
      vertex 2.070028e-02 3.004143e-04 -7.732494e-02
      vertex 2.043039e-02 2.882869e-04 -7.729835e-02
      vertex 2.043039e-02 3.132078e-04 -7.727184e-02
    endloop
  endfacet
  facet normal -1.029802e-01 5.587242e-01 -8.229352e-01
    outer loop
      vertex 2.070028e-02 3.004143e-04 -7.732494e-02
      vertex 2.151409e-02 3.353963e-04 -7.740302e-02
      vertex 2.075435e-02 1.996809e-04 -7.740009e-02
    endloop
  endfacet
  facet normal -1.061662e-01 5.573882e-01 -8.234362e-01
    outer loop
      vertex 2.070028e-02 3.004143e-04 -7.732494e-02
      vertex 2.075435e-02 1.996809e-04 -7.740009e-02
      vertex 2.043039e-02 2.882869e-04 -7.729835e-02
    endloop
  endfacet
  facet normal 9.714524e-02 9.665862e-01 2.372213e-01
    outer loop
      vertex 2.589877e-02 4.861787e-04 -7.768284e-02
      vertex 2.482947e-02 5.403591e-05 -7.548413e-02
      vertex 2.618167e-02 1.285654e-04 -7.634155e-02
    endloop
  endfacet
  facet normal 8.947345e-02 8.716096e-01 -4.819661e-01
    outer loop
      vertex 2.629500e-02 4.852909e-04 -7.761089e-02
      vertex 3.208369e-02 1.444551e-04 -7.715264e-02
      vertex 2.589877e-02 4.861787e-04 -7.768284e-02
    endloop
  endfacet
  facet normal -4.622519e-02 9.627435e-01 2.664362e-01
    outer loop
      vertex 2.629500e-02 4.852909e-04 -7.761089e-02
      vertex 2.589877e-02 4.861787e-04 -7.768284e-02
      vertex 2.618167e-02 1.285654e-04 -7.634155e-02
    endloop
  endfacet
  facet normal 6.697802e-02 9.918527e-01 -1.083613e-01
    outer loop
      vertex 2.669245e-02 4.681689e-04 -7.752194e-02
      vertex 3.208369e-02 1.444551e-04 -7.715264e-02
      vertex 2.629500e-02 4.852909e-04 -7.761089e-02
    endloop
  endfacet
  facet normal -1.870428e-02 9.629705e-01 2.689573e-01
    outer loop
      vertex 2.669245e-02 4.681689e-04 -7.752194e-02
      vertex 2.629500e-02 4.852909e-04 -7.761089e-02
      vertex 2.618167e-02 1.285654e-04 -7.634155e-02
    endloop
  endfacet
  facet normal 4.326372e-02 9.740372e-01 2.222155e-01
    outer loop
      vertex 2.669245e-02 4.681689e-04 -7.752194e-02
      vertex 2.881308e-02 4.854671e-05 -7.609548e-02
      vertex 3.208369e-02 1.444551e-04 -7.715264e-02
    endloop
  endfacet
  facet normal 3.224263e-02 9.567237e-01 2.892061e-01
    outer loop
      vertex 2.669245e-02 4.681689e-04 -7.752194e-02
      vertex 2.618167e-02 1.285654e-04 -7.634155e-02
      vertex 2.731945e-02 9.415301e-05 -7.635456e-02
    endloop
  endfacet
  facet normal -2.617120e-02 9.478207e-01 3.177277e-01
    outer loop
      vertex 2.669245e-02 4.681689e-04 -7.752194e-02
      vertex 2.731945e-02 9.415301e-05 -7.635456e-02
      vertex 2.881308e-02 4.854671e-05 -7.609548e-02
    endloop
  endfacet
  facet normal -9.365546e-02 8.320205e-01 -5.467820e-01
    outer loop
      vertex 2.754818e-02 9.514896e-05 -7.572507e-02
      vertex 2.709111e-02 1.075753e-04 -7.562788e-02
      vertex 2.731945e-02 1.921057e-04 -7.553836e-02
    endloop
  endfacet
  facet normal -1.584230e-02 9.797188e-01 -1.997502e-01
    outer loop
      vertex 2.754818e-02 9.514896e-05 -7.572507e-02
      vertex 2.720523e-02 4.649521e-05 -7.593651e-02
      vertex 2.709111e-02 1.075753e-04 -7.562788e-02
    endloop
  endfacet
  facet normal -1.267740e-02 9.787508e-01 -2.046610e-01
    outer loop
      vertex 2.754818e-02 9.514896e-05 -7.572507e-02
      vertex 2.777730e-02 4.859892e-05 -7.596188e-02
      vertex 2.720523e-02 4.649521e-05 -7.593651e-02
    endloop
  endfacet
  facet normal -8.451494e-02 9.590609e-01 -2.702951e-01
    outer loop
      vertex 2.754818e-02 9.514896e-05 -7.572507e-02
      vertex 2.823669e-02 1.565769e-04 -7.572240e-02
      vertex 2.777730e-02 4.859892e-05 -7.596188e-02
    endloop
  endfacet
  facet normal -1.221770e-01 5.213619e-02 -9.911380e-01
    outer loop
      vertex 2.852459e-02 4.702677e-04 -7.558641e-02
      vertex 2.754818e-02 3.295861e-04 -7.547345e-02
      vertex 2.881308e-02 9.364457e-04 -7.559745e-02
    endloop
  endfacet
  facet normal -1.246974e-01 7.692223e-01 -6.266958e-01
    outer loop
      vertex 2.956591e-02 8.889592e-05 -7.602892e-02
      vertex 2.916005e-02 1.217529e-04 -7.590783e-02
      vertex 2.939182e-02 2.207940e-04 -7.583238e-02
    endloop
  endfacet
  facet normal -4.193748e-02 9.910853e-01 -1.264565e-01
    outer loop
      vertex 2.956591e-02 8.889592e-05 -7.602892e-02
      vertex 2.881308e-02 4.854671e-05 -7.609548e-02
      vertex 2.892864e-02 6.271674e-05 -7.602275e-02
    endloop
  endfacet
  facet normal -7.350698e-02 7.967471e-01 -5.998257e-01
    outer loop
      vertex 2.956591e-02 8.889592e-05 -7.602892e-02
      vertex 2.939182e-02 2.207940e-04 -7.583238e-02
      vertex 3.032266e-02 1.748245e-04 -7.600751e-02
    endloop
  endfacet
  facet normal -4.156887e-02 9.202776e-01 -3.890515e-01
    outer loop
      vertex 2.956591e-02 8.889592e-05 -7.602892e-02
      vertex 2.892864e-02 6.271674e-05 -7.602275e-02
      vertex 2.916005e-02 1.217529e-04 -7.590783e-02
    endloop
  endfacet
  facet normal -1.509993e-01 7.009309e-02 -9.860457e-01
    outer loop
      vertex 2.910216e-02 5.324004e-04 -7.567044e-02
      vertex 2.852459e-02 4.702677e-04 -7.558641e-02
      vertex 2.881308e-02 9.364457e-04 -7.559745e-02
    endloop
  endfacet
  facet normal -2.216086e-01 1.098293e-02 -9.750739e-01
    outer loop
      vertex 2.910216e-02 5.324004e-04 -7.567044e-02
      vertex 2.939182e-02 1.975075e-03 -7.572002e-02
      vertex 3.043943e-02 2.324982e-04 -7.597775e-02
    endloop
  endfacet
  facet normal -1.322749e-01 3.574999e-01 -9.244983e-01
    outer loop
      vertex 2.910216e-02 5.324004e-04 -7.567044e-02
      vertex 3.043943e-02 2.324982e-04 -7.597775e-02
      vertex 2.939182e-02 2.207940e-04 -7.583238e-02
    endloop
  endfacet
  facet normal -2.284474e-01 1.241092e-02 -9.734772e-01
    outer loop
      vertex 2.910216e-02 5.324004e-04 -7.567044e-02
      vertex 2.881308e-02 9.364457e-04 -7.559745e-02
      vertex 2.939182e-02 1.975075e-03 -7.572002e-02
    endloop
  endfacet
  facet normal -3.248232e-02 9.742367e-01 -2.231763e-01
    outer loop
      vertex 3.120065e-02 4.417653e-05 -7.646206e-02
      vertex 2.881308e-02 4.854671e-05 -7.609548e-02
      vertex 2.956591e-02 8.889592e-05 -7.602892e-02
    endloop
  endfacet
  facet normal 2.951221e-02 9.831328e-01 1.804966e-01
    outer loop
      vertex 3.120065e-02 4.417653e-05 -7.646206e-02
      vertex 3.208369e-02 1.444551e-04 -7.715264e-02
      vertex 2.881308e-02 4.854671e-05 -7.609548e-02
    endloop
  endfacet
  facet normal -8.415346e-02 9.957661e-01 3.698717e-02
    outer loop
      vertex 3.125936e-02 4.764534e-05 -7.642186e-02
      vertex 3.208369e-02 1.444551e-04 -7.715264e-02
      vertex 3.120065e-02 4.417653e-05 -7.646206e-02
    endloop
  endfacet
  facet normal -2.536319e-02 9.943460e-01 1.031152e-01
    outer loop
      vertex 3.190668e-02 6.380555e-05 -7.641847e-02
      vertex 3.208369e-02 1.444551e-04 -7.715264e-02
      vertex 3.125936e-02 4.764534e-05 -7.642186e-02
    endloop
  endfacet
  facet normal -1.786572e-01 -1.551780e-01 -9.715973e-01
    outer loop
      vertex 3.350686e-02 4.765788e-04 -7.634080e-02
      vertex 3.267515e-02 1.335050e-03 -7.632497e-02
      vertex 3.651098e-02 3.507193e-03 -7.737723e-02
    endloop
  endfacet
  facet normal -5.097172e-02 -1.968468e-01 -9.791084e-01
    outer loop
      vertex 3.572495e-02 2.698417e-04 -7.668545e-02
      vertex 3.651098e-02 3.507193e-03 -7.737723e-02
      vertex 3.711793e-02 7.588791e-04 -7.685629e-02
    endloop
  endfacet
  facet normal -1.665761e-01 -1.672051e-01 -9.717483e-01
    outer loop
      vertex 3.572495e-02 2.698417e-04 -7.668545e-02
      vertex 3.350686e-02 4.765788e-04 -7.634080e-02
      vertex 3.651098e-02 3.507193e-03 -7.737723e-02
    endloop
  endfacet
  facet normal -1.425024e-01 -2.146227e-01 -9.662454e-01
    outer loop
      vertex 3.938065e-02 4.714352e-04 -7.712614e-02
      vertex 3.711793e-02 7.588791e-04 -7.685629e-02
      vertex 3.651098e-02 3.507193e-03 -7.737723e-02
    endloop
  endfacet
  facet normal -7.646657e-02 -3.431962e-01 -9.361460e-01
    outer loop
      vertex 3.938065e-02 4.714352e-04 -7.712614e-02
      vertex 4.241655e-02 2.915506e-03 -7.827013e-02
      vertex 4.204250e-02 1.391289e-03 -7.768079e-02
    endloop
  endfacet
  facet normal -1.684953e-01 -2.383828e-01 -9.564429e-01
    outer loop
      vertex 3.938065e-02 4.714352e-04 -7.712614e-02
      vertex 3.651098e-02 3.507193e-03 -7.737723e-02
      vertex 4.241655e-02 2.915506e-03 -7.827013e-02
    endloop
  endfacet
  facet normal -1.035122e-01 -2.765474e-01 -9.554092e-01
    outer loop
      vertex 4.185570e-02 7.083205e-04 -7.746287e-02
      vertex 3.938065e-02 4.714352e-04 -7.712614e-02
      vertex 4.204250e-02 1.391289e-03 -7.768079e-02
    endloop
  endfacet
  facet normal -1.406946e-01 -1.174277e-01 -9.830645e-01
    outer loop
      vertex 4.663485e-02 7.365956e-04 -7.805795e-02
      vertex 5.053657e-02 1.102427e-02 -7.984523e-02
      vertex 5.169810e-02 1.438879e-03 -7.886649e-02
    endloop
  endfacet
  facet normal -3.253989e-02 -1.590832e-01 -9.867288e-01
    outer loop
      vertex 4.663485e-02 7.365956e-04 -7.805795e-02
      vertex 4.241655e-02 2.915506e-03 -7.827013e-02
      vertex 5.053657e-02 1.102427e-02 -7.984523e-02
    endloop
  endfacet
  facet normal 5.060074e-02 8.063056e-01 -5.893308e-01
    outer loop
      vertex 9.346643e-02 1.790821e-03 -8.183307e-02
      vertex 9.061325e-02 2.003267e-03 -8.178738e-02
      vertex 9.086555e-02 2.410578e-03 -8.120845e-02
    endloop
  endfacet
  facet normal 1.119433e-01 8.982040e-01 -4.250861e-01
    outer loop
      vertex 9.346643e-02 1.790821e-03 -8.183307e-02
      vertex 9.086555e-02 2.410578e-03 -8.120845e-02
      vertex 9.694125e-02 2.222850e-03 -8.000513e-02
    endloop
  endfacet
  facet normal 5.107125e-02 9.458276e-01 -3.206274e-01
    outer loop
      vertex 9.346643e-02 1.790821e-03 -8.183307e-02
      vertex 9.694125e-02 2.222850e-03 -8.000513e-02
      vertex 9.643901e-02 1.732270e-03 -8.153230e-02
    endloop
  endfacet
  facet normal 1.006165e-01 9.521440e-01 -2.886141e-01
    outer loop
      vertex 1.018559e-01 1.047595e-03 -8.235443e-02
      vertex 1.021053e-01 1.261471e-03 -8.156190e-02
      vertex 1.079691e-01 9.130817e-04 -8.066701e-02
    endloop
  endfacet
  facet normal 7.796205e-02 9.560800e-01 -2.825472e-01
    outer loop
      vertex 1.018559e-01 1.047595e-03 -8.235443e-02
      vertex 9.643901e-02 1.732270e-03 -8.153230e-02
      vertex 1.021053e-01 1.261471e-03 -8.156190e-02
    endloop
  endfacet
  facet normal 6.424293e-02 9.859576e-01 -1.541441e-01
    outer loop
      vertex 1.018559e-01 1.047595e-03 -8.235443e-02
      vertex 1.079691e-01 9.130817e-04 -8.066701e-02
      vertex 1.190292e-01 1.657952e-04 -8.083739e-02
    endloop
  endfacet
  facet normal 3.312228e-02 9.983919e-01 4.600561e-02
    outer loop
      vertex 1.352451e-01 -3.348882e-04 -8.164665e-02
      vertex 1.190292e-01 1.657952e-04 -8.083739e-02
      vertex 1.192711e-01 1.047366e-04 -7.968649e-02
    endloop
  endfacet
  facet normal 1.805938e-03 9.999476e-01 -1.007573e-02
    outer loop
      vertex 1.352451e-01 -3.348882e-04 -8.164665e-02
      vertex 1.354182e-01 -2.000696e-04 -6.823580e-02
      vertex 1.515563e-01 -3.530623e-04 -8.052674e-02
    endloop
  endfacet
  facet normal -7.747392e-02 9.969536e-01 -9.022623e-03
    outer loop
      vertex 1.352451e-01 -3.348882e-04 -8.164665e-02
      vertex 1.313461e-01 -5.821564e-04 -7.548962e-02
      vertex 1.354182e-01 -2.000696e-04 -6.823580e-02
    endloop
  endfacet
  facet normal 3.509318e-02 9.974415e-01 6.228034e-02
    outer loop
      vertex 1.352451e-01 -3.348882e-04 -8.164665e-02
      vertex 1.192711e-01 1.047366e-04 -7.968649e-02
      vertex 1.313461e-01 -5.821564e-04 -7.548962e-02
    endloop
  endfacet
  facet normal 3.782622e-02 9.885049e-01 1.463805e-01
    outer loop
      vertex 1.352451e-01 -3.348882e-04 -8.164665e-02
      vertex 1.018559e-01 1.047595e-03 -8.235443e-02
      vertex 1.190292e-01 1.657952e-04 -8.083739e-02
    endloop
  endfacet
  facet normal -2.358050e-01 8.513340e-01 -4.686432e-01
    outer loop
      vertex 2.133167e-01 6.948986e-03 -9.094068e-02
      vertex 1.980368e-01 4.588084e-03 -8.754112e-02
      vertex 2.035801e-01 6.361271e-03 -8.710916e-02
    endloop
  endfacet
  facet normal -2.745493e-01 7.669199e-01 -5.800487e-01
    outer loop
      vertex 2.133167e-01 6.948986e-03 -9.094068e-02
      vertex 2.035801e-01 6.361271e-03 -8.710916e-02
      vertex 2.089065e-01 7.687681e-03 -8.787654e-02
    endloop
  endfacet
  facet normal -2.701758e-01 7.491628e-01 -6.047810e-01
    outer loop
      vertex 2.133167e-01 6.948986e-03 -9.094068e-02
      vertex 2.137669e-01 8.183378e-03 -8.961270e-02
      vertex 2.186383e-01 8.428546e-03 -9.148521e-02
    endloop
  endfacet
  facet normal -2.895928e-01 7.480315e-01 -5.971473e-01
    outer loop
      vertex 2.133167e-01 6.948986e-03 -9.094068e-02
      vertex 2.089065e-01 7.687681e-03 -8.787654e-02
      vertex 2.137669e-01 8.183378e-03 -8.961270e-02
    endloop
  endfacet
  facet normal -3.063028e-01 5.477001e-01 -7.785905e-01
    outer loop
      vertex 2.210753e-01 8.516418e-03 -9.238212e-02
      vertex 2.186383e-01 8.428546e-03 -9.148521e-02
      vertex 2.352456e-01 1.828418e-02 -9.108569e-02
    endloop
  endfacet
  facet normal -2.710029e-01 5.021478e-01 -8.212216e-01
    outer loop
      vertex 2.210753e-01 8.516418e-03 -9.238212e-02
      vertex 2.352456e-01 1.828418e-02 -9.108569e-02
      vertex 2.344099e-01 1.273603e-02 -9.420240e-02
    endloop
  endfacet
  facet normal -8.813451e-02 8.338002e-01 -5.449858e-01
    outer loop
      vertex 2.078139e-02 3.725076e-04 -7.722775e-02
      vertex 2.151409e-02 3.353963e-04 -7.740302e-02
      vertex 2.070028e-02 3.004143e-04 -7.732494e-02
    endloop
  endfacet
  facet normal -7.620385e-02 8.301827e-01 -5.522587e-01
    outer loop
      vertex 2.078139e-02 3.725076e-04 -7.722775e-02
      vertex 2.070028e-02 3.004143e-04 -7.732494e-02
      vertex 2.064625e-02 3.678786e-04 -7.721606e-02
    endloop
  endfacet
  facet normal -1.600577e-02 9.625268e-01 -2.707137e-01
    outer loop
      vertex 2.078139e-02 3.725076e-04 -7.722775e-02
      vertex 2.086255e-02 4.108915e-04 -7.709608e-02
      vertex 2.151409e-02 3.353963e-04 -7.740302e-02
    endloop
  endfacet
  facet normal -5.460288e-02 9.671507e-01 -2.482702e-01
    outer loop
      vertex 2.078139e-02 3.725076e-04 -7.722775e-02
      vertex 2.064625e-02 3.678786e-04 -7.721606e-02
      vertex 2.086255e-02 4.108915e-04 -7.709608e-02
    endloop
  endfacet
  facet normal -6.594499e-02 8.854449e-01 -4.600420e-01
    outer loop
      vertex 2.291153e-02 3.345396e-04 -7.760499e-02
      vertex 2.151409e-02 3.353963e-04 -7.740302e-02
      vertex 2.227915e-02 4.191918e-04 -7.735141e-02
    endloop
  endfacet
  facet normal -9.536441e-02 1.315988e-02 -9.953554e-01
    outer loop
      vertex 2.291153e-02 3.345396e-04 -7.760499e-02
      vertex 2.000000e-02 0.000000e+00 -7.733046e-02
      vertex 2.075435e-02 1.996809e-04 -7.740009e-02
    endloop
  endfacet
  facet normal 5.735396e-03 9.527348e-01 -3.037492e-01
    outer loop
      vertex 2.291153e-02 3.345396e-04 -7.760499e-02
      vertex 2.227915e-02 4.191918e-04 -7.735141e-02
      vertex 2.304946e-02 4.490702e-04 -7.724315e-02
    endloop
  endfacet
  facet normal -1.125955e-01 6.134422e-01 -7.816719e-01
    outer loop
      vertex 2.291153e-02 3.345396e-04 -7.760499e-02
      vertex 2.075435e-02 1.996809e-04 -7.740009e-02
      vertex 2.151409e-02 3.353963e-04 -7.740302e-02
    endloop
  endfacet
  facet normal -1.284684e-01 9.585227e-01 -2.544211e-01
    outer loop
      vertex 2.329816e-02 3.897295e-04 -7.759229e-02
      vertex 2.291153e-02 3.345396e-04 -7.760499e-02
      vertex 2.304946e-02 4.490702e-04 -7.724315e-02
    endloop
  endfacet
  facet normal -4.926042e-02 5.385837e-01 -8.411308e-01
    outer loop
      vertex 2.329816e-02 3.897295e-04 -7.759229e-02
      vertex 2.589877e-02 4.861787e-04 -7.768284e-02
      vertex 2.291153e-02 3.345396e-04 -7.760499e-02
    endloop
  endfacet
  facet normal -5.005398e-02 8.345369e-01 -5.486737e-01
    outer loop
      vertex 2.368609e-02 4.309538e-04 -7.756498e-02
      vertex 2.589877e-02 4.861787e-04 -7.768284e-02
      vertex 2.329816e-02 3.897295e-04 -7.759229e-02
    endloop
  endfacet
  facet normal -8.710574e-02 9.700125e-01 -2.269106e-01
    outer loop
      vertex 2.368609e-02 4.309538e-04 -7.756498e-02
      vertex 2.329816e-02 3.897295e-04 -7.759229e-02
      vertex 2.304946e-02 4.490702e-04 -7.724315e-02
    endloop
  endfacet
  facet normal 5.141022e-02 9.976389e-01 4.553781e-02
    outer loop
      vertex 2.368609e-02 4.309538e-04 -7.756498e-02
      vertex 2.304946e-02 4.490702e-04 -7.724315e-02
      vertex 2.327050e-02 4.291433e-04 -7.705614e-02
    endloop
  endfacet
  facet normal -1.461361e-02 9.824436e-01 1.859864e-01
    outer loop
      vertex 2.368609e-02 4.309538e-04 -7.756498e-02
      vertex 2.482947e-02 5.403591e-05 -7.548413e-02
      vertex 2.589877e-02 4.861787e-04 -7.768284e-02
    endloop
  endfacet
  facet normal 1.281390e-01 9.858404e-01 1.081622e-01
    outer loop
      vertex 2.368609e-02 4.309538e-04 -7.756498e-02
      vertex 2.327050e-02 4.291433e-04 -7.705614e-02
      vertex 2.482947e-02 5.403591e-05 -7.548413e-02
    endloop
  endfacet
  facet normal -7.333251e-02 8.450309e-01 -5.296652e-01
    outer loop
      vertex 2.754818e-02 1.833214e-04 -7.558440e-02
      vertex 2.823669e-02 1.565769e-04 -7.572240e-02
      vertex 2.754818e-02 9.514896e-05 -7.572507e-02
    endloop
  endfacet
  facet normal -1.321422e-01 6.138465e-01 -7.782872e-01
    outer loop
      vertex 2.754818e-02 1.833214e-04 -7.558440e-02
      vertex 2.754818e-02 3.118008e-04 -7.548307e-02
      vertex 2.823669e-02 1.565769e-04 -7.572240e-02
    endloop
  endfacet
  facet normal -7.416343e-02 8.449788e-01 -5.296325e-01
    outer loop
      vertex 2.754818e-02 1.833214e-04 -7.558440e-02
      vertex 2.754818e-02 9.514896e-05 -7.572507e-02
      vertex 2.731945e-02 1.921057e-04 -7.553836e-02
    endloop
  endfacet
  facet normal -1.107705e-01 7.179283e-01 -6.872473e-01
    outer loop
      vertex 2.754818e-02 1.833214e-04 -7.558440e-02
      vertex 2.731945e-02 1.921057e-04 -7.553836e-02
      vertex 2.731945e-02 1.987737e-04 -7.553139e-02
    endloop
  endfacet
  facet normal -1.387736e-01 6.132851e-01 -7.775753e-01
    outer loop
      vertex 2.754818e-02 1.833214e-04 -7.558440e-02
      vertex 2.731945e-02 1.987737e-04 -7.553139e-02
      vertex 2.754818e-02 3.118008e-04 -7.548307e-02
    endloop
  endfacet
  facet normal -1.578243e-01 3.557322e-01 -9.211656e-01
    outer loop
      vertex 2.838057e-02 2.897686e-04 -7.563144e-02
      vertex 2.754818e-02 3.295861e-04 -7.547345e-02
      vertex 2.852459e-02 4.702677e-04 -7.558641e-02
    endloop
  endfacet
  facet normal -1.427093e-01 4.709139e-01 -8.705597e-01
    outer loop
      vertex 2.838057e-02 2.897686e-04 -7.563144e-02
      vertex 2.754818e-02 3.118008e-04 -7.548307e-02
      vertex 2.754818e-02 3.295861e-04 -7.547345e-02
    endloop
  endfacet
  facet normal -1.177574e-01 6.436312e-01 -7.562222e-01
    outer loop
      vertex 2.838057e-02 2.897686e-04 -7.563144e-02
      vertex 2.823669e-02 1.565769e-04 -7.572240e-02
      vertex 2.754818e-02 3.118008e-04 -7.548307e-02
    endloop
  endfacet
  facet normal -1.706847e-01 3.319624e-01 -9.277218e-01
    outer loop
      vertex 2.884196e-02 2.660583e-04 -7.571787e-02
      vertex 2.852459e-02 4.702677e-04 -7.558641e-02
      vertex 2.910216e-02 5.324004e-04 -7.567044e-02
    endloop
  endfacet
  facet normal -1.098401e-01 6.387222e-01 -7.615571e-01
    outer loop
      vertex 2.884196e-02 2.660583e-04 -7.571787e-02
      vertex 2.823669e-02 1.565769e-04 -7.572240e-02
      vertex 2.838057e-02 2.897686e-04 -7.563144e-02
    endloop
  endfacet
  facet normal -1.412247e-01 8.045961e-01 -5.767848e-01
    outer loop
      vertex 2.884196e-02 2.660583e-04 -7.571787e-02
      vertex 2.892864e-02 6.271674e-05 -7.602275e-02
      vertex 2.823669e-02 1.565769e-04 -7.572240e-02
    endloop
  endfacet
  facet normal -1.546527e-01 3.535455e-01 -9.225444e-01
    outer loop
      vertex 2.884196e-02 2.660583e-04 -7.571787e-02
      vertex 2.838057e-02 2.897686e-04 -7.563144e-02
      vertex 2.852459e-02 4.702677e-04 -7.558641e-02
    endloop
  endfacet
  facet normal 5.588114e-02 8.378988e-01 -5.429575e-01
    outer loop
      vertex 2.884196e-02 2.660583e-04 -7.571787e-02
      vertex 2.916005e-02 1.217529e-04 -7.590783e-02
      vertex 2.892864e-02 6.271674e-05 -7.602275e-02
    endloop
  endfacet
  facet normal -2.235367e-01 2.777497e-01 -9.342839e-01
    outer loop
      vertex 2.913110e-02 2.871493e-04 -7.575027e-02
      vertex 2.910216e-02 5.324004e-04 -7.567044e-02
      vertex 2.939182e-02 2.207940e-04 -7.583238e-02
    endloop
  endfacet
  facet normal -5.521026e-02 6.835993e-01 -7.277663e-01
    outer loop
      vertex 2.913110e-02 2.871493e-04 -7.575027e-02
      vertex 2.939182e-02 2.207940e-04 -7.583238e-02
      vertex 2.916005e-02 1.217529e-04 -7.590783e-02
    endloop
  endfacet
  facet normal -1.275741e-01 2.933599e-01 -9.474518e-01
    outer loop
      vertex 2.913110e-02 2.871493e-04 -7.575027e-02
      vertex 2.884196e-02 2.660583e-04 -7.571787e-02
      vertex 2.910216e-02 5.324004e-04 -7.567044e-02
    endloop
  endfacet
  facet normal -1.307128e-01 6.717276e-01 -7.291750e-01
    outer loop
      vertex 2.913110e-02 2.871493e-04 -7.575027e-02
      vertex 2.916005e-02 1.217529e-04 -7.590783e-02
      vertex 2.884196e-02 2.660583e-04 -7.571787e-02
    endloop
  endfacet
  facet normal -2.324549e-02 9.816857e-01 -1.890844e-01
    outer loop
      vertex 3.076101e-02 8.274383e-05 -7.620778e-02
      vertex 3.120065e-02 4.417653e-05 -7.646206e-02
      vertex 2.956591e-02 8.889592e-05 -7.602892e-02
    endloop
  endfacet
  facet normal -7.852552e-02 8.293342e-01 -5.532075e-01
    outer loop
      vertex 3.076101e-02 8.274383e-05 -7.620778e-02
      vertex 2.956591e-02 8.889592e-05 -7.602892e-02
      vertex 3.032266e-02 1.748245e-04 -7.600751e-02
    endloop
  endfacet
  facet normal -1.484976e-01 6.741263e-01 -7.235345e-01
    outer loop
      vertex 3.081956e-02 9.884340e-05 -7.618029e-02
      vertex 3.032266e-02 1.748245e-04 -7.600751e-02
      vertex 3.043943e-02 2.324982e-04 -7.597775e-02
    endloop
  endfacet
  facet normal -2.581450e-02 8.856127e-01 -4.637065e-01
    outer loop
      vertex 3.081956e-02 9.884340e-05 -7.618029e-02
      vertex 3.076101e-02 8.274383e-05 -7.620778e-02
      vertex 3.032266e-02 1.748245e-04 -7.600751e-02
    endloop
  endfacet
  facet normal -1.056932e-01 9.396988e-01 -3.252617e-01
    outer loop
      vertex 3.081956e-02 9.884340e-05 -7.618029e-02
      vertex 3.120065e-02 4.417653e-05 -7.646206e-02
      vertex 3.076101e-02 8.274383e-05 -7.620778e-02
    endloop
  endfacet
  facet normal 3.788526e-02 9.893267e-01 -1.407034e-01
    outer loop
      vertex 3.081956e-02 9.884340e-05 -7.618029e-02
      vertex 3.125936e-02 4.764534e-05 -7.642186e-02
      vertex 3.120065e-02 4.417653e-05 -7.646206e-02
    endloop
  endfacet
  facet normal -1.044254e-02 8.254903e-01 -5.643197e-01
    outer loop
      vertex 3.084884e-02 1.079134e-04 -7.616756e-02
      vertex 3.081956e-02 9.884340e-05 -7.618029e-02
      vertex 3.043943e-02 2.324982e-04 -7.597775e-02
    endloop
  endfacet
  facet normal -1.108077e-01 9.119665e-01 -3.950174e-01
    outer loop
      vertex 3.084884e-02 1.079134e-04 -7.616756e-02
      vertex 3.125936e-02 4.764534e-05 -7.642186e-02
      vertex 3.081956e-02 9.884340e-05 -7.618029e-02
    endloop
  endfacet
  facet normal -7.944077e-02 7.461260e-01 -6.610485e-01
    outer loop
      vertex 3.149444e-02 1.537090e-04 -7.619346e-02
      vertex 3.084884e-02 1.079134e-04 -7.616756e-02
      vertex 3.043943e-02 2.324982e-04 -7.597775e-02
    endloop
  endfacet
  facet normal -8.025187e-02 9.330481e-01 -3.506863e-01
    outer loop
      vertex 3.149444e-02 1.537090e-04 -7.619346e-02
      vertex 3.125936e-02 4.764534e-05 -7.642186e-02
      vertex 3.084884e-02 1.079134e-04 -7.616756e-02
    endloop
  endfacet
  facet normal -1.415100e-01 4.782216e-01 -8.667635e-01
    outer loop
      vertex 3.149444e-02 1.537090e-04 -7.619346e-02
      vertex 3.043943e-02 2.324982e-04 -7.597775e-02
      vertex 3.172987e-02 3.950105e-04 -7.609876e-02
    endloop
  endfacet
  facet normal -2.072547e-02 9.147621e-01 -4.034610e-01
    outer loop
      vertex 3.149444e-02 1.537090e-04 -7.619346e-02
      vertex 3.190668e-02 6.380555e-05 -7.641847e-02
      vertex 3.125936e-02 4.764534e-05 -7.642186e-02
    endloop
  endfacet
  facet normal -8.625279e-02 4.357516e-01 -8.959247e-01
    outer loop
      vertex 3.181825e-02 1.813969e-04 -7.621117e-02
      vertex 3.149444e-02 1.537090e-04 -7.619346e-02
      vertex 3.172987e-02 3.950105e-04 -7.609876e-02
    endloop
  endfacet
  facet normal -1.009663e-01 8.462680e-01 -5.231026e-01
    outer loop
      vertex 3.181825e-02 1.813969e-04 -7.621117e-02
      vertex 3.190668e-02 6.380555e-05 -7.641847e-02
      vertex 3.149444e-02 1.537090e-04 -7.619346e-02
    endloop
  endfacet
  facet normal -1.715960e-01 8.237039e-01 -5.404319e-01
    outer loop
      vertex 3.255668e-02 4.405552e-05 -7.665496e-02
      vertex 3.190668e-02 6.380555e-05 -7.641847e-02
      vertex 3.181825e-02 1.813969e-04 -7.621117e-02
    endloop
  endfacet
  facet normal -4.386588e-02 9.314397e-01 -3.612421e-01
    outer loop
      vertex 3.255668e-02 4.405552e-05 -7.665496e-02
      vertex 3.181825e-02 1.813969e-04 -7.621117e-02
      vertex 3.303108e-02 1.704949e-04 -7.638655e-02
    endloop
  endfacet
  facet normal 7.626502e-02 9.889630e-01 1.270267e-01
    outer loop
      vertex 3.255668e-02 4.405552e-05 -7.665496e-02
      vertex 3.208369e-02 1.444551e-04 -7.715264e-02
      vertex 3.190668e-02 6.380555e-05 -7.641847e-02
    endloop
  endfacet
  facet normal 1.853434e-02 9.833523e-01 1.807616e-01
    outer loop
      vertex 3.359622e-02 1.549741e-04 -7.736495e-02
      vertex 3.208369e-02 1.444551e-04 -7.715264e-02
      vertex 3.255668e-02 4.405552e-05 -7.665496e-02
    endloop
  endfacet
  facet normal 3.051673e-02 9.637233e-01 2.651530e-01
    outer loop
      vertex 3.359622e-02 1.549741e-04 -7.736495e-02
      vertex 2.589877e-02 4.861787e-04 -7.768284e-02
      vertex 3.208369e-02 1.444551e-04 -7.715264e-02
    endloop
  endfacet
  facet normal 2.247920e-02 9.896603e-01 1.416589e-01
    outer loop
      vertex 3.359622e-02 1.549741e-04 -7.736495e-02
      vertex 3.434276e-02 5.492209e-05 -7.678443e-02
      vertex 3.681421e-02 5.261768e-05 -7.716051e-02
    endloop
  endfacet
  facet normal 8.443439e-03 -5.833122e-01 -8.122042e-01
    outer loop
      vertex 3.359622e-02 1.549741e-04 -7.736495e-02
      vertex 2.291153e-02 3.345396e-04 -7.760499e-02
      vertex 2.589877e-02 4.861787e-04 -7.768284e-02
    endloop
  endfacet
  facet normal -5.254163e-02 9.955209e-01 7.859662e-02
    outer loop
      vertex 3.368563e-02 9.687768e-05 -7.656932e-02
      vertex 3.359622e-02 1.549741e-04 -7.736495e-02
      vertex 3.255668e-02 4.405552e-05 -7.665496e-02
    endloop
  endfacet
  facet normal 8.416608e-02 9.944483e-01 6.315580e-02
    outer loop
      vertex 3.368563e-02 9.687768e-05 -7.656932e-02
      vertex 3.434276e-02 5.492209e-05 -7.678443e-02
      vertex 3.359622e-02 1.549741e-04 -7.736495e-02
    endloop
  endfacet
  facet normal -1.164736e-02 9.123692e-01 -4.092026e-01
    outer loop
      vertex 3.368563e-02 9.687768e-05 -7.656932e-02
      vertex 3.255668e-02 4.405552e-05 -7.665496e-02
      vertex 3.303108e-02 1.704949e-04 -7.638655e-02
    endloop
  endfacet
  facet normal -1.618562e-01 5.666629e-01 -8.078958e-01
    outer loop
      vertex 3.326880e-02 3.015911e-04 -7.634222e-02
      vertex 3.368563e-02 9.687768e-05 -7.656932e-02
      vertex 3.303108e-02 1.704949e-04 -7.638655e-02
    endloop
  endfacet
  facet normal -1.049750e-01 1.508263e-01 -9.829709e-01
    outer loop
      vertex 3.285302e-02 6.394099e-04 -7.624599e-02
      vertex 3.350686e-02 4.765788e-04 -7.634080e-02
      vertex 3.326880e-02 3.015911e-04 -7.634222e-02
    endloop
  endfacet
  facet normal -2.024707e-01 3.891104e-01 -8.986649e-01
    outer loop
      vertex 3.285302e-02 6.394099e-04 -7.624599e-02
      vertex 3.181825e-02 1.813969e-04 -7.621117e-02
      vertex 3.172987e-02 3.950105e-04 -7.609876e-02
    endloop
  endfacet
  facet normal -1.369833e-01 2.363456e-01 -9.619648e-01
    outer loop
      vertex 3.285302e-02 6.394099e-04 -7.624599e-02
      vertex 3.303108e-02 1.704949e-04 -7.638655e-02
      vertex 3.181825e-02 1.813969e-04 -7.621117e-02
    endloop
  endfacet
  facet normal 1.672188e-02 2.929216e-01 -9.559902e-01
    outer loop
      vertex 3.285302e-02 6.394099e-04 -7.624599e-02
      vertex 3.326880e-02 3.015911e-04 -7.634222e-02
      vertex 3.303108e-02 1.704949e-04 -7.638655e-02
    endloop
  endfacet
  facet normal -1.797425e-01 -1.562362e-01 -9.712275e-01
    outer loop
      vertex 3.285302e-02 6.394099e-04 -7.624599e-02
      vertex 3.267515e-02 1.335050e-03 -7.632497e-02
      vertex 3.350686e-02 4.765788e-04 -7.634080e-02
    endloop
  endfacet
  facet normal -9.931077e-02 -1.372962e-01 -9.855390e-01
    outer loop
      vertex 3.285302e-02 6.394099e-04 -7.624599e-02
      vertex 3.172987e-02 3.950105e-04 -7.609876e-02
      vertex 3.267515e-02 1.335050e-03 -7.632497e-02
    endloop
  endfacet
  facet normal -1.334841e-01 8.132538e-01 -5.663923e-01
    outer loop
      vertex 3.392429e-02 1.918579e-04 -7.648919e-02
      vertex 3.434276e-02 5.492209e-05 -7.678443e-02
      vertex 3.368563e-02 9.687768e-05 -7.656932e-02
    endloop
  endfacet
  facet normal -1.732144e-01 2.434283e-01 -9.543267e-01
    outer loop
      vertex 3.392429e-02 1.918579e-04 -7.648919e-02
      vertex 3.326880e-02 3.015911e-04 -7.634222e-02
      vertex 3.350686e-02 4.765788e-04 -7.634080e-02
    endloop
  endfacet
  facet normal -4.146053e-02 7.030896e-01 -7.098916e-01
    outer loop
      vertex 3.392429e-02 1.918579e-04 -7.648919e-02
      vertex 3.368563e-02 9.687768e-05 -7.656932e-02
      vertex 3.326880e-02 3.015911e-04 -7.634222e-02
    endloop
  endfacet
  facet normal -3.633536e-02 8.859260e-01 -4.624011e-01
    outer loop
      vertex 3.503248e-02 1.272841e-04 -7.669999e-02
      vertex 3.434276e-02 5.492209e-05 -7.678443e-02
      vertex 3.392429e-02 1.918579e-04 -7.648919e-02
    endloop
  endfacet
  facet normal -1.665924e-01 2.525198e-01 -9.531426e-01
    outer loop
      vertex 3.503248e-02 1.272841e-04 -7.669999e-02
      vertex 3.392429e-02 1.918579e-04 -7.648919e-02
      vertex 3.350686e-02 4.765788e-04 -7.634080e-02
    endloop
  endfacet
  facet normal -8.617028e-02 5.061043e-01 -8.581568e-01
    outer loop
      vertex 3.503248e-02 1.272841e-04 -7.669999e-02
      vertex 3.350686e-02 4.765788e-04 -7.634080e-02
      vertex 3.572495e-02 2.698417e-04 -7.668545e-02
    endloop
  endfacet
  facet normal -5.378270e-02 9.317311e-01 -3.591442e-01
    outer loop
      vertex 3.503248e-02 1.272841e-04 -7.669999e-02
      vertex 3.681421e-02 5.261768e-05 -7.716051e-02
      vertex 3.434276e-02 5.492209e-05 -7.678443e-02
    endloop
  endfacet
  facet normal -1.080694e-01 6.053798e-01 -7.885660e-01
    outer loop
      vertex 3.626876e-02 1.164324e-04 -7.687775e-02
      vertex 3.503248e-02 1.272841e-04 -7.669999e-02
      vertex 3.572495e-02 2.698417e-04 -7.668545e-02
    endloop
  endfacet
  facet normal -3.145413e-02 9.602452e-01 -2.773803e-01
    outer loop
      vertex 3.626876e-02 1.164324e-04 -7.687775e-02
      vertex 3.681421e-02 5.261768e-05 -7.716051e-02
      vertex 3.503248e-02 1.272841e-04 -7.669999e-02
    endloop
  endfacet
  facet normal -9.759986e-02 6.249305e-01 -7.745554e-01
    outer loop
      vertex 3.696601e-02 2.519552e-04 -7.685626e-02
      vertex 3.626876e-02 1.164324e-04 -7.687775e-02
      vertex 3.572495e-02 2.698417e-04 -7.668545e-02
    endloop
  endfacet
  facet normal -1.520998e-01 8.598098e-01 -4.874348e-01
    outer loop
      vertex 3.696601e-02 2.519552e-04 -7.685626e-02
      vertex 3.681421e-02 5.261768e-05 -7.716051e-02
      vertex 3.626876e-02 1.164324e-04 -7.687775e-02
    endloop
  endfacet
  facet normal -1.356634e-01 4.061336e-02 -9.899222e-01
    outer loop
      vertex 3.696601e-02 2.519552e-04 -7.685626e-02
      vertex 3.572495e-02 2.698417e-04 -7.668545e-02
      vertex 3.711793e-02 7.588791e-04 -7.685629e-02
    endloop
  endfacet
  facet normal -1.875801e-02 8.405790e-01 -5.413641e-01
    outer loop
      vertex 3.696601e-02 2.519552e-04 -7.685626e-02
      vertex 3.797098e-02 1.224725e-04 -7.709213e-02
      vertex 3.681421e-02 5.261768e-05 -7.716051e-02
    endloop
  endfacet
  facet normal -7.665841e-02 2.292938e-02 -9.967937e-01
    outer loop
      vertex 3.754398e-02 3.633876e-04 -7.689815e-02
      vertex 3.696601e-02 2.519552e-04 -7.685626e-02
      vertex 3.711793e-02 7.588791e-04 -7.685629e-02
    endloop
  endfacet
  facet normal -1.498216e-01 4.452633e-01 -8.827763e-01
    outer loop
      vertex 3.754398e-02 3.633876e-04 -7.689815e-02
      vertex 3.797098e-02 1.224725e-04 -7.709213e-02
      vertex 3.696601e-02 2.519552e-04 -7.685626e-02
    endloop
  endfacet
  facet normal -1.045620e-01 1.053303e-01 -9.889248e-01
    outer loop
      vertex 3.867455e-02 2.612317e-04 -7.707388e-02
      vertex 3.711793e-02 7.588791e-04 -7.685629e-02
      vertex 3.938065e-02 4.714352e-04 -7.712614e-02
    endloop
  endfacet
  facet normal -8.297704e-02 5.316328e-01 -8.429006e-01
    outer loop
      vertex 3.867455e-02 2.612317e-04 -7.707388e-02
      vertex 3.797098e-02 1.224725e-04 -7.709213e-02
      vertex 3.754398e-02 3.633876e-04 -7.689815e-02
    endloop
  endfacet
  facet normal -1.591676e-01 -6.720640e-02 -9.849614e-01
    outer loop
      vertex 3.867455e-02 2.612317e-04 -7.707388e-02
      vertex 3.754398e-02 3.633876e-04 -7.689815e-02
      vertex 3.711793e-02 7.588791e-04 -7.685629e-02
    endloop
  endfacet
  facet normal -8.049992e-04 8.890556e-01 4.577985e-01
    outer loop
      vertex 3.922693e-02 1.124896e-04 -7.727254e-02
      vertex 3.359622e-02 1.549741e-04 -7.736495e-02
      vertex 3.681421e-02 5.261768e-05 -7.716051e-02
    endloop
  endfacet
  facet normal -1.050684e-01 6.335927e-01 -7.664991e-01
    outer loop
      vertex 3.922693e-02 1.124896e-04 -7.727254e-02
      vertex 3.797098e-02 1.224725e-04 -7.709213e-02
      vertex 3.867455e-02 2.612317e-04 -7.707388e-02
    endloop
  endfacet
  facet normal -1.961627e-01 4.411766e-01 -8.757188e-01
    outer loop
      vertex 3.922693e-02 1.124896e-04 -7.727254e-02
      vertex 3.867455e-02 2.612317e-04 -7.707388e-02
      vertex 3.938065e-02 4.714352e-04 -7.712614e-02
    endloop
  endfacet
  facet normal -3.831687e-02 9.469317e-01 -3.191430e-01
    outer loop
      vertex 3.922693e-02 1.124896e-04 -7.727254e-02
      vertex 3.681421e-02 5.261768e-05 -7.716051e-02
      vertex 3.797098e-02 1.224725e-04 -7.709213e-02
    endloop
  endfacet
  facet normal -9.344311e-02 4.100538e-01 -9.072620e-01
    outer loop
      vertex 3.922693e-02 1.124896e-04 -7.727254e-02
      vertex 3.938065e-02 4.714352e-04 -7.712614e-02
      vertex 4.166907e-02 2.488858e-04 -7.746243e-02
    endloop
  endfacet
  facet normal -1.211120e-01 2.179476e-01 -9.684166e-01
    outer loop
      vertex 4.176237e-02 4.451779e-04 -7.742992e-02
      vertex 4.166907e-02 2.488858e-04 -7.746243e-02
      vertex 3.938065e-02 4.714352e-04 -7.712614e-02
    endloop
  endfacet
  facet normal -1.269795e-01 -7.877802e-02 -9.887721e-01
    outer loop
      vertex 4.176237e-02 4.451779e-04 -7.742992e-02
      vertex 3.938065e-02 4.714352e-04 -7.712614e-02
      vertex 4.185570e-02 7.083205e-04 -7.746287e-02
    endloop
  endfacet
  facet normal -1.629503e-01 -3.207694e-01 -9.330350e-01
    outer loop
      vertex 4.413894e-02 4.587649e-04 -7.772633e-02
      vertex 4.204250e-02 1.391289e-03 -7.768079e-02
      vertex 4.241655e-02 2.915506e-03 -7.827013e-02
    endloop
  endfacet
  facet normal -9.592904e-02 -2.787668e-01 -9.555557e-01
    outer loop
      vertex 4.413894e-02 4.587649e-04 -7.772633e-02
      vertex 4.241655e-02 2.915506e-03 -7.827013e-02
      vertex 4.663485e-02 7.365956e-04 -7.805795e-02
    endloop
  endfacet
  facet normal -1.391644e-01 -2.662817e-01 -9.537963e-01
    outer loop
      vertex 4.413894e-02 4.587649e-04 -7.772633e-02
      vertex 4.185570e-02 7.083205e-04 -7.746287e-02
      vertex 4.204250e-02 1.391289e-03 -7.768079e-02
    endloop
  endfacet
  facet normal -1.229147e-01 -8.026905e-02 -9.891657e-01
    outer loop
      vertex 4.413894e-02 4.587649e-04 -7.772633e-02
      vertex 4.176237e-02 4.451779e-04 -7.742992e-02
      vertex 4.185570e-02 7.083205e-04 -7.746287e-02
    endloop
  endfacet
  facet normal -1.220089e-01 2.183405e-01 -9.682155e-01
    outer loop
      vertex 4.413894e-02 4.587649e-04 -7.772633e-02
      vertex 4.166907e-02 2.488858e-04 -7.746243e-02
      vertex 4.176237e-02 4.451779e-04 -7.742992e-02
    endloop
  endfacet
  facet normal -5.334729e-02 -3.136814e-01 -9.480285e-01
    outer loop
      vertex 5.878596e-02 2.933659e-04 -7.961008e-02
      vertex 2.000000e-02 0.000000e+00 -7.733046e-02
      vertex 2.291153e-02 3.345396e-04 -7.760499e-02
    endloop
  endfacet
  facet normal 5.475878e-03 9.924395e-01 1.226125e-01
    outer loop
      vertex 5.878596e-02 2.933659e-04 -7.961008e-02
      vertex 3.359622e-02 1.549741e-04 -7.736495e-02
      vertex 3.922693e-02 1.124896e-04 -7.727254e-02
    endloop
  endfacet
  facet normal -9.474920e-02 6.643475e-01 -7.413940e-01
    outer loop
      vertex 5.878596e-02 2.933659e-04 -7.961008e-02
      vertex 3.922693e-02 1.124896e-04 -7.727254e-02
      vertex 4.166907e-02 2.488858e-04 -7.746243e-02
    endloop
  endfacet
  facet normal -6.799132e-02 -2.357946e-01 -9.694215e-01
    outer loop
      vertex 5.878596e-02 2.933659e-04 -7.961008e-02
      vertex 6.206328e-02 2.805057e-03 -8.045087e-02
      vertex 6.794231e-02 3.535552e-03 -8.104088e-02
    endloop
  endfacet
  facet normal -7.986395e-02 -2.049510e-01 -9.755085e-01
    outer loop
      vertex 5.878596e-02 2.933659e-04 -7.961008e-02
      vertex 6.794231e-02 3.535552e-03 -8.104088e-02
      vertex 7.335192e-02 2.587433e-03 -8.128456e-02
    endloop
  endfacet
  facet normal 1.207694e-02 9.805413e-01 1.959412e-01
    outer loop
      vertex 5.878596e-02 2.933659e-04 -7.961008e-02
      vertex 2.291153e-02 3.345396e-04 -7.760499e-02
      vertex 3.359622e-02 1.549741e-04 -7.736495e-02
    endloop
  endfacet
  facet normal -5.908182e-02 -3.160292e-01 -9.469081e-01
    outer loop
      vertex 5.878596e-02 2.933659e-04 -7.961008e-02
      vertex 7.335192e-02 2.587433e-03 -8.128456e-02
      vertex 8.477006e-02 2.072874e-03 -8.182526e-02
    endloop
  endfacet
  facet normal -1.285258e-01 -1.599226e-01 -9.787267e-01
    outer loop
      vertex 5.878596e-02 2.933659e-04 -7.961008e-02
      vertex 5.169810e-02 1.438879e-03 -7.886649e-02
      vertex 6.206328e-02 2.805057e-03 -8.045087e-02
    endloop
  endfacet
  facet normal -1.310672e-01 -1.778817e-01 -9.752843e-01
    outer loop
      vertex 5.878596e-02 2.933659e-04 -7.961008e-02
      vertex 4.663485e-02 7.365956e-04 -7.805795e-02
      vertex 5.169810e-02 1.438879e-03 -7.886649e-02
    endloop
  endfacet
  facet normal -1.220370e-01 2.188094e-01 -9.681061e-01
    outer loop
      vertex 5.878596e-02 2.933659e-04 -7.961008e-02
      vertex 4.166907e-02 2.488858e-04 -7.746243e-02
      vertex 4.413894e-02 4.587649e-04 -7.772633e-02
    endloop
  endfacet
  facet normal -1.278658e-01 -3.439958e-02 -9.911947e-01
    outer loop
      vertex 5.878596e-02 2.933659e-04 -7.961008e-02
      vertex 4.413894e-02 4.587649e-04 -7.772633e-02
      vertex 4.663485e-02 7.365956e-04 -7.805795e-02
    endloop
  endfacet
  facet normal 1.710430e-02 8.142214e-01 -5.803025e-01
    outer loop
      vertex 8.912185e-02 1.973273e-03 -8.187343e-02
      vertex 9.086555e-02 2.410578e-03 -8.120845e-02
      vertex 9.061325e-02 2.003267e-03 -8.178738e-02
    endloop
  endfacet
  facet normal 7.771195e-02 7.272074e-01 -6.820046e-01
    outer loop
      vertex 8.912185e-02 1.973273e-03 -8.187343e-02
      vertex 8.781905e-02 2.345545e-03 -8.162493e-02
      vertex 9.086555e-02 2.410578e-03 -8.120845e-02
    endloop
  endfacet
  facet normal 3.776703e-03 5.642931e-01 -8.255659e-01
    outer loop
      vertex 8.912185e-02 1.973273e-03 -8.187343e-02
      vertex 8.477006e-02 2.072874e-03 -8.182526e-02
      vertex 8.781905e-02 2.345545e-03 -8.162493e-02
    endloop
  endfacet
  facet normal 2.721545e-02 6.984048e-01 -7.151853e-01
    outer loop
      vertex 9.334050e-02 1.570061e-03 -8.210664e-02
      vertex 8.912185e-02 1.973273e-03 -8.187343e-02
      vertex 9.061325e-02 2.003267e-03 -8.178738e-02
    endloop
  endfacet
  facet normal 4.054336e-02 8.827740e-01 -4.680452e-01
    outer loop
      vertex 9.334050e-02 1.570061e-03 -8.210664e-02
      vertex 9.643901e-02 1.732270e-03 -8.153230e-02
      vertex 1.018559e-01 1.047595e-03 -8.235443e-02
    endloop
  endfacet
  facet normal -5.264147e-02 -3.806051e-01 -9.232381e-01
    outer loop
      vertex 9.334050e-02 1.570061e-03 -8.210664e-02
      vertex 5.878596e-02 2.933659e-04 -7.961008e-02
      vertex 8.477006e-02 2.072874e-03 -8.182526e-02
    endloop
  endfacet
  facet normal 8.049346e-02 7.572674e-01 -6.481256e-01
    outer loop
      vertex 9.334050e-02 1.570061e-03 -8.210664e-02
      vertex 9.346643e-02 1.790821e-03 -8.183307e-02
      vertex 9.643901e-02 1.732270e-03 -8.153230e-02
    endloop
  endfacet
  facet normal 4.683802e-02 7.667248e-01 -6.402651e-01
    outer loop
      vertex 9.334050e-02 1.570061e-03 -8.210664e-02
      vertex 9.061325e-02 2.003267e-03 -8.178738e-02
      vertex 9.346643e-02 1.790821e-03 -8.183307e-02
    endloop
  endfacet
  facet normal -5.123854e-02 -4.014149e-01 -9.144620e-01
    outer loop
      vertex 9.334050e-02 1.570061e-03 -8.210664e-02
      vertex 1.018559e-01 1.047595e-03 -8.235443e-02
      vertex 5.878596e-02 2.933659e-04 -7.961008e-02
    endloop
  endfacet
  facet normal 2.436130e-03 5.196537e-01 -8.543735e-01
    outer loop
      vertex 9.334050e-02 1.570061e-03 -8.210664e-02
      vertex 8.477006e-02 2.072874e-03 -8.182526e-02
      vertex 8.912185e-02 1.973273e-03 -8.187343e-02
    endloop
  endfacet
  facet normal -1.674926e-02 9.655663e-01 2.596175e-01
    outer loop
      vertex 1.746081e-01 1.264888e-03 -8.505701e-02
      vertex 1.352451e-01 -3.348882e-04 -8.164665e-02
      vertex 1.515563e-01 -3.530623e-04 -8.052674e-02
    endloop
  endfacet
  facet normal -1.224911e-01 9.877596e-01 -9.657620e-02
    outer loop
      vertex 1.746081e-01 1.264888e-03 -8.505701e-02
      vertex 1.727224e-01 1.396401e-03 -8.132029e-02
      vertex 1.825119e-01 2.216852e-03 -8.534528e-02
    endloop
  endfacet
  facet normal -8.502205e-02 9.933320e-01 -7.786446e-02
    outer loop
      vertex 1.746081e-01 1.264888e-03 -8.505701e-02
      vertex 1.515563e-01 -3.530623e-04 -8.052674e-02
      vertex 1.727224e-01 1.396401e-03 -8.132029e-02
    endloop
  endfacet
  facet normal 2.011227e-02 7.956780e-01 6.053859e-01
    outer loop
      vertex 1.746081e-01 1.264888e-03 -8.505701e-02
      vertex 1.018559e-01 1.047595e-03 -8.235443e-02
      vertex 1.352451e-01 -3.348882e-04 -8.164665e-02
    endloop
  endfacet
  facet normal -2.610334e-01 6.906421e-01 -6.744443e-01
    outer loop
      vertex 2.207373e-01 7.492135e-03 -9.325649e-02
      vertex 2.133167e-01 6.948986e-03 -9.094068e-02
      vertex 2.186383e-01 8.428546e-03 -9.148521e-02
    endloop
  endfacet
  facet normal -3.052095e-01 6.745315e-01 -6.722011e-01
    outer loop
      vertex 2.207373e-01 7.492135e-03 -9.325649e-02
      vertex 2.210753e-01 8.516418e-03 -9.238212e-02
      vertex 2.344099e-01 1.273603e-02 -9.420240e-02
    endloop
  endfacet
  facet normal -1.771971e-01 9.602004e-01 -2.159081e-01
    outer loop
      vertex 2.207373e-01 7.492135e-03 -9.325649e-02
      vertex 1.825119e-01 2.216852e-03 -8.534528e-02
      vertex 1.980368e-01 4.588084e-03 -8.754112e-02
    endloop
  endfacet
  facet normal -1.152979e-01 9.881026e-01 1.017820e-01
    outer loop
      vertex 2.207373e-01 7.492135e-03 -9.325649e-02
      vertex 1.746081e-01 1.264888e-03 -8.505701e-02
      vertex 1.825119e-01 2.216852e-03 -8.534528e-02
    endloop
  endfacet
  facet normal -2.761222e-01 6.750964e-01 -6.841063e-01
    outer loop
      vertex 2.207373e-01 7.492135e-03 -9.325649e-02
      vertex 2.186383e-01 8.428546e-03 -9.148521e-02
      vertex 2.210753e-01 8.516418e-03 -9.238212e-02
    endloop
  endfacet
  facet normal -2.551966e-01 7.159880e-01 -6.497968e-01
    outer loop
      vertex 2.207373e-01 7.492135e-03 -9.325649e-02
      vertex 1.980368e-01 4.588084e-03 -8.754112e-02
      vertex 2.133167e-01 6.948986e-03 -9.094068e-02
    endloop
  endfacet
  facet normal -2.629333e-01 5.415184e-01 -7.985136e-01
    outer loop
      vertex 2.207373e-01 7.492135e-03 -9.325649e-02
      vertex 2.344099e-01 1.273603e-02 -9.420240e-02
      vertex 2.442106e-01 1.272089e-02 -9.743984e-02
    endloop
  endfacet
  facet normal -5.615803e-02 -4.989109e-01 -8.648319e-01
    outer loop
      vertex 2.207373e-01 7.492135e-03 -9.325649e-02
      vertex 2.650952e-01 1.681404e-02 -1.015146e-01
      vertex 3.396121e-01 2.225827e-02 -1.094941e-01
    endloop
  endfacet
  facet normal 2.324310e-02 7.288376e-01 6.842920e-01
    outer loop
      vertex 2.207373e-01 7.492135e-03 -9.325649e-02
      vertex 1.018559e-01 1.047595e-03 -8.235443e-02
      vertex 1.746081e-01 1.264888e-03 -8.505701e-02
    endloop
  endfacet
  facet normal -2.603037e-01 5.153112e-01 -8.165147e-01
    outer loop
      vertex 2.207373e-01 7.492135e-03 -9.325649e-02
      vertex 2.442106e-01 1.272089e-02 -9.743984e-02
      vertex 2.650952e-01 1.681404e-02 -1.015146e-01
    endloop
  endfacet
  facet normal -4.040178e-02 9.887632e-01 1.439275e-01
    outer loop
      vertex 4.426696e-01 2.020694e-02 -1.183071e-01
      vertex 1.018559e-01 1.047595e-03 -8.235443e-02
      vertex 2.207373e-01 7.492135e-03 -9.325649e-02
    endloop
  endfacet
  facet normal -8.692218e-02 -3.327884e-01 -9.389869e-01
    outer loop
      vertex 4.426696e-01 2.020694e-02 -1.183071e-01
      vertex 2.207373e-01 7.492135e-03 -9.325649e-02
      vertex 3.396121e-01 2.225827e-02 -1.094941e-01
    endloop
  endfacet
  facet normal -5.343653e-02 -5.595049e-01 -8.271027e-01
    outer loop
      vertex 4.426696e-01 2.020694e-02 -1.183071e-01
      vertex 1.493682e+00 0.000000e+00 -1.725405e-01
      vertex 2.000000e-02 0.000000e+00 -7.733046e-02
    endloop
  endfacet
  facet normal -7.576371e-02 2.714325e-01 -9.594708e-01
    outer loop
      vertex 4.426696e-01 2.020694e-02 -1.183071e-01
      vertex 3.620405e-01 2.737016e-02 -1.099138e-01
      vertex 4.047632e-01 4.741977e-02 -1.076154e-01
    endloop
  endfacet
  facet normal -1.140646e-01 2.799179e-01 -9.532236e-01
    outer loop
      vertex 4.426696e-01 2.020694e-02 -1.183071e-01
      vertex 5.330769e-01 6.978934e-02 -1.145653e-01
      vertex 5.330769e-01 3.545257e-02 -1.246485e-01
    endloop
  endfacet
  facet normal -7.715782e-02 2.594791e-01 -9.626616e-01
    outer loop
      vertex 4.426696e-01 2.020694e-02 -1.183071e-01
      vertex 3.396121e-01 2.225827e-02 -1.094941e-01
      vertex 3.620405e-01 2.737016e-02 -1.099138e-01
    endloop
  endfacet
  facet normal -7.673450e-02 4.066383e-02 -9.962220e-01
    outer loop
      vertex 4.426696e-01 2.020694e-02 -1.183071e-01
      vertex 5.330769e-01 3.545257e-02 -1.246485e-01
      vertex 7.896154e-01 4.129396e-02 -1.441700e-01
    endloop
  endfacet
  facet normal -5.481916e-02 -2.752497e-01 -9.598086e-01
    outer loop
      vertex 4.426696e-01 2.020694e-02 -1.183071e-01
      vertex 7.896154e-01 4.129396e-02 -1.441700e-01
      vertex 1.493682e+00 0.000000e+00 -1.725405e-01
    endloop
  endfacet
  facet normal 3.044739e-02 7.331869e-01 6.793452e-01
    outer loop
      vertex 4.426696e-01 2.020694e-02 -1.183071e-01
      vertex 5.878596e-02 2.933659e-04 -7.961008e-02
      vertex 1.018559e-01 1.047595e-03 -8.235443e-02
    endloop
  endfacet
  facet normal -1.637747e-01 3.677043e-01 -9.154078e-01
    outer loop
      vertex 4.426696e-01 2.020694e-02 -1.183071e-01
      vertex 4.047632e-01 7.465561e-02 -8.965415e-02
      vertex 5.330769e-01 6.978934e-02 -1.145653e-01
    endloop
  endfacet
  facet normal 1.577618e-01 5.436400e-01 -8.243584e-01
    outer loop
      vertex 4.426696e-01 2.020694e-02 -1.183071e-01
      vertex 4.047632e-01 4.741977e-02 -1.076154e-01
      vertex 4.047632e-01 7.465561e-02 -8.965415e-02
    endloop
  endfacet
  facet normal 3.741134e-02 6.877060e-01 7.250247e-01
    outer loop
      vertex 4.426696e-01 2.020694e-02 -1.183071e-01
      vertex 2.000000e-02 0.000000e+00 -7.733046e-02
      vertex 5.878596e-02 2.933659e-04 -7.961008e-02
    endloop
  endfacet
  facet normal 0.000000e+00 -0.000000e+00 1.000000e+00
    outer loop
      vertex 5.330769e-01 4.466337e-02 1.500000e-01
      vertex 8.630433e-01 1.938859e-01 1.500000e-01
      vertex 2.000000e-02 2.000000e-02 1.500000e-01
    endloop
  endfacet
  facet normal 0.000000e+00 0.000000e+00 1.000000e+00
    outer loop
      vertex 5.330769e-01 -4.466337e-02 1.500000e-01
      vertex 2.000000e-02 2.000000e-02 1.500000e-01
      vertex 2.000000e-02 -2.000000e-02 1.500000e-01
    endloop
  endfacet
  facet normal 0.000000e+00 0.000000e+00 1.000000e+00
    outer loop
      vertex 5.330769e-01 -4.466337e-02 1.500000e-01
      vertex 2.000000e-02 -2.000000e-02 1.500000e-01
      vertex 8.630433e-01 -1.938859e-01 1.500000e-01
    endloop
  endfacet
  facet normal 0.000000e+00 0.000000e+00 1.000000e+00
    outer loop
      vertex 5.330769e-01 -4.466337e-02 1.500000e-01
      vertex 8.630433e-01 1.938859e-01 1.500000e-01
      vertex 5.330769e-01 4.466337e-02 1.500000e-01
    endloop
  endfacet
  facet normal -0.000000e+00 0.000000e+00 1.000000e+00
    outer loop
      vertex 5.330769e-01 -4.466337e-02 1.500000e-01
      vertex 8.630433e-01 -1.938859e-01 1.500000e-01
      vertex 8.630433e-01 1.938859e-01 1.500000e-01
    endloop
  endfacet
  facet normal 0.000000e+00 -0.000000e+00 1.000000e+00
    outer loop
      vertex 5.330769e-01 -4.466337e-02 1.500000e-01
      vertex 5.330769e-01 4.466337e-02 1.500000e-01
      vertex 2.000000e-02 2.000000e-02 1.500000e-01
    endloop
  endfacet
  facet normal 0.000000e+00 -0.000000e+00 1.000000e+00
    outer loop
      vertex 1.046154e+00 6.888912e-02 1.500000e-01
      vertex 1.680342e+00 2.195584e-01 1.500000e-01
      vertex 8.630433e-01 1.938859e-01 1.500000e-01
    endloop
  endfacet
  facet normal 0.000000e+00 0.000000e+00 1.000000e+00
    outer loop
      vertex 1.046154e+00 -6.888912e-02 1.500000e-01
      vertex 8.630433e-01 -1.938859e-01 1.500000e-01
      vertex 1.680342e+00 -2.195584e-01 1.500000e-01
    endloop
  endfacet
  facet normal 0.000000e+00 0.000000e+00 1.000000e+00
    outer loop
      vertex 1.046154e+00 -6.888912e-02 1.500000e-01
      vertex 8.630433e-01 1.938859e-01 1.500000e-01
      vertex 8.630433e-01 -1.938859e-01 1.500000e-01
    endloop
  endfacet
  facet normal 0.000000e+00 -0.000000e+00 1.000000e+00
    outer loop
      vertex 1.046154e+00 -6.888912e-02 1.500000e-01
      vertex 1.046154e+00 6.888912e-02 1.500000e-01
      vertex 8.630433e-01 1.938859e-01 1.500000e-01
    endloop
  endfacet
  facet normal 0.000000e+00 -0.000000e+00 1.000000e+00
    outer loop
      vertex 1.559231e+00 7.240750e-02 1.500000e-01
      vertex 1.680342e+00 2.195584e-01 1.500000e-01
      vertex 1.046154e+00 6.888912e-02 1.500000e-01
    endloop
  endfacet
  facet normal 0.000000e+00 0.000000e+00 1.000000e+00
    outer loop
      vertex 1.559231e+00 7.240750e-02 1.500000e-01
      vertex 1.046154e+00 6.888912e-02 1.500000e-01
      vertex 1.046154e+00 -6.888912e-02 1.500000e-01
    endloop
  endfacet
  facet normal 0.000000e+00 -0.000000e+00 1.000000e+00
    outer loop
      vertex 1.559231e+00 -7.240750e-02 1.500000e-01
      vertex 1.559231e+00 7.240750e-02 1.500000e-01
      vertex 1.046154e+00 -6.888912e-02 1.500000e-01
    endloop
  endfacet
  facet normal -0.000000e+00 0.000000e+00 1.000000e+00
    outer loop
      vertex 1.559231e+00 -7.240750e-02 1.500000e-01
      vertex 1.680342e+00 -2.195584e-01 1.500000e-01
      vertex 1.680342e+00 2.195584e-01 1.500000e-01
    endloop
  endfacet
  facet normal 0.000000e+00 0.000000e+00 1.000000e+00
    outer loop
      vertex 1.559231e+00 -7.240750e-02 1.500000e-01
      vertex 1.680342e+00 2.195584e-01 1.500000e-01
      vertex 1.559231e+00 7.240750e-02 1.500000e-01
    endloop
  endfacet
  facet normal 0.000000e+00 0.000000e+00 1.000000e+00
    outer loop
      vertex 1.559231e+00 -7.240750e-02 1.500000e-01
      vertex 1.046154e+00 -6.888912e-02 1.500000e-01
      vertex 1.680342e+00 -2.195584e-01 1.500000e-01
    endloop
  endfacet
  facet normal -1.614693e-03 -4.443922e-03 9.999888e-01
    outer loop
      vertex 2.072308e+00 7.713821e-02 1.500000e-01
      vertex 2.629910e+00 2.387524e-01 1.516186e-01
      vertex 1.680342e+00 2.195584e-01 1.500000e-01
    endloop
  endfacet
  facet normal -1.614693e-03 4.443922e-03 9.999888e-01
    outer loop
      vertex 2.072308e+00 -7.713821e-02 1.500000e-01
      vertex 1.680342e+00 -2.195584e-01 1.500000e-01
      vertex 2.629910e+00 -2.387524e-01 1.516186e-01
    endloop
  endfacet
  facet normal 0.000000e+00 0.000000e+00 1.000000e+00
    outer loop
      vertex 2.072308e+00 -7.713821e-02 1.500000e-01
      vertex 1.680342e+00 2.195584e-01 1.500000e-01
      vertex 1.680342e+00 -2.195584e-01 1.500000e-01
    endloop
  endfacet
  facet normal 0.000000e+00 -0.000000e+00 1.000000e+00
    outer loop
      vertex 2.072308e+00 -7.713821e-02 1.500000e-01
      vertex 2.072308e+00 7.713821e-02 1.500000e-01
      vertex 1.680342e+00 2.195584e-01 1.500000e-01
    endloop
  endfacet
  facet normal -1.367068e-03 -5.298239e-03 9.999850e-01
    outer loop
      vertex 2.585385e+00 7.981836e-02 1.507156e-01
      vertex 2.629910e+00 2.387524e-01 1.516186e-01
      vertex 2.072308e+00 7.713821e-02 1.500000e-01
    endloop
  endfacet
  facet normal -1.394764e-03 0.000000e+00 9.999990e-01
    outer loop
      vertex 2.585385e+00 7.981836e-02 1.507156e-01
      vertex 2.072308e+00 7.713821e-02 1.500000e-01
      vertex 2.072308e+00 -7.713821e-02 1.500000e-01
    endloop
  endfacet
  facet normal -1.367068e-03 5.298239e-03 9.999850e-01
    outer loop
      vertex 2.585385e+00 -7.981836e-02 1.507156e-01
      vertex 2.072308e+00 -7.713821e-02 1.500000e-01
      vertex 2.629910e+00 -2.387524e-01 1.516186e-01
    endloop
  endfacet
  facet normal -2.027514e-02 0.000000e+00 9.997944e-01
    outer loop
      vertex 2.585385e+00 -7.981836e-02 1.507156e-01
      vertex 2.629910e+00 -2.387524e-01 1.516186e-01
      vertex 2.629910e+00 2.387524e-01 1.516186e-01
    endloop
  endfacet
  facet normal -1.394764e-03 0.000000e+00 9.999990e-01
    outer loop
      vertex 2.585385e+00 -7.981836e-02 1.507156e-01
      vertex 2.585385e+00 7.981836e-02 1.507156e-01
      vertex 2.072308e+00 -7.713821e-02 1.500000e-01
    endloop
  endfacet
  facet normal -2.027514e-02 0.000000e+00 9.997944e-01
    outer loop
      vertex 2.585385e+00 -7.981836e-02 1.507156e-01
      vertex 2.629910e+00 2.387524e-01 1.516186e-01
      vertex 2.585385e+00 7.981836e-02 1.507156e-01
    endloop
  endfacet
  facet normal -6.862833e-02 -3.482664e-02 9.970342e-01
    outer loop
      vertex 3.098461e+00 7.212616e-02 1.780498e-01
      vertex 3.355000e+00 1.950000e-01 2.000000e-01
      vertex 2.629910e+00 2.387524e-01 1.516186e-01
    endloop
  endfacet
  facet normal -6.862833e-02 3.482664e-02 9.970342e-01
    outer loop
      vertex 3.098461e+00 -7.212616e-02 1.780498e-01
      vertex 2.629910e+00 -2.387524e-01 1.516186e-01
      vertex 3.355000e+00 -1.950000e-01 2.000000e-01
    endloop
  endfacet
  facet normal -8.525145e-02 0.000000e+00 9.963595e-01
    outer loop
      vertex 3.098461e+00 -7.212616e-02 1.780498e-01
      vertex 3.355000e+00 -1.950000e-01 2.000000e-01
      vertex 3.355000e+00 1.950000e-01 2.000000e-01
    endloop
  endfacet
  facet normal -5.632103e-02 0.000000e+00 9.984127e-01
    outer loop
      vertex 3.098461e+00 -7.212616e-02 1.780498e-01
      vertex 2.629910e+00 2.387524e-01 1.516186e-01
      vertex 2.629910e+00 -2.387524e-01 1.516186e-01
    endloop
  endfacet
  facet normal -8.525145e-02 0.000000e+00 9.963595e-01
    outer loop
      vertex 3.098461e+00 -7.212616e-02 1.780498e-01
      vertex 3.355000e+00 1.950000e-01 2.000000e-01
      vertex 3.098461e+00 7.212616e-02 1.780498e-01
    endloop
  endfacet
  facet normal -5.632103e-02 0.000000e+00 9.984127e-01
    outer loop
      vertex 3.098461e+00 -7.212616e-02 1.780498e-01
      vertex 3.098461e+00 7.212616e-02 1.780498e-01
      vertex 2.629910e+00 2.387524e-01 1.516186e-01
    endloop
  endfacet
  facet normal -1.934862e-01 -9.718127e-01 -1.346964e-01
    outer loop
      vertex 8.473161e-02 -2.611093e-02 1.011049e-01
      vertex 2.000000e-02 -2.000000e-02 1.500000e-01
      vertex 6.740542e-02 -2.259212e-02 1.006057e-01
    endloop
  endfacet
  facet normal 6.061687e-02 -9.981611e-01 2.259294e-05
    outer loop
      vertex 3.458235e-02 -1.911662e-02 5.343398e-02
      vertex 2.000000e-02 -2.000000e-02 1.500000e-01
      vertex 2.000000e-02 -2.000232e-02 4.761547e-02
    endloop
  endfacet
  facet normal -7.596517e-02 -9.968978e-01 -2.059098e-02
    outer loop
      vertex 3.458235e-02 -1.911662e-02 5.343398e-02
      vertex 6.740542e-02 -2.259212e-02 1.006057e-01
      vertex 2.000000e-02 -2.000000e-02 1.500000e-01
    endloop
  endfacet
  facet normal -2.344460e-01 -9.531294e-01 -1.912577e-01
    outer loop
      vertex 1.189739e-01 -3.466986e-02 1.017836e-01
      vertex 2.000000e-02 -2.000000e-02 1.500000e-01
      vertex 8.473161e-02 -2.611093e-02 1.011049e-01
    endloop
  endfacet
  facet normal -4.476110e-02 -9.980979e-01 -4.239183e-02
    outer loop
      vertex 4.241655e-02 -1.940775e-02 5.201651e-02
      vertex 6.740542e-02 -2.259212e-02 1.006057e-01
      vertex 3.458235e-02 -1.911662e-02 5.343398e-02
    endloop
  endfacet
  facet normal -8.894393e-02 -9.958453e-01 -1.952149e-02
    outer loop
      vertex 5.053657e-02 -2.011793e-02 5.124800e-02
      vertex 6.740542e-02 -2.259212e-02 1.006057e-01
      vertex 4.241655e-02 -1.940775e-02 5.201651e-02
    endloop
  endfacet
  facet normal -1.448442e-01 -9.894545e-01 -9.625185e-05
    outer loop
      vertex 6.740542e-02 -2.258731e-02 5.115622e-02
      vertex 6.740542e-02 -2.259212e-02 1.006057e-01
      vertex 5.053657e-02 -2.011793e-02 5.124800e-02
    endloop
  endfacet
  facet normal 6.137207e-02 -9.981132e-01 -1.877394e-03
    outer loop
      vertex 3.458235e-02 -1.907080e-02 2.907374e-02
      vertex 3.458235e-02 -1.911662e-02 5.343398e-02
      vertex 2.000000e-02 -2.000232e-02 4.761547e-02
    endloop
  endfacet
  facet normal -8.733921e-02 -9.961761e-01 -2.260354e-03
    outer loop
      vertex 4.241655e-02 -1.935167e-02 2.729865e-02
      vertex 5.053657e-02 -2.011793e-02 5.124800e-02
      vertex 4.241655e-02 -1.940775e-02 5.201651e-02
    endloop
  endfacet
  facet normal -3.625360e-02 -9.993409e-01 -1.879704e-03
    outer loop
      vertex 4.241655e-02 -1.935167e-02 2.729865e-02
      vertex 3.458235e-02 -1.911662e-02 5.343398e-02
      vertex 3.458235e-02 -1.907080e-02 2.907374e-02
    endloop
  endfacet
  facet normal -3.754560e-02 -9.992923e-01 -2.267425e-03
    outer loop
      vertex 4.241655e-02 -1.935167e-02 2.729865e-02
      vertex 4.241655e-02 -1.940775e-02 5.201651e-02
      vertex 3.458235e-02 -1.911662e-02 5.343398e-02
    endloop
  endfacet
  facet normal -2.424907e-01 -9.701537e-01 -4.604347e-05
    outer loop
      vertex 8.473161e-02 -2.610861e-02 5.215526e-02
      vertex 1.189739e-01 -3.466986e-02 1.017836e-01
      vertex 8.473161e-02 -2.611093e-02 1.011049e-01
    endloop
  endfacet
  facet normal -1.991585e-01 -9.799673e-01 -9.532895e-05
    outer loop
      vertex 8.473161e-02 -2.610861e-02 5.215526e-02
      vertex 6.740542e-02 -2.259212e-02 1.006057e-01
      vertex 6.740542e-02 -2.258731e-02 5.115622e-02
    endloop
  endfacet
  facet normal -1.990274e-01 -9.799939e-01 -4.651048e-05
    outer loop
      vertex 8.473161e-02 -2.610861e-02 5.215526e-02
      vertex 8.473161e-02 -2.611093e-02 1.011049e-01
      vertex 6.740542e-02 -2.259212e-02 1.006057e-01
    endloop
  endfacet
  facet normal -1.448560e-01 -9.894499e-01 -2.380950e-03
    outer loop
      vertex 5.053657e-02 -2.005798e-02 2.633626e-02
      vertex 6.740542e-02 -2.258731e-02 5.115622e-02
      vertex 5.053657e-02 -2.011793e-02 5.124800e-02
    endloop
  endfacet
  facet normal -8.693882e-02 -9.962108e-01 -2.397219e-03
    outer loop
      vertex 5.053657e-02 -2.005798e-02 2.633626e-02
      vertex 5.053657e-02 -2.011793e-02 5.124800e-02
      vertex 4.241655e-02 -1.935167e-02 2.729865e-02
    endloop
  endfacet
  facet normal -1.452422e-01 -9.893939e-01 -2.112736e-03
    outer loop
      vertex 6.740542e-02 -2.253407e-02 2.622134e-02
      vertex 6.740542e-02 -2.258731e-02 5.115622e-02
      vertex 5.053657e-02 -2.005798e-02 2.633626e-02
    endloop
  endfacet
  facet normal -2.426335e-01 -9.701180e-01 5.864984e-05
    outer loop
      vertex 1.189739e-01 -3.467278e-02 5.351335e-02
      vertex 1.189739e-01 -3.466986e-02 1.017836e-01
      vertex 8.473161e-02 -2.610861e-02 5.215526e-02
    endloop
  endfacet
  facet normal -2.325418e-02 -9.981983e-01 5.531110e-02
    outer loop
      vertex 4.241655e-02 -2.072165e-02 2.574612e-03
      vertex 4.241655e-02 -1.935167e-02 2.729865e-02
      vertex 3.458235e-02 -1.907080e-02 2.907374e-02
    endloop
  endfacet
  facet normal -5.475371e-02 -9.974420e-01 4.595146e-02
    outer loop
      vertex 4.241655e-02 -2.072165e-02 2.574612e-03
      vertex 3.458235e-02 -1.907080e-02 2.907374e-02
      vertex 3.458235e-02 -2.019248e-02 4.726134e-03
    endloop
  endfacet
  facet normal -1.999919e-01 -9.797953e-01 -2.092239e-03
    outer loop
      vertex 8.473161e-02 -2.607329e-02 2.747247e-02
      vertex 6.740542e-02 -2.258731e-02 5.115622e-02
      vertex 6.740542e-02 -2.253407e-02 2.622134e-02
    endloop
  endfacet
  facet normal -1.990860e-01 -9.799810e-01 -1.402170e-03
    outer loop
      vertex 8.473161e-02 -2.607329e-02 2.747247e-02
      vertex 8.473161e-02 -2.610861e-02 5.215526e-02
      vertex 6.740542e-02 -2.258731e-02 5.115622e-02
    endloop
  endfacet
  facet normal -7.966916e-02 -9.951243e-01 5.814206e-02
    outer loop
      vertex 5.053657e-02 -2.151421e-02 1.412304e-03
      vertex 5.053657e-02 -2.005798e-02 2.633626e-02
      vertex 4.241655e-02 -1.935167e-02 2.729865e-02
    endloop
  endfacet
  facet normal -8.918031e-02 -9.944899e-01 5.510562e-02
    outer loop
      vertex 5.053657e-02 -2.151421e-02 1.412304e-03
      vertex 4.241655e-02 -1.935167e-02 2.729865e-02
      vertex 4.241655e-02 -2.072165e-02 2.574612e-03
    endloop
  endfacet
  facet normal -1.447161e-01 -9.882192e-01 4.980093e-02
    outer loop
      vertex 6.740542e-02 -2.379040e-02 1.291561e-03
      vertex 6.740542e-02 -2.253407e-02 2.622134e-02
      vertex 5.053657e-02 -2.005798e-02 2.633626e-02
    endloop
  endfacet
  facet normal -1.330923e-01 -9.894163e-01 5.780856e-02
    outer loop
      vertex 6.740542e-02 -2.379040e-02 1.291561e-03
      vertex 5.053657e-02 -2.005798e-02 2.633626e-02
      vertex 5.053657e-02 -2.151421e-02 1.412304e-03
    endloop
  endfacet
  facet normal -2.033089e-01 -9.778737e-01 4.927957e-02
    outer loop
      vertex 6.740542e-02 -2.379040e-02 1.291561e-03
      vertex 8.473161e-02 -2.607329e-02 2.747247e-02
      vertex 6.740542e-02 -2.253407e-02 2.622134e-02
    endloop
  endfacet
  facet normal -6.125624e-01 -7.877065e-01 -6.546549e-02
    outer loop
      vertex 3.458235e-02 -2.954131e-02 -2.275398e-02
      vertex 2.000000e-02 -1.997802e-02 -1.375781e-03
      vertex 2.000000e-02 -1.946313e-02 -7.571170e-03
    endloop
  endfacet
  facet normal -2.434242e-01 -9.699189e-01 -1.387773e-03
    outer loop
      vertex 1.189739e-01 -3.466965e-02 2.917327e-02
      vertex 8.473161e-02 -2.610861e-02 5.215526e-02
      vertex 8.473161e-02 -2.607329e-02 2.747247e-02
    endloop
  endfacet
  facet normal -2.426267e-01 -9.701197e-01 -1.246744e-04
    outer loop
      vertex 1.189739e-01 -3.466965e-02 2.917327e-02
      vertex 1.189739e-01 -3.467278e-02 5.351335e-02
      vertex 8.473161e-02 -2.610861e-02 5.215526e-02
    endloop
  endfacet
  facet normal -3.720152e-02 -9.273146e-01 3.724295e-01
    outer loop
      vertex 4.241655e-02 -3.220858e-02 -2.602677e-02
      vertex 5.053657e-02 -2.151421e-02 1.412304e-03
      vertex 4.241655e-02 -2.072165e-02 2.574612e-03
    endloop
  endfacet
  facet normal -2.447608e-01 -9.691351e-01 2.948443e-02
    outer loop
      vertex 8.473161e-02 -2.682281e-02 2.836359e-03
      vertex 1.189739e-01 -3.466965e-02 2.917327e-02
      vertex 8.473161e-02 -2.607329e-02 2.747247e-02
    endloop
  endfacet
  facet normal -1.749108e-01 -9.841289e-01 2.994060e-02
    outer loop
      vertex 8.473161e-02 -2.682281e-02 2.836359e-03
      vertex 8.473161e-02 -2.607329e-02 2.747247e-02
      vertex 6.740542e-02 -2.379040e-02 1.291561e-03
    endloop
  endfacet
  facet normal -7.509430e-02 -9.213833e-01 3.813314e-01
    outer loop
      vertex 5.053657e-02 -3.352666e-02 -2.761250e-02
      vertex 5.053657e-02 -2.151421e-02 1.412304e-03
      vertex 4.241655e-02 -3.220858e-02 -2.602677e-02
    endloop
  endfacet
  facet normal -1.248388e-01 -9.417490e-01 3.122883e-01
    outer loop
      vertex 6.740542e-02 -3.316911e-02 -2.699125e-02
      vertex 6.740542e-02 -2.379040e-02 1.291561e-03
      vertex 5.053657e-02 -2.151421e-02 1.412304e-03
    endloop
  endfacet
  facet normal 5.501417e-03 -9.239783e-01 3.824054e-01
    outer loop
      vertex 6.740542e-02 -3.316911e-02 -2.699125e-02
      vertex 5.053657e-02 -2.151421e-02 1.412304e-03
      vertex 5.053657e-02 -3.352666e-02 -2.761250e-02
    endloop
  endfacet
  facet normal -1.906258e-01 -9.317692e-01 3.089789e-01
    outer loop
      vertex 6.740542e-02 -3.316911e-02 -2.699125e-02
      vertex 8.473161e-02 -2.682281e-02 2.836359e-03
      vertex 6.740542e-02 -2.379040e-02 1.291561e-03
    endloop
  endfacet
  facet normal -8.444856e-01 -5.062298e-01 -1.748581e-01
    outer loop
      vertex 3.458235e-02 -2.988033e-02 -5.071518e-02
      vertex 2.000000e-02 -1.834402e-02 -1.368769e-02
      vertex 2.000000e-02 -3.896815e-03 -5.551364e-02
    endloop
  endfacet
  facet normal -2.145869e-01 -9.766314e-01 -1.198010e-02
    outer loop
      vertex 1.189739e-01 -3.437271e-02 4.966080e-03
      vertex 1.189739e-01 -3.466965e-02 2.917327e-02
      vertex 8.473161e-02 -2.682281e-02 2.836359e-03
    endloop
  endfacet
  facet normal 1.181956e-01 -9.830014e-01 1.404920e-01
    outer loop
      vertex 8.473161e-02 -3.057642e-02 -2.342707e-02
      vertex 8.473161e-02 -2.682281e-02 2.836359e-03
      vertex 6.740542e-02 -3.316911e-02 -2.699125e-02
    endloop
  endfacet
  facet normal -2.214296e-01 -9.653667e-01 1.379716e-01
    outer loop
      vertex 8.473161e-02 -3.057642e-02 -2.342707e-02
      vertex 1.189739e-01 -3.437271e-02 4.966080e-03
      vertex 8.473161e-02 -2.682281e-02 2.836359e-03
    endloop
  endfacet
  facet normal -2.658064e-01 -9.273205e-01 -2.634837e-01
    outer loop
      vertex 2.765385e-01 -7.667926e-02 9.068047e-02
      vertex 2.000000e-02 -2.000000e-02 1.500000e-01
      vertex 1.189739e-01 -3.466986e-02 1.017836e-01
    endloop
  endfacet
  facet normal 1.559491e-01 -9.367540e-01 -3.133239e-01
    outer loop
      vertex 1.189739e-01 -2.690320e-02 -1.736575e-02
      vertex 1.189739e-01 -3.437271e-02 4.966080e-03
      vertex 8.473161e-02 -3.057642e-02 -2.342707e-02
    endloop
  endfacet
  facet normal -2.576093e-01 -9.662492e-01 -1.241770e-04
    outer loop
      vertex 2.765385e-01 -7.667780e-02 3.129472e-02
      vertex 1.189739e-01 -3.467278e-02 5.351335e-02
      vertex 1.189739e-01 -3.466965e-02 2.917327e-02
    endloop
  endfacet
  facet normal -2.576195e-01 -9.662464e-01 -2.370986e-05
    outer loop
      vertex 2.765385e-01 -7.667780e-02 3.129472e-02
      vertex 2.765385e-01 -7.667926e-02 9.068047e-02
      vertex 1.189739e-01 -3.466986e-02 1.017836e-01
    endloop
  endfacet
  facet normal -2.575852e-01 -9.662556e-01 5.841633e-05
    outer loop
      vertex 2.765385e-01 -7.667780e-02 3.129472e-02
      vertex 1.189739e-01 -3.466986e-02 1.017836e-01
      vertex 1.189739e-01 -3.467278e-02 5.351335e-02
    endloop
  endfacet
  facet normal 4.183340e-01 -8.187627e-01 -3.932230e-01
    outer loop
      vertex 1.189739e-01 -3.234621e-03 -5.995569e-02
      vertex 1.189739e-01 -1.389284e-02 -3.776331e-02
      vertex 8.473161e-02 -2.591121e-02 -4.916787e-02
    endloop
  endfacet
  facet normal 3.886775e-01 -8.023742e-01 -4.529078e-01
    outer loop
      vertex 1.189739e-01 -3.234621e-03 -5.995569e-02
      vertex 8.473161e-02 -2.591121e-02 -4.916787e-02
      vertex 8.473161e-02 -1.428691e-02 -6.976157e-02
    endloop
  endfacet
  facet normal -2.576126e-01 -9.662483e-01 1.442623e-04
    outer loop
      vertex 2.765385e-01 -7.668227e-02 1.349781e-03
      vertex 2.765385e-01 -7.667780e-02 3.129472e-02
      vertex 1.189739e-01 -3.466965e-02 2.917327e-02
    endloop
  endfacet
  facet normal -2.185912e-01 -9.757294e-01 -1.303850e-02
    outer loop
      vertex 5.330769e-01 -1.339902e-01 7.863265e-02
      vertex 2.000000e-02 -2.000000e-02 1.500000e-01
      vertex 2.765385e-01 -7.667926e-02 9.068047e-02
    endloop
  endfacet
  facet normal -2.007517e-01 -9.732959e-01 1.113272e-01
    outer loop
      vertex 5.330769e-01 -1.339902e-01 7.863265e-02
      vertex 8.630433e-01 -1.938859e-01 1.500000e-01
      vertex 2.000000e-02 -2.000000e-02 1.500000e-01
    endloop
  endfacet
  facet normal -2.180277e-01 -9.759426e-01 -2.394779e-05
    outer loop
      vertex 5.330769e-01 -1.339902e-01 7.863265e-02
      vertex 2.765385e-01 -7.667926e-02 9.068047e-02
      vertex 2.765385e-01 -7.667780e-02 3.129472e-02
    endloop
  endfacet
  facet normal -2.180829e-01 -9.759302e-01 2.903397e-04
    outer loop
      vertex 5.330769e-01 -1.340115e-01 7.185723e-03
      vertex 5.330769e-01 -1.339902e-01 7.863265e-02
      vertex 2.765385e-01 -7.667780e-02 3.129472e-02
    endloop
  endfacet
  facet normal -1.882828e-01 -9.809786e-01 4.722969e-02
    outer loop
      vertex 7.896154e-01 -1.837859e-01 6.705739e-02
      vertex 8.630433e-01 -1.938859e-01 1.500000e-01
      vertex 5.330769e-01 -1.339902e-01 7.863265e-02
    endloop
  endfacet
  facet normal -1.877190e-01 -9.822227e-01 2.922117e-04
    outer loop
      vertex 7.896154e-01 -1.830471e-01 -1.595568e-02
      vertex 5.330769e-01 -1.339902e-01 7.863265e-02
      vertex 5.330769e-01 -1.340115e-01 7.185723e-03
    endloop
  endfacet
  facet normal -1.909221e-01 -9.815663e-01 -8.735748e-03
    outer loop
      vertex 7.896154e-01 -1.830471e-01 -1.595568e-02
      vertex 7.896154e-01 -1.837859e-01 6.705739e-02
      vertex 5.330769e-01 -1.339902e-01 7.863265e-02
    endloop
  endfacet
  facet normal -1.264679e-01 -9.919314e-01 -8.827996e-03
    outer loop
      vertex 7.896154e-01 -1.830471e-01 -1.595568e-02
      vertex 8.630433e-01 -1.938859e-01 1.500000e-01
      vertex 7.896154e-01 -1.837859e-01 6.705739e-02
    endloop
  endfacet
  facet normal -1.694879e-01 -9.831940e-01 -6.784910e-02
    outer loop
      vertex 7.896154e-01 -1.738279e-01 -5.667478e-02
      vertex 5.330769e-01 -1.340115e-01 7.185723e-03
      vertex 5.330769e-01 -1.315350e-01 -2.870099e-02
    endloop
  endfacet
  facet normal -1.864442e-01 -9.383204e-01 -2.911931e-01
    outer loop
      vertex 7.896154e-01 -1.738279e-01 -5.667478e-02
      vertex 5.330769e-01 -1.315350e-01 -2.870099e-02
      vertex 5.330769e-01 -1.209320e-01 -6.286710e-02
    endloop
  endfacet
  facet normal -2.020869e-01 -9.551915e-01 -2.162641e-01
    outer loop
      vertex 7.896154e-01 -1.738279e-01 -5.667478e-02
      vertex 7.896154e-01 -1.830471e-01 -1.595568e-02
      vertex 5.330769e-01 -1.340115e-01 7.185723e-03
    endloop
  endfacet
  facet normal -1.660926e-01 -8.616652e-01 -4.795273e-01
    outer loop
      vertex 7.896154e-01 -1.536306e-01 -9.296733e-02
      vertex 7.896154e-01 -1.738279e-01 -5.667478e-02
      vertex 5.330769e-01 -1.209320e-01 -6.286710e-02
    endloop
  endfacet
  facet normal -1.334635e-01 -8.210641e-01 -5.550147e-01
    outer loop
      vertex 7.896154e-01 -1.234461e-01 -1.208372e-01
      vertex 5.330769e-01 -1.209320e-01 -6.286710e-02
      vertex 5.330769e-01 -1.011354e-01 -9.215336e-02
    endloop
  endfacet
  facet normal -1.402008e-01 -5.863914e-01 -7.978025e-01
    outer loop
      vertex 7.896154e-01 -1.234461e-01 -1.208372e-01
      vertex 5.330769e-01 -1.011354e-01 -9.215336e-02
      vertex 5.330769e-01 -7.225826e-02 -1.133783e-01
    endloop
  endfacet
  facet normal -1.701541e-01 -6.684835e-01 -7.240009e-01
    outer loop
      vertex 7.896154e-01 -1.234461e-01 -1.208372e-01
      vertex 7.896154e-01 -1.536306e-01 -9.296733e-02
      vertex 5.330769e-01 -1.209320e-01 -6.286710e-02
    endloop
  endfacet
  facet normal -1.093789e-01 -4.166720e-01 -9.024526e-01
    outer loop
      vertex 7.896154e-01 -8.557504e-02 -1.383227e-01
      vertex 7.896154e-01 -1.234461e-01 -1.208372e-01
      vertex 5.330769e-01 -7.225826e-02 -1.133783e-01
    endloop
  endfacet
  facet normal -8.165511e-02 -3.020652e-01 -9.497837e-01
    outer loop
      vertex 7.896154e-01 -4.454825e-02 -1.442463e-01
      vertex 5.330769e-01 -7.225826e-02 -1.133783e-01
      vertex 5.330769e-01 -3.821325e-02 -1.242058e-01
    endloop
  endfacet
  facet normal -1.031023e-01 -1.421389e-01 -9.844625e-01
    outer loop
      vertex 7.896154e-01 -4.454825e-02 -1.442463e-01
      vertex 7.896154e-01 -8.557504e-02 -1.383227e-01
      vertex 5.330769e-01 -7.225826e-02 -1.133783e-01
    endloop
  endfacet
  facet normal -8.519474e-02 -9.959887e-01 -2.735451e-02
    outer loop
      vertex 1.046154e+00 -2.046315e-01 -2.903821e-02
      vertex 8.630433e-01 -1.938859e-01 1.500000e-01
      vertex 7.896154e-01 -1.830471e-01 -1.595568e-02
    endloop
  endfacet
  facet normal -9.291759e-02 -9.710951e-01 -2.198648e-01
    outer loop
      vertex 1.046154e+00 -2.046315e-01 -2.903821e-02
      vertex 7.896154e-01 -1.830471e-01 -1.595568e-02
      vertex 7.896154e-01 -1.738279e-01 -5.667478e-02
    endloop
  endfacet
  facet normal -8.063176e-02 -9.964864e-01 -2.265787e-02
    outer loop
      vertex 1.046154e+00 -2.046315e-01 -2.903821e-02
      vertex 1.046154e+00 -2.066670e-01 6.048348e-02
      vertex 8.630433e-01 -1.938859e-01 1.500000e-01
    endloop
  endfacet
  facet normal -8.705607e-02 -9.608881e-01 -2.628981e-01
    outer loop
      vertex 1.046154e+00 -1.927388e-01 -7.250578e-02
      vertex 1.046154e+00 -2.046315e-01 -2.903821e-02
      vertex 7.896154e-01 -1.738279e-01 -5.667478e-02
    endloop
  endfacet
  facet normal -8.599872e-02 -8.705649e-01 -4.844801e-01
    outer loop
      vertex 1.046154e+00 -1.691535e-01 -1.106116e-01
      vertex 7.896154e-01 -1.738279e-01 -5.667478e-02
      vertex 7.896154e-01 -1.536306e-01 -9.296733e-02
    endloop
  endfacet
  facet normal -9.473035e-02 -8.464815e-01 -5.239230e-01
    outer loop
      vertex 1.046154e+00 -1.691535e-01 -1.106116e-01
      vertex 1.046154e+00 -1.927388e-01 -7.250578e-02
      vertex 7.896154e-01 -1.738279e-01 -5.667478e-02
    endloop
  endfacet
  facet normal -8.106530e-02 -6.761433e-01 -7.322968e-01
    outer loop
      vertex 1.046154e+00 -1.348621e-01 -1.386955e-01
      vertex 7.896154e-01 -1.536306e-01 -9.296733e-02
      vertex 7.896154e-01 -1.234461e-01 -1.208372e-01
    endloop
  endfacet
  facet normal -8.158199e-02 -4.177898e-01 -9.048735e-01
    outer loop
      vertex 1.046154e+00 -1.348621e-01 -1.386955e-01
      vertex 7.896154e-01 -1.234461e-01 -1.208372e-01
      vertex 7.896154e-01 -8.557504e-02 -1.383227e-01
    endloop
  endfacet
  facet normal -9.116828e-02 -6.309678e-01 -7.704337e-01
    outer loop
      vertex 1.046154e+00 -1.348621e-01 -1.386955e-01
      vertex 1.046154e+00 -1.691535e-01 -1.106116e-01
      vertex 7.896154e-01 -1.536306e-01 -9.296733e-02
    endloop
  endfacet
  facet normal -7.007486e-02 -3.576963e-01 -9.312051e-01
    outer loop
      vertex 1.046154e+00 -9.283894e-02 -1.548375e-01
      vertex 1.046154e+00 -1.348621e-01 -1.386955e-01
      vertex 7.896154e-01 -8.557504e-02 -1.383227e-01
    endloop
  endfacet
  facet normal -3.134456e-02 -9.978691e-01 5.722494e-02
    outer loop
      vertex 1.302692e+00 -2.130204e-01 5.715328e-02
      vertex 1.680342e+00 -2.195584e-01 1.500000e-01
      vertex 8.630433e-01 -1.938859e-01 1.500000e-01
    endloop
  endfacet
  facet normal -2.342609e-02 -9.952789e-01 9.418676e-02
    outer loop
      vertex 1.302692e+00 -2.130204e-01 5.715328e-02
      vertex 8.630433e-01 -1.938859e-01 1.500000e-01
      vertex 1.046154e+00 -2.066670e-01 6.048348e-02
    endloop
  endfacet
  facet normal -4.699768e-02 1.123719e-01 -9.925542e-01
    outer loop
      vertex 1.046154e+00 -4.806849e-02 -1.567920e-01
      vertex 7.896154e-01 -4.454825e-02 -1.442463e-01
      vertex 1.493682e+00 0.000000e+00 -1.725405e-01
    endloop
  endfacet
  facet normal -5.029902e-02 -1.427195e-01 -9.884843e-01
    outer loop
      vertex 1.046154e+00 -4.806849e-02 -1.567920e-01
      vertex 7.896154e-01 -8.557504e-02 -1.383227e-01
      vertex 7.896154e-01 -4.454825e-02 -1.442463e-01
    endloop
  endfacet
  facet normal -6.540867e-02 -4.352070e-02 -9.969091e-01
    outer loop
      vertex 1.046154e+00 -4.806849e-02 -1.567920e-01
      vertex 1.046154e+00 -9.283894e-02 -1.548375e-01
      vertex 7.896154e-01 -8.557504e-02 -1.383227e-01
    endloop
  endfacet
  facet normal -2.508477e-02 -9.993519e-01 -2.581791e-02
    outer loop
      vertex 1.302692e+00 -2.106218e-01 -3.568886e-02
      vertex 1.302692e+00 -2.130204e-01 5.715328e-02
      vertex 1.046154e+00 -2.066670e-01 6.048348e-02
    endloop
  endfacet
  facet normal -2.392702e-02 -9.994554e-01 -2.272537e-02
    outer loop
      vertex 1.302692e+00 -2.106218e-01 -3.568886e-02
      vertex 1.046154e+00 -2.066670e-01 6.048348e-02
      vertex 1.046154e+00 -2.046315e-01 -2.903821e-02
    endloop
  endfacet
  facet normal -3.230594e-02 -9.640466e-01 -2.637622e-01
    outer loop
      vertex 1.302692e+00 -1.990149e-01 -8.098792e-02
      vertex 1.046154e+00 -2.046315e-01 -2.903821e-02
      vertex 1.046154e+00 -1.927388e-01 -7.250578e-02
    endloop
  endfacet
  facet normal -2.904236e-02 -9.682976e-01 -2.481056e-01
    outer loop
      vertex 1.302692e+00 -1.990149e-01 -8.098792e-02
      vertex 1.302692e+00 -2.106218e-01 -3.568886e-02
      vertex 1.046154e+00 -2.046315e-01 -2.903821e-02
    endloop
  endfacet
  facet normal -4.279815e-02 -8.495262e-01 -5.258075e-01
    outer loop
      vertex 1.302692e+00 -1.755741e-01 -1.211191e-01
      vertex 1.046154e+00 -1.927388e-01 -7.250578e-02
      vertex 1.046154e+00 -1.691535e-01 -1.106116e-01
    endloop
  endfacet
  facet normal -3.777421e-02 -8.628726e-01 -5.040080e-01
    outer loop
      vertex 1.302692e+00 -1.755741e-01 -1.211191e-01
      vertex 1.302692e+00 -1.990149e-01 -8.098792e-02
      vertex 1.046154e+00 -1.927388e-01 -7.250578e-02
    endloop
  endfacet
  facet normal -4.901907e-02 -6.328447e-01 -7.727255e-01
    outer loop
      vertex 1.302692e+00 -1.402841e-01 -1.505289e-01
      vertex 1.046154e+00 -1.691535e-01 -1.106116e-01
      vertex 1.046154e+00 -1.348621e-01 -1.386955e-01
    endloop
  endfacet
  facet normal -4.743414e-02 -6.394830e-01 -7.673405e-01
    outer loop
      vertex 1.302692e+00 -1.402841e-01 -1.505289e-01
      vertex 1.302692e+00 -1.755741e-01 -1.211191e-01
      vertex 1.046154e+00 -1.691535e-01 -1.106116e-01
    endloop
  endfacet
  facet normal -5.052538e-02 -3.453136e-01 -9.371263e-01
    outer loop
      vertex 1.302692e+00 -9.647729e-02 -1.666709e-01
      vertex 1.302692e+00 -1.402841e-01 -1.505289e-01
      vertex 1.046154e+00 -1.348621e-01 -1.386955e-01
    endloop
  endfacet
  facet normal -4.808956e-02 -3.581629e-01 -9.324198e-01
    outer loop
      vertex 1.302692e+00 -9.647729e-02 -1.666709e-01
      vertex 1.046154e+00 -1.348621e-01 -1.386955e-01
      vertex 1.046154e+00 -9.283894e-02 -1.548375e-01
    endloop
  endfacet
  facet normal -4.665103e-02 -4.356662e-02 -9.979607e-01
    outer loop
      vertex 1.302692e+00 -9.647729e-02 -1.666709e-01
      vertex 1.046154e+00 -9.283894e-02 -1.548375e-01
      vertex 1.046154e+00 -4.806849e-02 -1.567920e-01
    endloop
  endfacet
  facet normal 1.442930e-01 -3.421369e-01 -9.285052e-01
    outer loop
      vertex 1.302692e+00 -9.647729e-02 -1.666709e-01
      vertex 1.493682e+00 0.000000e+00 -1.725405e-01
      vertex 1.302692e+00 -1.402841e-01 -1.505289e-01
    endloop
  endfacet
  facet normal -1.641233e-02 -9.998586e-01 -3.651261e-03
    outer loop
      vertex 1.559231e+00 -2.172226e-01 5.475755e-02
      vertex 1.680342e+00 -2.195584e-01 1.500000e-01
      vertex 1.302692e+00 -2.130204e-01 5.715328e-02
    endloop
  endfacet
  facet normal -1.661397e-02 -9.995285e-01 -2.582247e-02
    outer loop
      vertex 1.559231e+00 -2.172226e-01 5.475755e-02
      vertex 1.302692e+00 -2.130204e-01 5.715328e-02
      vertex 1.302692e+00 -2.106218e-01 -3.568886e-02
    endloop
  endfacet
  facet normal -3.903938e-02 3.630488e-02 -9.985779e-01
    outer loop
      vertex 1.302692e+00 -4.986123e-02 -1.668865e-01
      vertex 1.046154e+00 -4.806849e-02 -1.567920e-01
      vertex 1.493682e+00 0.000000e+00 -1.725405e-01
    endloop
  endfacet
  facet normal -3.935045e-02 -4.621854e-03 -9.992148e-01
    outer loop
      vertex 1.302692e+00 -4.986123e-02 -1.668865e-01
      vertex 1.302692e+00 -9.647729e-02 -1.666709e-01
      vertex 1.046154e+00 -4.806849e-02 -1.567920e-01
    endloop
  endfacet
  facet normal -2.838415e-02 -4.623573e-03 -9.995864e-01
    outer loop
      vertex 1.302692e+00 -4.986123e-02 -1.668865e-01
      vertex 1.493682e+00 0.000000e+00 -1.725405e-01
      vertex 1.302692e+00 -9.647729e-02 -1.666709e-01
    endloop
  endfacet
  facet normal -1.637130e-02 -9.995145e-01 -2.650974e-02
    outer loop
      vertex 1.559231e+00 -2.146966e-01 -4.048426e-02
      vertex 1.559231e+00 -2.172226e-01 5.475755e-02
      vertex 1.302692e+00 -2.106218e-01 -3.568886e-02
    endloop
  endfacet
  facet normal 1.570553e-03 -9.996472e-01 -2.651326e-02
    outer loop
      vertex 1.559231e+00 -2.146966e-01 -4.048426e-02
      vertex 1.680342e+00 -2.195584e-01 1.500000e-01
      vertex 1.559231e+00 -2.172226e-01 5.475755e-02
    endloop
  endfacet
  facet normal -2.002214e-02 -9.685120e-01 -2.481605e-01
    outer loop
      vertex 1.559231e+00 -2.146966e-01 -4.048426e-02
      vertex 1.302692e+00 -2.106218e-01 -3.568886e-02
      vertex 1.302692e+00 -1.990149e-01 -8.098792e-02
    endloop
  endfacet
  facet normal -2.265570e-02 -9.722318e-01 -2.329205e-01
    outer loop
      vertex 1.559231e+00 -2.035178e-01 -8.714543e-02
      vertex 1.559231e+00 -2.146966e-01 -4.048426e-02
      vertex 1.302692e+00 -1.990149e-01 -8.098792e-02
    endloop
  endfacet
  facet normal -2.700623e-02 -8.732163e-01 -4.865840e-01
    outer loop
      vertex 1.559231e+00 -1.803155e-01 -1.287840e-01
      vertex 1.559231e+00 -2.035178e-01 -8.714543e-02
      vertex 1.302692e+00 -1.990149e-01 -8.098792e-02
    endloop
  endfacet
  facet normal -3.101370e-02 -8.630735e-01 -5.041253e-01
    outer loop
      vertex 1.559231e+00 -1.803155e-01 -1.287840e-01
      vertex 1.302692e+00 -1.990149e-01 -8.098792e-02
      vertex 1.302692e+00 -1.755741e-01 -1.211191e-01
    endloop
  endfacet
  facet normal -3.474270e-02 -6.430587e-01 -7.650284e-01
    outer loop
      vertex 1.559231e+00 -1.442683e-01 -1.590841e-01
      vertex 1.559231e+00 -1.803155e-01 -1.287840e-01
      vertex 1.302692e+00 -1.755741e-01 -1.211191e-01
    endloop
  endfacet
  facet normal -3.481624e-02 -1.084849e-01 -9.934882e-01
    outer loop
      vertex 1.559231e+00 -1.442683e-01 -1.590841e-01
      vertex 1.302692e+00 -1.402841e-01 -1.505289e-01
      vertex 1.493682e+00 0.000000e+00 -1.725405e-01
    endloop
  endfacet
  facet normal -3.553878e-02 -6.397992e-01 -7.677200e-01
    outer loop
      vertex 1.559231e+00 -1.442683e-01 -1.590841e-01
      vertex 1.302692e+00 -1.755741e-01 -1.211191e-01
      vertex 1.302692e+00 -1.402841e-01 -1.505289e-01
    endloop
  endfacet
  facet normal -4.579066e-01 -2.865454e-01 -8.415541e-01
    outer loop
      vertex 1.559231e+00 -9.906945e-02 -1.744741e-01
      vertex 1.559231e+00 -1.442683e-01 -1.590841e-01
      vertex 1.493682e+00 0.000000e+00 -1.725405e-01
    endloop
  endfacet
  facet normal -9.008139e-03 1.355496e-02 -9.998675e-01
    outer loop
      vertex 1.559231e+00 -5.115258e-02 -1.738245e-01
      vertex 1.559231e+00 -9.906945e-02 -1.744741e-01
      vertex 1.493682e+00 0.000000e+00 -1.725405e-01
    endloop
  endfacet
  facet normal -2.412142e-02 -9.721985e-01 -2.329125e-01
    outer loop
      vertex 1.815769e+00 -2.203252e-01 -4.355813e-02
      vertex 1.559231e+00 -2.146966e-01 -4.048426e-02
      vertex 1.559231e+00 -2.035178e-01 -8.714543e-02
    endloop
  endfacet
  facet normal -2.207142e-02 -9.996905e-01 -1.148265e-02
    outer loop
      vertex 1.815769e+00 -2.203252e-01 -4.355813e-02
      vertex 1.680342e+00 -2.195584e-01 1.500000e-01
      vertex 1.559231e+00 -2.146966e-01 -4.048426e-02
    endloop
  endfacet
  facet normal -4.637488e-02 -9.985177e-01 -2.849178e-02
    outer loop
      vertex 1.815769e+00 -2.203252e-01 -4.355813e-02
      vertex 1.815769e+00 -2.230865e-01 5.321519e-02
      vertex 1.680342e+00 -2.195584e-01 1.500000e-01
    endloop
  endfacet
  facet normal -2.333143e-02 -9.711874e-01 -2.371723e-01
    outer loop
      vertex 1.815769e+00 -2.087586e-01 -9.092171e-02
      vertex 1.815769e+00 -2.203252e-01 -4.355813e-02
      vertex 1.559231e+00 -2.035178e-01 -8.714543e-02
    endloop
  endfacet
  facet normal -2.261505e-02 -8.733115e-01 -4.866371e-01
    outer loop
      vertex 1.815769e+00 -1.846555e-01 -1.329173e-01
      vertex 1.559231e+00 -2.035178e-01 -8.714543e-02
      vertex 1.559231e+00 -1.803155e-01 -1.287840e-01
    endloop
  endfacet
  facet normal -2.503753e-02 -8.670303e-01 -4.976260e-01
    outer loop
      vertex 1.815769e+00 -1.846555e-01 -1.329173e-01
      vertex 1.815769e+00 -2.087586e-01 -9.092171e-02
      vertex 1.559231e+00 -2.035178e-01 -8.714543e-02
    endloop
  endfacet
  facet normal -1.831251e-02 -6.433393e-01 -7.653622e-01
    outer loop
      vertex 1.815769e+00 -1.472411e-01 -1.627234e-01
      vertex 1.559231e+00 -1.803155e-01 -1.287840e-01
      vertex 1.559231e+00 -1.442683e-01 -1.590841e-01
    endloop
  endfacet
  facet normal -2.313692e-02 -6.229277e-01 -7.819372e-01
    outer loop
      vertex 1.815769e+00 -1.472411e-01 -1.627234e-01
      vertex 1.815769e+00 -1.846555e-01 -1.329173e-01
      vertex 1.559231e+00 -1.803155e-01 -1.287840e-01
    endloop
  endfacet
  facet normal -5.887483e-03 -3.223176e-01 -9.466133e-01
    outer loop
      vertex 1.815769e+00 -1.007109e-01 -1.755107e-01
      vertex 1.559231e+00 -1.442683e-01 -1.590841e-01
      vertex 1.559231e+00 -9.906945e-02 -1.744741e-01
    endloop
  endfacet
  facet normal -1.674735e-02 -2.649569e-01 -9.641148e-01
    outer loop
      vertex 1.815769e+00 -1.007109e-01 -1.755107e-01
      vertex 1.815769e+00 -1.472411e-01 -1.627234e-01
      vertex 1.559231e+00 -1.442683e-01 -1.590841e-01
    endloop
  endfacet
  facet normal -3.248907e-02 -9.994313e-01 -9.028573e-03
    outer loop
      vertex 2.072308e+00 -2.314150e-01 5.200371e-02
      vertex 1.680342e+00 -2.195584e-01 1.500000e-01
      vertex 1.815769e+00 -2.230865e-01 5.321519e-02
    endloop
  endfacet
  facet normal -3.256910e-02 -9.990629e-01 -2.850733e-02
    outer loop
      vertex 2.072308e+00 -2.314150e-01 5.200371e-02
      vertex 1.815769e+00 -2.230865e-01 5.321519e-02
      vertex 1.815769e+00 -2.203252e-01 -4.355813e-02
    endloop
  endfacet
  facet normal -2.026109e-02 -9.990011e-01 3.982890e-02
    outer loop
      vertex 2.072308e+00 -2.314150e-01 5.200371e-02
      vertex 2.629910e+00 -2.387524e-01 1.516186e-01
      vertex 1.680342e+00 -2.195584e-01 1.500000e-01
    endloop
  endfacet
  facet normal -3.210292e-03 1.355544e-02 -9.999030e-01
    outer loop
      vertex 1.815769e+00 -5.198627e-02 -1.746594e-01
      vertex 1.559231e+00 -9.906945e-02 -1.744741e-01
      vertex 1.559231e+00 -5.115258e-02 -1.738245e-01
    endloop
  endfacet
  facet normal -3.185635e-03 2.101376e-02 -9.997741e-01
    outer loop
      vertex 1.815769e+00 -5.198627e-02 -1.746594e-01
      vertex 1.559231e+00 -5.115258e-02 -1.738245e-01
      vertex 1.493682e+00 0.000000e+00 -1.725405e-01
    endloop
  endfacet
  facet normal -3.928439e-03 1.746860e-02 -9.998397e-01
    outer loop
      vertex 1.815769e+00 -5.198627e-02 -1.746594e-01
      vertex 1.815769e+00 -1.007109e-01 -1.755107e-01
      vertex 1.559231e+00 -9.906945e-02 -1.744741e-01
    endloop
  endfacet
  facet normal -3.197108e-02 -9.709552e-01 -2.371156e-01
    outer loop
      vertex 2.072308e+00 -2.281889e-01 -4.594701e-02
      vertex 1.815769e+00 -2.203252e-01 -4.355813e-02
      vertex 1.815769e+00 -2.087586e-01 -9.092171e-02
    endloop
  endfacet
  facet normal -3.092850e-02 -9.989799e-01 -3.290193e-02
    outer loop
      vertex 2.072308e+00 -2.281889e-01 -4.594701e-02
      vertex 2.072308e+00 -2.314150e-01 5.200371e-02
      vertex 1.815769e+00 -2.203252e-01 -4.355813e-02
    endloop
  endfacet
  facet normal -2.773777e-02 -9.655038e-01 -2.589074e-01
    outer loop
      vertex 2.072308e+00 -2.154070e-01 -9.361290e-02
      vertex 2.072308e+00 -2.281889e-01 -4.594701e-02
      vertex 1.815769e+00 -2.087586e-01 -9.092171e-02
    endloop
  endfacet
  facet normal -1.987507e-02 -8.671309e-01 -4.976837e-01
    outer loop
      vertex 2.072308e+00 -1.892961e-01 -1.350768e-01
      vertex 1.815769e+00 -2.087586e-01 -9.092171e-02
      vertex 1.815769e+00 -1.846555e-01 -1.329173e-01
    endloop
  endfacet
  facet normal -2.750941e-02 -8.458758e-01 -5.326701e-01
    outer loop
      vertex 2.072308e+00 -1.892961e-01 -1.350768e-01
      vertex 2.072308e+00 -2.154070e-01 -9.361290e-02
      vertex 1.815769e+00 -2.087586e-01 -9.092171e-02
    endloop
  endfacet
  facet normal -1.736779e-02 -5.816861e-01 -8.132279e-01
    outer loop
      vertex 2.072308e+00 -1.499027e-01 -1.632541e-01
      vertex 2.072308e+00 -1.892961e-01 -1.350768e-01
      vertex 1.815769e+00 -1.846555e-01 -1.329173e-01
    endloop
  endfacet
  facet normal -8.082501e-03 -6.230741e-01 -7.821210e-01
    outer loop
      vertex 2.072308e+00 -1.499027e-01 -1.632541e-01
      vertex 1.815769e+00 -1.846555e-01 -1.329173e-01
      vertex 1.815769e+00 -1.472411e-01 -1.627234e-01
    endloop
  endfacet
  facet normal -4.744098e-03 -2.649911e-01 -9.642392e-01
    outer loop
      vertex 2.072308e+00 -1.499027e-01 -1.632541e-01
      vertex 1.815769e+00 -1.472411e-01 -1.627234e-01
      vertex 1.815769e+00 -1.007109e-01 -1.755107e-01
    endloop
  endfacet
  facet normal 1.389730e-02 -1.729079e-01 -9.848399e-01
    outer loop
      vertex 2.072308e+00 -1.019186e-01 -1.716786e-01
      vertex 2.072308e+00 -1.499027e-01 -1.632541e-01
      vertex 1.815769e+00 -1.007109e-01 -1.755107e-01
    endloop
  endfacet
  facet normal -2.667940e-02 -9.967568e-01 7.592127e-02
    outer loop
      vertex 2.328846e+00 -2.383090e-01 5.164416e-02
      vertex 2.629910e+00 -2.387524e-01 1.516186e-01
      vertex 2.072308e+00 -2.314150e-01 5.200371e-02
    endloop
  endfacet
  facet normal 1.325884e-02 1.225956e-01 -9.923681e-01
    outer loop
      vertex 2.072308e+00 -5.264208e-02 -1.713129e-01
      vertex 1.815769e+00 -5.198627e-02 -1.746594e-01
      vertex 1.493682e+00 0.000000e+00 -1.725405e-01
    endloop
  endfacet
  facet normal 1.093771e-02 9.701587e-02 -9.952227e-01
    outer loop
      vertex 2.072308e+00 -5.264208e-02 -1.713129e-01
      vertex 1.493682e+00 0.000000e+00 -1.725405e-01
      vertex 2.426997e+00 0.000000e+00 -1.622832e-01
    endloop
  endfacet
  facet normal 1.308654e-02 1.746724e-02 -9.997618e-01
    outer loop
      vertex 2.072308e+00 -5.264208e-02 -1.713129e-01
      vertex 1.815769e+00 -1.007109e-01 -1.755107e-01
      vertex 1.815769e+00 -5.198627e-02 -1.746594e-01
    endloop
  endfacet
  facet normal 1.497061e-02 7.420804e-03 -9.998604e-01
    outer loop
      vertex 2.072308e+00 -5.264208e-02 -1.713129e-01
      vertex 2.072308e+00 -1.019186e-01 -1.716786e-01
      vertex 1.815769e+00 -1.007109e-01 -1.755107e-01
    endloop
  endfacet
  facet normal -2.493905e-02 -9.991472e-01 -3.290744e-02
    outer loop
      vertex 2.328846e+00 -2.345702e-01 -4.661689e-02
      vertex 2.072308e+00 -2.314150e-01 5.200371e-02
      vertex 2.072308e+00 -2.281889e-01 -4.594701e-02
    endloop
  endfacet
  facet normal -2.689709e-02 -9.989154e-01 -3.800824e-02
    outer loop
      vertex 2.328846e+00 -2.345702e-01 -4.661689e-02
      vertex 2.328846e+00 -2.383090e-01 5.164416e-02
      vertex 2.072308e+00 -2.314150e-01 5.200371e-02
    endloop
  endfacet
  facet normal -1.874043e-02 -9.657058e-01 -2.589616e-01
    outer loop
      vertex 2.328846e+00 -2.202769e-01 -9.401745e-02
      vertex 2.072308e+00 -2.281889e-01 -4.594701e-02
      vertex 2.072308e+00 -2.154070e-01 -9.361290e-02
    endloop
  endfacet
  facet normal -2.456160e-02 -9.571298e-01 -2.886160e-01
    outer loop
      vertex 2.328846e+00 -2.202769e-01 -9.401745e-02
      vertex 2.328846e+00 -2.345702e-01 -4.661689e-02
      vertex 2.072308e+00 -2.281889e-01 -4.594701e-02
    endloop
  endfacet
  facet normal -7.353990e-03 -8.461731e-01 -5.328573e-01
    outer loop
      vertex 2.328846e+00 -1.920407e-01 -1.342588e-01
      vertex 2.072308e+00 -2.154070e-01 -9.361290e-02
      vertex 2.072308e+00 -1.892961e-01 -1.350768e-01
    endloop
  endfacet
  facet normal -1.644288e-02 -8.184787e-01 -5.743015e-01
    outer loop
      vertex 2.328846e+00 -1.920407e-01 -1.342588e-01
      vertex 2.328846e+00 -2.202769e-01 -9.401745e-02
      vertex 2.072308e+00 -2.154070e-01 -9.361290e-02
    endloop
  endfacet
  facet normal 6.176024e-03 -5.817627e-01 -8.133351e-01
    outer loop
      vertex 2.328846e+00 -1.510784e-01 -1.604651e-01
      vertex 2.072308e+00 -1.892961e-01 -1.350768e-01
      vertex 2.072308e+00 -1.499027e-01 -1.632541e-01
    endloop
  endfacet
  facet normal -3.079881e-03 -5.389114e-01 -8.423568e-01
    outer loop
      vertex 2.328846e+00 -1.510784e-01 -1.604651e-01
      vertex 2.328846e+00 -1.920407e-01 -1.342588e-01
      vertex 2.072308e+00 -1.892961e-01 -1.350768e-01
    endloop
  endfacet
  facet normal 2.515937e-02 -1.728699e-01 -9.846233e-01
    outer loop
      vertex 2.328846e+00 -1.022197e-01 -1.650706e-01
      vertex 2.072308e+00 -1.499027e-01 -1.632541e-01
      vertex 2.072308e+00 -1.019186e-01 -1.716786e-01
    endloop
  endfacet
  facet normal 1.039282e-02 -9.384025e-02 -9.955330e-01
    outer loop
      vertex 2.328846e+00 -1.022197e-01 -1.650706e-01
      vertex 2.328846e+00 -1.510784e-01 -1.604651e-01
      vertex 2.072308e+00 -1.499027e-01 -1.632541e-01
    endloop
  endfacet
  facet normal 1.250220e-01 -9.310900e-02 -9.877754e-01
    outer loop
      vertex 2.328846e+00 -1.022197e-01 -1.650706e-01
      vertex 2.426997e+00 0.000000e+00 -1.622832e-01
      vertex 2.328846e+00 -1.510784e-01 -1.604651e-01
    endloop
  endfacet
  facet normal -4.538293e-03 -9.999471e-01 9.231109e-03
    outer loop
      vertex 2.585385e+00 -2.394554e-01 5.357979e-02
      vertex 2.629910e+00 -2.387524e-01 1.516186e-01
      vertex 2.328846e+00 -2.383090e-01 5.164416e-02
    endloop
  endfacet
  facet normal 2.370913e-02 1.172474e-02 -9.996501e-01
    outer loop
      vertex 2.328846e+00 -5.283784e-02 -1.652308e-01
      vertex 2.072308e+00 -5.264208e-02 -1.713129e-01
      vertex 2.426997e+00 0.000000e+00 -1.622832e-01
    endloop
  endfacet
  facet normal 2.370682e-02 7.419550e-03 -9.996914e-01
    outer loop
      vertex 2.328846e+00 -5.283784e-02 -1.652308e-01
      vertex 2.072308e+00 -1.019186e-01 -1.716786e-01
      vertex 2.072308e+00 -5.264208e-02 -1.713129e-01
    endloop
  endfacet
  facet normal 2.574584e-02 -3.241821e-03 -9.996633e-01
    outer loop
      vertex 2.328846e+00 -5.283784e-02 -1.652308e-01
      vertex 2.328846e+00 -1.022197e-01 -1.650706e-01
      vertex 2.072308e+00 -1.019186e-01 -1.716786e-01
    endloop
  endfacet
  facet normal 3.176105e-02 -3.241260e-03 -9.994902e-01
    outer loop
      vertex 2.328846e+00 -5.283784e-02 -1.652308e-01
      vertex 2.426997e+00 0.000000e+00 -1.622832e-01
      vertex 2.328846e+00 -1.022197e-01 -1.650706e-01
    endloop
  endfacet
  facet normal -4.162762e-03 -9.991874e-01 -4.008974e-02
    outer loop
      vertex 2.585385e+00 -2.355632e-01 -4.342841e-02
      vertex 2.585385e+00 -2.394554e-01 5.357979e-02
      vertex 2.328846e+00 -2.383090e-01 5.164416e-02
    endloop
  endfacet
  facet normal -3.395483e-03 -9.992711e-01 -3.802178e-02
    outer loop
      vertex 2.585385e+00 -2.355632e-01 -4.342841e-02
      vertex 2.328846e+00 -2.383090e-01 5.164416e-02
      vertex 2.328846e+00 -2.345702e-01 -4.661689e-02
    endloop
  endfacet
  facet normal 5.241453e-03 -9.574055e-01 -2.886992e-01
    outer loop
      vertex 2.585385e+00 -2.201430e-01 -8.980377e-02
      vertex 2.328846e+00 -2.345702e-01 -4.661689e-02
      vertex 2.328846e+00 -2.202769e-01 -9.401745e-02
    endloop
  endfacet
  facet normal 2.484471e-04 -9.489178e-01 -3.155232e-01
    outer loop
      vertex 2.585385e+00 -2.201430e-01 -8.980377e-02
      vertex 2.585385e+00 -2.355632e-01 -4.342841e-02
      vertex 2.328846e+00 -2.345702e-01 -4.661689e-02
    endloop
  endfacet
  facet normal 1.037924e-02 -7.948924e-01 -6.066617e-01
    outer loop
      vertex 2.585385e+00 -1.906894e-01 -1.283960e-01
      vertex 2.585385e+00 -2.201430e-01 -8.980377e-02
      vertex 2.328846e+00 -2.202769e-01 -9.401745e-02
    endloop
  endfacet
  facet normal 1.743582e-02 -8.184649e-01 -5.742918e-01
    outer loop
      vertex 2.585385e+00 -1.906894e-01 -1.283960e-01
      vertex 2.328846e+00 -2.202769e-01 -9.401745e-02
      vertex 2.328846e+00 -1.920407e-01 -1.342588e-01
    endloop
  endfacet
  facet normal 2.917546e-02 -3.097703e-02 -9.990942e-01
    outer loop
      vertex 2.585385e+00 -1.494361e-01 -1.530246e-01
      vertex 2.328846e+00 -1.510784e-01 -1.604651e-01
      vertex 2.426997e+00 0.000000e+00 -1.622832e-01
    endloop
  endfacet
  facet normal 2.787040e-02 -5.387046e-01 -8.420336e-01
    outer loop
      vertex 2.585385e+00 -1.494361e-01 -1.530246e-01
      vertex 2.328846e+00 -1.920407e-01 -1.342588e-01
      vertex 2.328846e+00 -1.510784e-01 -1.604651e-01
    endloop
  endfacet
  facet normal 2.231706e-02 -5.124790e-01 -8.584097e-01
    outer loop
      vertex 2.585385e+00 -1.494361e-01 -1.530246e-01
      vertex 2.585385e+00 -1.906894e-01 -1.283960e-01
      vertex 2.328846e+00 -1.920407e-01 -1.342588e-01
    endloop
  endfacet
  facet normal -2.459862e-03 -6.443461e-02 -9.979189e-01
    outer loop
      vertex 2.585385e+00 -1.009293e-01 -1.561567e-01
      vertex 2.585385e+00 -1.494361e-01 -1.530246e-01
      vertex 2.426997e+00 0.000000e+00 -1.622832e-01
    endloop
  endfacet
  facet normal 3.025260e-02 -9.995207e-01 -6.572788e-03
    outer loop
      vertex 2.841923e+00 -2.317750e-01 6.639565e-02
      vertex 2.629910e+00 -2.387524e-01 1.516186e-01
      vertex 2.585385e+00 -2.394554e-01 5.357979e-02
    endloop
  endfacet
  facet normal 3.467850e-02 -6.242177e-03 -9.993790e-01
    outer loop
      vertex 2.585385e+00 -5.218275e-02 -1.564612e-01
      vertex 2.585385e+00 -1.009293e-01 -1.561567e-01
      vertex 2.426997e+00 0.000000e+00 -1.622832e-01
    endloop
  endfacet
  facet normal 2.626145e-02 -9.988515e-01 -4.007626e-02
    outer loop
      vertex 2.841923e+00 -2.294575e-01 -2.749981e-02
      vertex 2.585385e+00 -2.394554e-01 5.357979e-02
      vertex 2.585385e+00 -2.355632e-01 -4.342841e-02
    endloop
  endfacet
  facet normal 4.213818e-02 -9.480750e-01 -3.152429e-01
    outer loop
      vertex 2.841923e+00 -2.294575e-01 -2.749981e-02
      vertex 2.585385e+00 -2.355632e-01 -4.342841e-02
      vertex 2.585385e+00 -2.201430e-01 -8.980377e-02
    endloop
  endfacet
  facet normal 3.114702e-02 -9.992105e-01 -2.466243e-02
    outer loop
      vertex 2.841923e+00 -2.294575e-01 -2.749981e-02
      vertex 2.841923e+00 -2.317750e-01 6.639565e-02
      vertex 2.585385e+00 -2.394554e-01 5.357979e-02
    endloop
  endfacet
  facet normal 4.425516e-02 -9.451833e-01 -3.235274e-01
    outer loop
      vertex 2.841923e+00 -2.141715e-01 -7.215762e-02
      vertex 2.841923e+00 -2.294575e-01 -2.749981e-02
      vertex 2.585385e+00 -2.201430e-01 -8.980377e-02
    endloop
  endfacet
  facet normal 7.805616e-02 -5.110427e-01 -8.560039e-01
    outer loop
      vertex 2.841923e+00 -1.846142e-01 -1.086301e-01
      vertex 2.585385e+00 -1.906894e-01 -1.283960e-01
      vertex 2.585385e+00 -1.494361e-01 -1.530246e-01
    endloop
  endfacet
  facet normal 6.542967e-02 -7.932318e-01 -6.053943e-01
    outer loop
      vertex 2.841923e+00 -1.846142e-01 -1.086301e-01
      vertex 2.585385e+00 -2.201430e-01 -8.980377e-02
      vertex 2.585385e+00 -1.906894e-01 -1.283960e-01
    endloop
  endfacet
  facet normal 6.127697e-02 -7.754515e-01 -6.284267e-01
    outer loop
      vertex 2.841923e+00 -1.846142e-01 -1.086301e-01
      vertex 2.841923e+00 -2.141715e-01 -7.215762e-02
      vertex 2.585385e+00 -2.201430e-01 -8.980377e-02
    endloop
  endfacet
  facet normal 8.044561e-02 -5.008883e-01 -8.617653e-01
    outer loop
      vertex 2.841923e+00 -1.444197e-01 -1.319925e-01
      vertex 2.841923e+00 -1.846142e-01 -1.086301e-01
      vertex 2.585385e+00 -1.494361e-01 -1.530246e-01
    endloop
  endfacet
  facet normal 8.294228e-02 -7.542880e-02 -9.936957e-01
    outer loop
      vertex 2.841923e+00 -9.759825e-02 -1.355466e-01
      vertex 2.841923e+00 -1.444197e-01 -1.319925e-01
      vertex 2.585385e+00 -1.494361e-01 -1.530246e-01
    endloop
  endfacet
  facet normal 8.074419e-02 -6.422442e-02 -9.946636e-01
    outer loop
      vertex 2.841923e+00 -9.759825e-02 -1.355466e-01
      vertex 2.585385e+00 -1.494361e-01 -1.530246e-01
      vertex 2.585385e+00 -1.009293e-01 -1.561567e-01
    endloop
  endfacet
  facet normal 5.499287e-02 -9.969606e-01 5.518423e-02
    outer loop
      vertex 3.098461e+00 -2.163785e-01 8.890098e-02
      vertex 2.629910e+00 -2.387524e-01 1.516186e-01
      vertex 2.841923e+00 -2.317750e-01 6.639565e-02
    endloop
  endfacet
  facet normal 8.283454e-02 -9.965632e-01 4.928022e-04
    outer loop
      vertex 3.098461e+00 -2.163785e-01 8.890098e-02
      vertex 3.355000e+00 -1.950928e-01 1.229750e-02
      vertex 3.355000e+00 -1.950000e-01 2.000000e-01
    endloop
  endfacet
  facet normal 5.595465e-02 -9.964725e-01 6.254365e-02
    outer loop
      vertex 3.098461e+00 -2.163785e-01 8.890098e-02
      vertex 3.355000e+00 -1.950000e-01 2.000000e-01
      vertex 2.629910e+00 -2.387524e-01 1.516186e-01
    endloop
  endfacet
  facet normal 8.040269e-02 -6.225713e-03 -9.967430e-01
    outer loop
      vertex 2.841923e+00 -5.045473e-02 -1.357782e-01
      vertex 2.585385e+00 -1.009293e-01 -1.561567e-01
      vertex 2.585385e+00 -5.218275e-02 -1.564612e-01
    endloop
  endfacet
  facet normal 7.882818e-02 1.289760e-01 -9.885096e-01
    outer loop
      vertex 2.841923e+00 -5.045473e-02 -1.357782e-01
      vertex 2.585385e+00 -5.218275e-02 -1.564612e-01
      vertex 2.426997e+00 0.000000e+00 -1.622832e-01
    endloop
  endfacet
  facet normal 8.014315e-02 -4.895139e-03 -9.967713e-01
    outer loop
      vertex 2.841923e+00 -5.045473e-02 -1.357782e-01
      vertex 2.841923e+00 -9.759825e-02 -1.355466e-01
      vertex 2.585385e+00 -1.009293e-01 -1.561567e-01
    endloop
  endfacet
  facet normal 9.886125e-02 3.175999e-01 -9.430571e-01
    outer loop
      vertex 2.841923e+00 -5.045473e-02 -1.357782e-01
      vertex 2.426997e+00 0.000000e+00 -1.622832e-01
      vertex 3.355000e+00 0.000000e+00 -6.500000e-02
    endloop
  endfacet
  facet normal 5.351798e-02 -9.982629e-01 -2.463904e-02
    outer loop
      vertex 3.098461e+00 -2.163743e-01 -3.473895e-04
      vertex 2.841923e+00 -2.317750e-01 6.639565e-02
      vertex 2.841923e+00 -2.294575e-01 -2.749981e-02
    endloop
  endfacet
  facet normal 8.267471e-02 -9.965766e-01 -4.617424e-05
    outer loop
      vertex 3.098461e+00 -2.163743e-01 -3.473895e-04
      vertex 3.355000e+00 -1.950928e-01 1.229750e-02
      vertex 3.098461e+00 -2.163785e-01 8.890098e-02
    endloop
  endfacet
  facet normal 5.991268e-02 -9.982036e-01 -4.624963e-05
    outer loop
      vertex 3.098461e+00 -2.163743e-01 -3.473895e-04
      vertex 3.098461e+00 -2.163785e-01 8.890098e-02
      vertex 2.841923e+00 -2.317750e-01 6.639565e-02
    endloop
  endfacet
  facet normal 8.224705e-02 -9.429048e-01 -3.227475e-01
    outer loop
      vertex 3.098461e+00 -2.163743e-01 -3.473895e-04
      vertex 2.841923e+00 -2.294575e-01 -2.749981e-02
      vertex 2.841923e+00 -2.141715e-01 -7.215762e-02
    endloop
  endfacet
  facet normal 9.263126e-02 -9.603221e-01 -2.630607e-01
    outer loop
      vertex 3.098461e+00 -2.046116e-01 -4.328819e-02
      vertex 3.355000e+00 -1.950928e-01 1.229750e-02
      vertex 3.098461e+00 -2.163743e-01 -3.473895e-04
    endloop
  endfacet
  facet normal 4.116156e-02 -9.989737e-01 -1.889927e-02
    outer loop
      vertex 3.098461e+00 -2.046116e-01 -4.328819e-02
      vertex 3.355000e+00 -1.947970e-01 -3.338197e-03
      vertex 3.355000e+00 -1.950928e-01 1.229750e-02
    endloop
  endfacet
  facet normal 6.797934e-02 -9.782022e-01 -1.962124e-01
    outer loop
      vertex 3.098461e+00 -2.046116e-01 -4.328819e-02
      vertex 3.355000e+00 -1.939323e-01 -7.649247e-03
      vertex 3.355000e+00 -1.947970e-01 -3.338197e-03
    endloop
  endfacet
  facet normal 8.557964e-02 -9.383820e-01 -3.348363e-01
    outer loop
      vertex 3.098461e+00 -2.046116e-01 -4.328819e-02
      vertex 3.355000e+00 -1.923165e-01 -1.217737e-02
      vertex 3.355000e+00 -1.939323e-01 -7.649247e-03
    endloop
  endfacet
  facet normal 9.846348e-02 -8.803380e-01 -4.640150e-01
    outer loop
      vertex 3.098461e+00 -2.046116e-01 -4.328819e-02
      vertex 3.355000e+00 -1.895930e-01 -1.734452e-02
      vertex 3.355000e+00 -1.923165e-01 -1.217737e-02
    endloop
  endfacet
  facet normal 1.061603e-01 -8.049545e-01 -5.837622e-01
    outer loop
      vertex 3.098461e+00 -2.046116e-01 -4.328819e-02
      vertex 3.355000e+00 -1.852377e-01 -2.335004e-02
      vertex 3.355000e+00 -1.895930e-01 -1.734452e-02
    endloop
  endfacet
  facet normal 6.553116e-02 -9.623958e-01 -2.636287e-01
    outer loop
      vertex 3.098461e+00 -2.046116e-01 -4.328819e-02
      vertex 3.098461e+00 -2.163743e-01 -3.473895e-04
      vertex 2.841923e+00 -2.141715e-01 -7.215762e-02
    endloop
  endfacet
  facet normal 1.073628e-01 -7.501844e-01 -6.524543e-01
    outer loop
      vertex 3.098461e+00 -1.753890e-01 -7.688801e-02
      vertex 3.355000e+00 -1.852377e-01 -2.335004e-02
      vertex 3.098461e+00 -2.046116e-01 -4.328819e-02
    endloop
  endfacet
  facet normal 1.014428e-01 -7.506533e-01 -6.528621e-01
    outer loop
      vertex 3.098461e+00 -1.753890e-01 -7.688801e-02
      vertex 3.098461e+00 -2.046116e-01 -4.328819e-02
      vertex 2.841923e+00 -2.141715e-01 -7.215762e-02
    endloop
  endfacet
  facet normal 1.240793e-01 -4.986336e-01 -8.578862e-01
    outer loop
      vertex 3.098461e+00 -1.753890e-01 -7.688801e-02
      vertex 2.841923e+00 -1.846142e-01 -1.086301e-01
      vertex 2.841923e+00 -1.444197e-01 -1.319925e-01
    endloop
  endfacet
  facet normal 1.168690e-01 -7.131569e-01 -6.911938e-01
    outer loop
      vertex 3.098461e+00 -1.753890e-01 -7.688801e-02
      vertex 3.355000e+00 -1.782680e-01 -3.054127e-02
      vertex 3.355000e+00 -1.852377e-01 -2.335004e-02
    endloop
  endfacet
  facet normal 1.353104e-01 -6.027030e-01 -7.864097e-01
    outer loop
      vertex 3.098461e+00 -1.753890e-01 -7.688801e-02
      vertex 3.355000e+00 -1.663466e-01 -3.967781e-02
      vertex 3.355000e+00 -1.782680e-01 -3.054127e-02
    endloop
  endfacet
  facet normal 1.424106e-01 -4.814516e-01 -8.648258e-01
    outer loop
      vertex 3.098461e+00 -1.753890e-01 -7.688801e-02
      vertex 3.355000e+00 -1.486287e-01 -4.954140e-02
      vertex 3.355000e+00 -1.663466e-01 -3.967781e-02
    endloop
  endfacet
  facet normal 1.052532e-01 -7.725960e-01 -6.261127e-01
    outer loop
      vertex 3.098461e+00 -1.753890e-01 -7.688801e-02
      vertex 2.841923e+00 -2.141715e-01 -7.215762e-02
      vertex 2.841923e+00 -1.846142e-01 -1.086301e-01
    endloop
  endfacet
  facet normal 1.424485e-01 -4.823102e-01 -8.643410e-01
    outer loop
      vertex 3.098461e+00 -1.368125e-01 -9.841401e-02
      vertex 3.355000e+00 -1.486287e-01 -4.954140e-02
      vertex 3.098461e+00 -1.753890e-01 -7.688801e-02
    endloop
  endfacet
  facet normal 1.276953e-01 -4.832902e-01 -8.660973e-01
    outer loop
      vertex 3.098461e+00 -1.368125e-01 -9.841401e-02
      vertex 3.098461e+00 -1.753890e-01 -7.688801e-02
      vertex 2.841923e+00 -1.444197e-01 -1.319925e-01
    endloop
  endfacet
  facet normal 1.569888e-01 -3.733343e-01 -9.143172e-01
    outer loop
      vertex 3.098461e+00 -1.368125e-01 -9.841401e-02
      vertex 3.355000e+00 -1.312388e-01 -5.664206e-02
      vertex 3.355000e+00 -1.486287e-01 -4.954140e-02
    endloop
  endfacet
  facet normal 1.600843e-01 -2.847069e-01 -9.451534e-01
    outer loop
      vertex 3.098461e+00 -1.368125e-01 -9.841401e-02
      vertex 3.355000e+00 -1.132515e-01 -6.206035e-02
      vertex 3.355000e+00 -1.312388e-01 -5.664206e-02
    endloop
  endfacet
  facet normal 1.233032e-01 -7.511201e-02 -9.895224e-01
    outer loop
      vertex 3.098461e+00 -9.268340e-02 -1.039528e-01
      vertex 2.841923e+00 -1.444197e-01 -1.319925e-01
      vertex 2.841923e+00 -9.759825e-02 -1.355466e-01
    endloop
  endfacet
  facet normal 1.503153e-01 -1.231204e-01 -9.809417e-01
    outer loop
      vertex 3.098461e+00 -9.268340e-02 -1.039528e-01
      vertex 3.355000e+00 -1.132515e-01 -6.206035e-02
      vertex 3.098461e+00 -1.368125e-01 -9.841401e-02
    endloop
  endfacet
  facet normal 1.323891e-01 -1.234392e-01 -9.834815e-01
    outer loop
      vertex 3.098461e+00 -9.268340e-02 -1.039528e-01
      vertex 3.098461e+00 -1.368125e-01 -9.841401e-02
      vertex 2.841923e+00 -1.444197e-01 -1.319925e-01
    endloop
  endfacet
  facet normal 1.400066e-01 -2.200296e-01 -9.653938e-01
    outer loop
      vertex 3.098461e+00 -9.268340e-02 -1.039528e-01
      vertex 3.355000e+00 -1.018559e-01 -6.465760e-02
      vertex 3.355000e+00 -1.132515e-01 -6.206035e-02
    endloop
  endfacet
  facet normal 1.446955e-01 -1.457927e-01 -9.786765e-01
    outer loop
      vertex 3.098461e+00 -9.268340e-02 -1.039528e-01
      vertex 3.355000e+00 -9.670434e-02 -6.542502e-02
      vertex 3.355000e+00 -1.018559e-01 -6.465760e-02
    endloop
  endfacet
  facet normal 1.486401e-01 8.336828e-03 -9.888562e-01
    outer loop
      vertex 3.098461e+00 -9.268340e-02 -1.039528e-01
      vertex 3.355000e+00 -4.833319e-02 -6.501721e-02
      vertex 3.355000e+00 -9.670434e-02 -6.542502e-02
    endloop
  endfacet
  facet normal 1.235403e-01 -4.873316e-03 -9.923276e-01
    outer loop
      vertex 3.098461e+00 -4.788902e-02 -1.038529e-01
      vertex 2.841923e+00 -9.759825e-02 -1.355466e-01
      vertex 2.841923e+00 -5.045473e-02 -1.357782e-01
    endloop
  endfacet
  facet normal 1.206194e-01 1.499902e-01 -9.813021e-01
    outer loop
      vertex 3.098461e+00 -4.788902e-02 -1.038529e-01
      vertex 2.841923e+00 -5.045473e-02 -1.357782e-01
      vertex 3.355000e+00 0.000000e+00 -6.500000e-02
    endloop
  endfacet
  facet normal 1.496786e-01 3.520979e-04 -9.887346e-01
    outer loop
      vertex 3.098461e+00 -4.788902e-02 -1.038529e-01
      vertex 3.355000e+00 0.000000e+00 -6.500000e-02
      vertex 3.355000e+00 -4.833319e-02 -6.501721e-02
    endloop
  endfacet
  facet normal 1.221890e-01 2.213120e-03 -9.925044e-01
    outer loop
      vertex 3.098461e+00 -4.788902e-02 -1.038529e-01
      vertex 3.098461e+00 -9.268340e-02 -1.039528e-01
      vertex 2.841923e+00 -9.759825e-02 -1.355466e-01
    endloop
  endfacet
  facet normal 1.496814e-01 2.204708e-03 -9.887318e-01
    outer loop
      vertex 3.098461e+00 -4.788902e-02 -1.038529e-01
      vertex 3.355000e+00 -4.833319e-02 -6.501721e-02
      vertex 3.098461e+00 -9.268340e-02 -1.039528e-01
    endloop
  endfacet
  facet normal -2.449238e-01 -9.695422e-01 -4.808922e-04
    outer loop
      vertex 2.709111e-02 -2.177024e-02 3.967636e-04
      vertex 2.000000e-02 -2.000232e-02 4.761547e-02
      vertex 2.000000e-02 -1.997802e-02 -1.375781e-03
    endloop
  endfacet
  facet normal -2.186238e-01 -9.442372e-01 2.462110e-01
    outer loop
      vertex 2.709111e-02 -2.177024e-02 3.967636e-04
      vertex 3.458235e-02 -2.954131e-02 -2.275398e-02
      vertex 4.241655e-02 -3.220858e-02 -2.602677e-02
    endloop
  endfacet
  facet normal -2.901601e-01 -9.316229e-01 2.188286e-01
    outer loop
      vertex 2.709111e-02 -2.177024e-02 3.967636e-04
      vertex 2.000000e-02 -1.997802e-02 -1.375781e-03
      vertex 3.458235e-02 -2.954131e-02 -2.275398e-02
    endloop
  endfacet
  facet normal 1.053022e-02 -9.279055e-01 3.726668e-01
    outer loop
      vertex 2.709111e-02 -2.177024e-02 3.967636e-04
      vertex 4.241655e-02 -3.220858e-02 -2.602677e-02
      vertex 4.241655e-02 -2.072165e-02 2.574612e-03
    endloop
  endfacet
  facet normal 2.096440e-02 -9.504706e-01 3.101065e-01
    outer loop
      vertex 2.709111e-02 -2.177024e-02 3.967636e-04
      vertex 4.241655e-02 -2.072165e-02 2.574612e-03
      vertex 3.458235e-02 -2.019248e-02 4.726134e-03
    endloop
  endfacet
  facet normal 1.362841e-01 -9.889999e-01 5.749585e-02
    outer loop
      vertex 2.709111e-02 -2.177024e-02 3.967636e-04
      vertex 3.458235e-02 -1.907080e-02 2.907374e-02
      vertex 2.000000e-02 -2.000232e-02 4.761547e-02
    endloop
  endfacet
  facet normal 1.807668e-01 -9.824839e-01 4.526235e-02
    outer loop
      vertex 2.709111e-02 -2.177024e-02 3.967636e-04
      vertex 3.458235e-02 -2.019248e-02 4.726134e-03
      vertex 3.458235e-02 -1.907080e-02 2.907374e-02
    endloop
  endfacet
  facet normal -4.111492e-01 -8.902382e-01 1.960415e-01
    outer loop
      vertex 2.709111e-02 -2.541328e-02 -1.971938e-02
      vertex 3.458235e-02 -2.954131e-02 -2.275398e-02
      vertex 2.000000e-02 -1.946313e-02 -7.571170e-03
    endloop
  endfacet
  facet normal -7.499525e-01 -6.506900e-01 -1.190536e-01
    outer loop
      vertex 2.709111e-02 -2.541328e-02 -1.971938e-02
      vertex 2.000000e-02 -1.946313e-02 -7.571170e-03
      vertex 2.000000e-02 -1.834402e-02 -1.368769e-02
    endloop
  endfacet
  facet normal -2.619608e-01 -9.533641e-01 1.499117e-01
    outer loop
      vertex 3.846015e-02 -3.323926e-02 -3.949492e-02
      vertex 4.241655e-02 -3.220858e-02 -2.602677e-02
      vertex 3.458235e-02 -2.954131e-02 -2.275398e-02
    endloop
  endfacet
  facet normal -1.371245e-01 -9.837891e-01 1.155681e-01
    outer loop
      vertex 3.846015e-02 -3.323926e-02 -3.949492e-02
      vertex 5.053657e-02 -3.352666e-02 -2.761250e-02
      vertex 4.241655e-02 -3.220858e-02 -2.602677e-02
    endloop
  endfacet
  facet normal -4.921080e-01 -8.659564e-01 -8.915863e-02
    outer loop
      vertex 3.846015e-02 -3.323926e-02 -3.949492e-02
      vertex 3.458235e-02 -2.988033e-02 -5.071518e-02
      vertex 4.241655e-02 -3.386093e-02 -5.529412e-02
    endloop
  endfacet
  facet normal -1.831850e-01 -9.830521e-01 -7.191255e-03
    outer loop
      vertex 3.846015e-02 -3.323926e-02 -3.949492e-02
      vertex 4.241655e-02 -3.386093e-02 -5.529412e-02
      vertex 5.053657e-02 -3.535936e-02 -5.730056e-02
    endloop
  endfacet
  facet normal 4.214534e-01 -8.866536e-01 -1.903217e-01
    outer loop
      vertex 7.603992e-02 -3.212157e-02 -3.948270e-02
      vertex 6.740542e-02 -3.278569e-02 -5.550926e-02
      vertex 8.473161e-02 -2.591121e-02 -4.916787e-02
    endloop
  endfacet
  facet normal 1.445582e-01 -9.893510e-01 1.695661e-02
    outer loop
      vertex 7.603992e-02 -3.212157e-02 -3.948270e-02
      vertex 8.473161e-02 -3.057642e-02 -2.342707e-02
      vertex 6.740542e-02 -3.316911e-02 -2.699125e-02
    endloop
  endfacet
  facet normal 9.921846e-02 -9.941803e-01 4.196597e-02
    outer loop
      vertex 7.603992e-02 -3.212157e-02 -3.948270e-02
      vertex 1.189739e-01 -2.690320e-02 -1.736575e-02
      vertex 8.473161e-02 -3.057642e-02 -2.342707e-02
    endloop
  endfacet
  facet normal 3.548047e-01 -7.882461e-01 -5.027740e-01
    outer loop
      vertex 7.603992e-02 -3.212157e-02 -3.948270e-02
      vertex 1.189739e-01 -1.389284e-02 -3.776331e-02
      vertex 1.189739e-01 -2.690320e-02 -1.736575e-02
    endloop
  endfacet
  facet normal 3.884389e-01 -8.937143e-01 -2.244772e-01
    outer loop
      vertex 7.603992e-02 -3.212157e-02 -3.948270e-02
      vertex 8.473161e-02 -2.591121e-02 -4.916787e-02
      vertex 1.189739e-01 -1.389284e-02 -3.776331e-02
    endloop
  endfacet
  facet normal -5.537670e-01 -5.929205e-01 -5.846258e-01
    outer loop
      vertex 3.846015e-02 -2.780585e-02 -6.484814e-02
      vertex 3.458235e-02 -1.870275e-02 -7.040727e-02
      vertex 4.241655e-02 -2.186498e-02 -7.462086e-02
    endloop
  endfacet
  facet normal -8.084453e-01 -5.084591e-01 -2.964548e-01
    outer loop
      vertex 3.846015e-02 -2.780585e-02 -6.484814e-02
      vertex 3.458235e-02 -2.988033e-02 -5.071518e-02
      vertex 2.000000e-02 -3.896815e-03 -5.551364e-02
    endloop
  endfacet
  facet normal -5.563328e-01 -7.865232e-01 -2.680953e-01
    outer loop
      vertex 3.846015e-02 -2.780585e-02 -6.484814e-02
      vertex 4.241655e-02 -3.386093e-02 -5.529412e-02
      vertex 3.458235e-02 -2.988033e-02 -5.071518e-02
    endloop
  endfacet
  facet normal -8.096564e-01 -5.158484e-01 -2.799231e-01
    outer loop
      vertex 3.846015e-02 -2.780585e-02 -6.484814e-02
      vertex 2.000000e-02 -3.896815e-03 -5.551364e-02
      vertex 3.458235e-02 -1.870275e-02 -7.040727e-02
    endloop
  endfacet
  facet normal -4.868274e-01 -8.148007e-01 -3.147996e-01
    outer loop
      vertex 4.241655e-02 -2.939528e-02 -6.685264e-02
      vertex 4.241655e-02 -3.386093e-02 -5.529412e-02
      vertex 3.846015e-02 -2.780585e-02 -6.484814e-02
    endloop
  endfacet
  facet normal -5.397064e-01 -6.044651e-01 -5.859514e-01
    outer loop
      vertex 4.241655e-02 -2.939528e-02 -6.685264e-02
      vertex 3.846015e-02 -2.780585e-02 -6.484814e-02
      vertex 4.241655e-02 -2.186498e-02 -7.462086e-02
    endloop
  endfacet
  facet normal -3.740195e-01 -6.659040e-01 -6.455086e-01
    outer loop
      vertex 4.644441e-02 -3.036290e-02 -6.818826e-02
      vertex 4.241655e-02 -2.939528e-02 -6.685264e-02
      vertex 4.241655e-02 -2.186498e-02 -7.462086e-02
    endloop
  endfacet
  facet normal -2.487183e-01 -9.123494e-01 -3.252042e-01
    outer loop
      vertex 4.644441e-02 -3.036290e-02 -6.818826e-02
      vertex 5.053657e-02 -3.535936e-02 -5.730056e-02
      vertex 4.241655e-02 -3.386093e-02 -5.529412e-02
    endloop
  endfacet
  facet normal -3.249470e-01 -8.821808e-01 -3.408320e-01
    outer loop
      vertex 4.644441e-02 -3.036290e-02 -6.818826e-02
      vertex 4.241655e-02 -3.386093e-02 -5.529412e-02
      vertex 4.241655e-02 -2.939528e-02 -6.685264e-02
    endloop
  endfacet
  facet normal -2.551428e-01 -6.575434e-01 -7.088997e-01
    outer loop
      vertex 4.644441e-02 -3.036290e-02 -6.818826e-02
      vertex 4.241655e-02 -2.186498e-02 -7.462086e-02
      vertex 5.053657e-02 -2.294820e-02 -7.653862e-02
    endloop
  endfacet
  facet normal -1.554383e-01 -9.186682e-01 -3.631635e-01
    outer loop
      vertex 5.053657e-02 -3.076719e-02 -6.891705e-02
      vertex 5.053657e-02 -3.535936e-02 -5.730056e-02
      vertex 4.644441e-02 -3.036290e-02 -6.818826e-02
    endloop
  endfacet
  facet normal -1.928059e-01 -6.849121e-01 -7.026531e-01
    outer loop
      vertex 5.053657e-02 -3.076719e-02 -6.891705e-02
      vertex 4.644441e-02 -3.036290e-02 -6.818826e-02
      vertex 5.053657e-02 -2.294820e-02 -7.653862e-02
    endloop
  endfacet
  facet normal -7.574132e-01 -6.299856e-01 -1.715908e-01
    outer loop
      vertex 3.079029e-02 -1.280828e-02 -7.042473e-02
      vertex 2.000000e-02 -3.896815e-03 -5.551364e-02
      vertex 2.000000e-02 -1.668095e-03 -6.369625e-02
    endloop
  endfacet
  facet normal -5.500337e-01 -3.560880e-01 -7.554232e-01
    outer loop
      vertex 3.079029e-02 -1.280828e-02 -7.042473e-02
      vertex 4.241655e-02 -2.186498e-02 -7.462086e-02
      vertex 3.458235e-02 -1.870275e-02 -7.040727e-02
    endloop
  endfacet
  facet normal -8.085088e-01 -5.209453e-01 -2.737326e-01
    outer loop
      vertex 3.079029e-02 -1.280828e-02 -7.042473e-02
      vertex 3.458235e-02 -1.870275e-02 -7.040727e-02
      vertex 2.000000e-02 -3.896815e-03 -5.551364e-02
    endloop
  endfacet
  facet normal 1.749417e-01 -9.377006e-01 -3.001884e-01
    outer loop
      vertex 5.888525e-02 -3.011966e-02 -6.880248e-02
      vertex 6.740542e-02 -3.278569e-02 -5.550926e-02
      vertex 5.053657e-02 -3.535936e-02 -5.730056e-02
    endloop
  endfacet
  facet normal 7.694558e-02 -9.272143e-01 -3.665419e-01
    outer loop
      vertex 5.888525e-02 -3.011966e-02 -6.880248e-02
      vertex 5.053657e-02 -3.535936e-02 -5.730056e-02
      vertex 5.053657e-02 -3.076719e-02 -6.891705e-02
    endloop
  endfacet
  facet normal 6.383469e-02 -6.965853e-01 -7.146286e-01
    outer loop
      vertex 5.888525e-02 -3.011966e-02 -6.880248e-02
      vertex 5.053657e-02 -3.076719e-02 -6.891705e-02
      vertex 5.053657e-02 -2.294820e-02 -7.653862e-02
    endloop
  endfacet
  facet normal 1.551313e-01 -6.354028e-01 -7.564374e-01
    outer loop
      vertex 5.888525e-02 -3.011966e-02 -6.880248e-02
      vertex 5.053657e-02 -2.294820e-02 -7.653862e-02
      vertex 6.740542e-02 -2.043682e-02 -7.518868e-02
    endloop
  endfacet
  facet normal 4.529371e-01 -8.210448e-01 -3.474671e-01
    outer loop
      vertex 6.740542e-02 -2.792049e-02 -6.700546e-02
      vertex 8.473161e-02 -2.591121e-02 -4.916787e-02
      vertex 6.740542e-02 -3.278569e-02 -5.550926e-02
    endloop
  endfacet
  facet normal 3.046935e-01 -8.771366e-01 -3.712052e-01
    outer loop
      vertex 6.740542e-02 -2.792049e-02 -6.700546e-02
      vertex 6.740542e-02 -3.278569e-02 -5.550926e-02
      vertex 5.888525e-02 -3.011966e-02 -6.880248e-02
    endloop
  endfacet
  facet normal 3.157822e-01 -7.001857e-01 -6.403292e-01
    outer loop
      vertex 6.740542e-02 -2.792049e-02 -6.700546e-02
      vertex 5.888525e-02 -3.011966e-02 -6.880248e-02
      vertex 6.740542e-02 -2.043682e-02 -7.518868e-02
    endloop
  endfacet
  facet normal 4.278178e-01 -6.670028e-01 -6.099830e-01
    outer loop
      vertex 6.740542e-02 -2.792049e-02 -6.700546e-02
      vertex 6.740542e-02 -2.043682e-02 -7.518868e-02
      vertex 8.473161e-02 -1.428691e-02 -6.976157e-02
    endloop
  endfacet
  facet normal 5.189233e-01 -7.444168e-01 -4.201932e-01
    outer loop
      vertex 6.740542e-02 -2.792049e-02 -6.700546e-02
      vertex 8.473161e-02 -1.428691e-02 -6.976157e-02
      vertex 8.473161e-02 -2.591121e-02 -4.916787e-02
    endloop
  endfacet
  facet normal -6.029636e-01 -4.781692e-01 -6.385837e-01
    outer loop
      vertex 3.458235e-02 -1.218266e-02 -7.447374e-02
      vertex 4.241655e-02 -2.186498e-02 -7.462086e-02
      vertex 3.079029e-02 -1.280828e-02 -7.042473e-02
    endloop
  endfacet
  facet normal -6.101709e-01 -4.628991e-01 -6.429742e-01
    outer loop
      vertex 3.458235e-02 -1.218266e-02 -7.447374e-02
      vertex 3.079029e-02 -1.280828e-02 -7.042473e-02
      vertex 3.079029e-02 -1.040920e-02 -7.215191e-02
    endloop
  endfacet
  facet normal -5.962249e-01 -2.999005e-01 -7.446983e-01
    outer loop
      vertex 3.458235e-02 -1.086047e-02 -7.500620e-02
      vertex 3.458235e-02 -1.218266e-02 -7.447374e-02
      vertex 3.079029e-02 -1.040920e-02 -7.215191e-02
    endloop
  endfacet
  facet normal -5.983954e-01 -2.797841e-01 -7.507622e-01
    outer loop
      vertex 3.458235e-02 -1.063965e-02 -7.508849e-02
      vertex 3.458235e-02 -1.086047e-02 -7.500620e-02
      vertex 3.079029e-02 -1.040920e-02 -7.215191e-02
    endloop
  endfacet
  facet normal -5.990150e-01 -2.753370e-01 -7.519113e-01
    outer loop
      vertex 3.458235e-02 -1.043428e-02 -7.516370e-02
      vertex 3.458235e-02 -1.063965e-02 -7.508849e-02
      vertex 3.079029e-02 -1.040920e-02 -7.215191e-02
    endloop
  endfacet
  facet normal -6.000481e-01 -2.693299e-01 -7.532621e-01
    outer loop
      vertex 3.458235e-02 -9.923987e-03 -7.534615e-02
      vertex 3.458235e-02 -1.043428e-02 -7.516370e-02
      vertex 3.079029e-02 -1.040920e-02 -7.215191e-02
    endloop
  endfacet
  facet normal -3.798504e-01 -3.058468e-01 -8.730243e-01
    outer loop
      vertex 4.241655e-02 -1.131878e-02 -7.826627e-02
      vertex 3.458235e-02 -9.838436e-03 -7.537624e-02
      vertex 3.458235e-02 -9.785582e-03 -7.539475e-02
    endloop
  endfacet
  facet normal -3.800818e-01 -3.114108e-01 -8.709541e-01
    outer loop
      vertex 4.241655e-02 -1.131878e-02 -7.826627e-02
      vertex 3.458235e-02 -1.043428e-02 -7.516370e-02
      vertex 3.458235e-02 -9.923987e-03 -7.534615e-02
    endloop
  endfacet
  facet normal -3.776566e-01 -3.458963e-01 -8.589128e-01
    outer loop
      vertex 4.241655e-02 -1.131878e-02 -7.826627e-02
      vertex 3.458235e-02 -1.218266e-02 -7.447374e-02
      vertex 3.458235e-02 -1.086047e-02 -7.500620e-02
    endloop
  endfacet
  facet normal -3.884163e-01 -3.010433e-01 -8.709223e-01
    outer loop
      vertex 4.241655e-02 -1.131878e-02 -7.826627e-02
      vertex 4.241655e-02 -2.186498e-02 -7.462086e-02
      vertex 3.458235e-02 -1.218266e-02 -7.447374e-02
    endloop
  endfacet
  facet normal -3.796415e-01 -3.230621e-01 -8.668928e-01
    outer loop
      vertex 4.241655e-02 -1.131878e-02 -7.826627e-02
      vertex 3.458235e-02 -1.086047e-02 -7.500620e-02
      vertex 3.458235e-02 -1.063965e-02 -7.508849e-02
    endloop
  endfacet
  facet normal -3.799091e-01 -3.180732e-01 -8.686187e-01
    outer loop
      vertex 4.241655e-02 -1.131878e-02 -7.826627e-02
      vertex 3.458235e-02 -1.063965e-02 -7.508849e-02
      vertex 3.458235e-02 -1.043428e-02 -7.516370e-02
    endloop
  endfacet
  facet normal -3.798225e-01 -3.053665e-01 -8.732046e-01
    outer loop
      vertex 4.241655e-02 -1.131878e-02 -7.826627e-02
      vertex 3.458235e-02 -9.785582e-03 -7.539475e-02
      vertex 3.458235e-02 -9.745919e-03 -7.540862e-02
    endloop
  endfacet
  facet normal -3.799020e-01 -3.068527e-01 -8.726488e-01
    outer loop
      vertex 4.241655e-02 -1.131878e-02 -7.826627e-02
      vertex 3.458235e-02 -9.923987e-03 -7.534615e-02
      vertex 3.458235e-02 -9.838436e-03 -7.537624e-02
    endloop
  endfacet
  facet normal -2.554050e-01 -2.719852e-01 -9.277889e-01
    outer loop
      vertex 5.053657e-02 -1.193109e-02 -7.976833e-02
      vertex 5.053657e-02 -2.294820e-02 -7.653862e-02
      vertex 4.241655e-02 -2.186498e-02 -7.462086e-02
    endloop
  endfacet
  facet normal -1.956147e-01 -3.203826e-01 -9.268710e-01
    outer loop
      vertex 5.053657e-02 -1.193109e-02 -7.976833e-02
      vertex 4.241655e-02 -2.186498e-02 -7.462086e-02
      vertex 4.241655e-02 -1.131878e-02 -7.826627e-02
    endloop
  endfacet
  facet normal -4.577679e-01 -8.858981e-01 7.505419e-02
    outer loop
      vertex 2.892864e-02 -2.707265e-02 -2.809825e-02
      vertex 3.458235e-02 -2.954131e-02 -2.275398e-02
      vertex 2.709111e-02 -2.541328e-02 -1.971938e-02
    endloop
  endfacet
  facet normal -7.873739e-01 -6.043229e-01 -1.218041e-01
    outer loop
      vertex 2.892864e-02 -2.707265e-02 -2.809825e-02
      vertex 2.000000e-02 -1.834402e-02 -1.368769e-02
      vertex 3.458235e-02 -2.988033e-02 -5.071518e-02
    endloop
  endfacet
  facet normal -7.134273e-01 -7.005049e-01 -1.772894e-02
    outer loop
      vertex 2.892864e-02 -2.707265e-02 -2.809825e-02
      vertex 2.709111e-02 -2.541328e-02 -1.971938e-02
      vertex 2.000000e-02 -1.834402e-02 -1.368769e-02
    endloop
  endfacet
  facet normal -5.789503e-01 -8.141936e-01 -4.364947e-02
    outer loop
      vertex 2.892864e-02 -2.707265e-02 -2.809825e-02
      vertex 3.458235e-02 -2.988033e-02 -5.071518e-02
      vertex 3.846015e-02 -3.323926e-02 -3.949492e-02
    endloop
  endfacet
  facet normal -4.661994e-01 -8.804413e-01 8.649453e-02
    outer loop
      vertex 2.892864e-02 -2.707265e-02 -2.809825e-02
      vertex 3.846015e-02 -3.323926e-02 -3.949492e-02
      vertex 3.458235e-02 -2.954131e-02 -2.275398e-02
    endloop
  endfacet
  facet normal 1.452549e-02 -9.849120e-01 1.724453e-01
    outer loop
      vertex 5.677977e-02 -3.616351e-02 -4.319860e-02
      vertex 6.740542e-02 -3.316911e-02 -2.699125e-02
      vertex 5.053657e-02 -3.352666e-02 -2.761250e-02
    endloop
  endfacet
  facet normal 1.953157e-01 -9.793136e-01 5.288362e-02
    outer loop
      vertex 5.677977e-02 -3.616351e-02 -4.319860e-02
      vertex 7.603992e-02 -3.212157e-02 -3.948270e-02
      vertex 6.740542e-02 -3.316911e-02 -2.699125e-02
    endloop
  endfacet
  facet normal -1.343574e-01 -9.844989e-01 1.127386e-01
    outer loop
      vertex 5.677977e-02 -3.616351e-02 -4.319860e-02
      vertex 5.053657e-02 -3.352666e-02 -2.761250e-02
      vertex 3.846015e-02 -3.323926e-02 -3.949492e-02
    endloop
  endfacet
  facet normal -1.551771e-01 -9.878092e-01 1.237118e-02
    outer loop
      vertex 5.677977e-02 -3.616351e-02 -4.319860e-02
      vertex 3.846015e-02 -3.323926e-02 -3.949492e-02
      vertex 5.053657e-02 -3.535936e-02 -5.730056e-02
    endloop
  endfacet
  facet normal 1.628431e-01 -9.783294e-01 -1.278815e-01
    outer loop
      vertex 5.677977e-02 -3.616351e-02 -4.319860e-02
      vertex 5.053657e-02 -3.535936e-02 -5.730056e-02
      vertex 6.740542e-02 -3.278569e-02 -5.550926e-02
    endloop
  endfacet
  facet normal 2.191088e-01 -9.725981e-01 -7.774460e-02
    outer loop
      vertex 5.677977e-02 -3.616351e-02 -4.319860e-02
      vertex 6.740542e-02 -3.278569e-02 -5.550926e-02
      vertex 7.603992e-02 -3.212157e-02 -3.948270e-02
    endloop
  endfacet
  facet normal -5.864222e-01 -2.678105e-01 -7.644518e-01
    outer loop
      vertex 2.709111e-02 -6.779746e-03 -7.070115e-02
      vertex 3.458235e-02 -9.785582e-03 -7.539475e-02
      vertex 3.458235e-02 -9.838436e-03 -7.537624e-02
    endloop
  endfacet
  facet normal -7.655508e-01 -4.889249e-01 -4.181917e-01
    outer loop
      vertex 2.709111e-02 -6.779746e-03 -7.070115e-02
      vertex 3.079029e-02 -1.280828e-02 -7.042473e-02
      vertex 2.000000e-02 -1.668095e-03 -6.369625e-02
    endloop
  endfacet
  facet normal -6.654683e-01 -4.361140e-01 -6.057694e-01
    outer loop
      vertex 2.709111e-02 -6.779746e-03 -7.070115e-02
      vertex 3.079029e-02 -1.040920e-02 -7.215191e-02
      vertex 3.079029e-02 -1.280828e-02 -7.042473e-02
    endloop
  endfacet
  facet normal -5.908675e-01 -3.034118e-01 -7.475405e-01
    outer loop
      vertex 2.709111e-02 -6.779746e-03 -7.070115e-02
      vertex 3.458235e-02 -9.923987e-03 -7.534615e-02
      vertex 3.079029e-02 -1.040920e-02 -7.215191e-02
    endloop
  endfacet
  facet normal -5.863716e-01 -2.673988e-01 -7.646347e-01
    outer loop
      vertex 2.709111e-02 -6.779746e-03 -7.070115e-02
      vertex 3.458235e-02 -9.745919e-03 -7.540862e-02
      vertex 3.458235e-02 -9.785582e-03 -7.539475e-02
    endloop
  endfacet
  facet normal -5.865323e-01 -2.686711e-01 -7.640652e-01
    outer loop
      vertex 2.709111e-02 -6.779746e-03 -7.070115e-02
      vertex 3.458235e-02 -9.838436e-03 -7.537624e-02
      vertex 3.458235e-02 -9.923987e-03 -7.534615e-02
    endloop
  endfacet
  facet normal -5.889125e-01 -5.551259e-01 -5.873817e-01
    outer loop
      vertex 2.709111e-02 -4.713811e-03 -7.265363e-02
      vertex 3.458235e-02 -9.745919e-03 -7.540862e-02
      vertex 2.709111e-02 -6.779746e-03 -7.070115e-02
    endloop
  endfacet
  facet normal -5.178891e-01 -3.415922e-01 -7.842867e-01
    outer loop
      vertex 3.079029e-02 -3.803514e-03 -7.549279e-02
      vertex 3.458235e-02 -9.745919e-03 -7.540862e-02
      vertex 2.709111e-02 -4.713811e-03 -7.265363e-02
    endloop
  endfacet
  facet normal -4.139075e-01 -5.589608e-01 -7.185008e-01
    outer loop
      vertex 3.079029e-02 -3.803514e-03 -7.549279e-02
      vertex 2.709111e-02 -4.713811e-03 -7.265363e-02
      vertex 2.709111e-02 -3.692550e-03 -7.344813e-02
    endloop
  endfacet
  facet normal -4.144827e-01 -5.570597e-01 -7.196447e-01
    outer loop
      vertex 3.079029e-02 -3.803514e-03 -7.549279e-02
      vertex 2.709111e-02 -3.692550e-03 -7.344813e-02
      vertex 2.709111e-02 -3.527125e-03 -7.357618e-02
    endloop
  endfacet
  facet normal -4.102637e-01 -5.734097e-01 -7.091439e-01
    outer loop
      vertex 3.079029e-02 -3.803514e-03 -7.549279e-02
      vertex 2.709111e-02 -3.527125e-03 -7.357618e-02
      vertex 2.709111e-02 -3.377319e-03 -7.369731e-02
    endloop
  endfacet
  facet normal -4.021333e-01 -6.085821e-01 -6.840443e-01
    outer loop
      vertex 3.079029e-02 -3.803514e-03 -7.549279e-02
      vertex 2.709111e-02 -3.377319e-03 -7.369731e-02
      vertex 2.709111e-02 -3.024209e-03 -7.401147e-02
    endloop
  endfacet
  facet normal -3.978829e-01 -6.409650e-01 -6.563940e-01
    outer loop
      vertex 3.079029e-02 -3.803514e-03 -7.549279e-02
      vertex 2.709111e-02 -3.024209e-03 -7.401147e-02
      vertex 2.709111e-02 -2.967885e-03 -7.406647e-02
    endloop
  endfacet
  facet normal -9.127734e-02 -2.801410e-01 -9.556095e-01
    outer loop
      vertex 5.888525e-02 -1.725451e-02 -7.900520e-02
      vertex 5.053657e-02 -2.294820e-02 -7.653862e-02
      vertex 5.053657e-02 -1.193109e-02 -7.976833e-02
    endloop
  endfacet
  facet normal 4.109465e-03 -1.355851e-01 -9.907572e-01
    outer loop
      vertex 5.888525e-02 -1.725451e-02 -7.900520e-02
      vertex 5.053657e-02 -1.193109e-02 -7.976833e-02
      vertex 6.740542e-02 -1.044090e-02 -7.990230e-02
    endloop
  endfacet
  facet normal 1.494558e-01 -5.693526e-01 -8.083938e-01
    outer loop
      vertex 5.888525e-02 -1.725451e-02 -7.900520e-02
      vertex 6.740542e-02 -2.043682e-02 -7.518868e-02
      vertex 5.053657e-02 -2.294820e-02 -7.653862e-02
    endloop
  endfacet
  facet normal 2.330540e-01 -4.076695e-01 -8.828881e-01
    outer loop
      vertex 7.603992e-02 -1.334647e-02 -7.628143e-02
      vertex 5.888525e-02 -1.725451e-02 -7.900520e-02
      vertex 6.740542e-02 -1.044090e-02 -7.990230e-02
    endloop
  endfacet
  facet normal 2.350453e-01 -4.212361e-01 -8.759645e-01
    outer loop
      vertex 7.603992e-02 -1.334647e-02 -7.628143e-02
      vertex 6.740542e-02 -2.043682e-02 -7.518868e-02
      vertex 5.888525e-02 -1.725451e-02 -7.900520e-02
    endloop
  endfacet
  facet normal 4.264084e-01 -6.206790e-01 -6.579768e-01
    outer loop
      vertex 7.603992e-02 -1.334647e-02 -7.628143e-02
      vertex 8.473161e-02 -1.428691e-02 -6.976157e-02
      vertex 6.740542e-02 -2.043682e-02 -7.518868e-02
    endloop
  endfacet
  facet normal 3.961491e-01 -6.954057e-01 -5.995638e-01
    outer loop
      vertex 9.342332e-02 -7.727367e-03 -7.162680e-02
      vertex 1.189739e-01 -3.234621e-03 -5.995569e-02
      vertex 8.473161e-02 -1.428691e-02 -6.976157e-02
    endloop
  endfacet
  facet normal 2.902134e-01 -9.140048e-01 -2.834984e-01
    outer loop
      vertex 1.105806e-01 -1.399766e-03 -7.446342e-02
      vertex 1.189739e-01 -3.234621e-03 -5.995569e-02
      vertex 9.342332e-02 -7.727367e-03 -7.162680e-02
    endloop
  endfacet
  facet normal -6.377072e-02 -8.413816e-01 -5.366659e-01
    outer loop
      vertex 1.594088e-01 -1.219222e-02 -4.523431e-02
      vertex 1.189739e-01 -2.690320e-02 -1.736575e-02
      vertex 1.189739e-01 -1.389284e-02 -3.776331e-02
    endloop
  endfacet
  facet normal -3.939815e-01 -7.950764e-01 -4.611204e-01
    outer loop
      vertex 1.594088e-01 -5.819813e-03 -5.622179e-02
      vertex 1.983927e-01 -2.050929e-02 -6.420160e-02
      vertex 1.594088e-01 -1.219222e-02 -4.523431e-02
    endloop
  endfacet
  facet normal -5.622573e-02 -8.636740e-01 -5.009050e-01
    outer loop
      vertex 1.594088e-01 -5.819813e-03 -5.622179e-02
      vertex 1.594088e-01 -1.219222e-02 -4.523431e-02
      vertex 1.189739e-01 -1.389284e-02 -3.776331e-02
    endloop
  endfacet
  facet normal -1.379286e-02 -8.857756e-01 -4.639087e-01
    outer loop
      vertex 1.594088e-01 -5.819813e-03 -5.622179e-02
      vertex 1.189739e-01 -3.234621e-03 -5.995569e-02
      vertex 1.354182e-01 -4.201554e-05 -6.654049e-02
    endloop
  endfacet
  facet normal -1.765209e-02 -9.012894e-01 -4.328577e-01
    outer loop
      vertex 1.594088e-01 -5.819813e-03 -5.622179e-02
      vertex 1.189739e-01 -1.389284e-02 -3.776331e-02
      vertex 1.189739e-01 -3.234621e-03 -5.995569e-02
    endloop
  endfacet
  facet normal -6.181745e-02 -9.252274e-01 -3.743432e-01
    outer loop
      vertex 1.594088e-01 -3.313033e-03 -6.241756e-02
      vertex 1.594088e-01 -5.819813e-03 -5.622179e-02
      vertex 1.354182e-01 -4.201554e-05 -6.654049e-02
    endloop
  endfacet
  facet normal -2.813638e-01 -9.450766e-01 -1.663271e-01
    outer loop
      vertex 2.371931e-01 -5.548169e-02 -5.255498e-02
      vertex 2.765385e-01 -7.668227e-02 1.349781e-03
      vertex 1.189739e-01 -3.466965e-02 2.917327e-02
    endloop
  endfacet
  facet normal -4.320314e-01 -9.010139e-01 -3.902440e-02
    outer loop
      vertex 2.371931e-01 -5.548169e-02 -5.255498e-02
      vertex 2.765385e-01 -7.539257e-02 -2.842751e-02
      vertex 2.765385e-01 -7.668227e-02 1.349781e-03
    endloop
  endfacet
  facet normal -3.537685e-01 -9.177578e-01 -1.804675e-01
    outer loop
      vertex 2.371931e-01 -5.548169e-02 -5.255498e-02
      vertex 2.765385e-01 -6.970907e-02 -5.733066e-02
      vertex 2.765385e-01 -7.539257e-02 -2.842751e-02
    endloop
  endfacet
  facet normal -3.520324e-01 -8.253657e-01 -4.414121e-01
    outer loop
      vertex 2.371931e-01 -5.548169e-02 -5.255498e-02
      vertex 2.765385e-01 -5.568336e-02 -8.355635e-02
      vertex 2.765385e-01 -6.970907e-02 -5.733066e-02
    endloop
  endfacet
  facet normal -4.333819e-01 -6.783910e-01 -5.932670e-01
    outer loop
      vertex 2.371931e-01 -5.548169e-02 -5.255498e-02
      vertex 1.594088e-01 -1.219222e-02 -4.523431e-02
      vertex 1.983927e-01 -2.050929e-02 -6.420160e-02
    endloop
  endfacet
  facet normal -1.814498e-01 -9.833262e-01 -1.206222e-02
    outer loop
      vertex 2.371931e-01 -5.548169e-02 -5.255498e-02
      vertex 1.189739e-01 -3.466965e-02 2.917327e-02
      vertex 1.189739e-01 -3.437271e-02 4.966080e-03
    endloop
  endfacet
  facet normal -3.079473e-01 -9.022701e-01 -3.017898e-01
    outer loop
      vertex 2.371931e-01 -5.548169e-02 -5.255498e-02
      vertex 1.189739e-01 -3.437271e-02 4.966080e-03
      vertex 1.189739e-01 -2.690320e-02 -1.736575e-02
    endloop
  endfacet
  facet normal -3.562141e-01 -5.073665e-01 -7.846596e-01
    outer loop
      vertex 2.371931e-01 -5.548169e-02 -5.255498e-02
      vertex 1.189739e-01 -2.690320e-02 -1.736575e-02
      vertex 1.594088e-01 -1.219222e-02 -4.523431e-02
    endloop
  endfacet
  facet normal -1.258879e-01 -9.911153e-01 -4.292684e-02
    outer loop
      vertex 3.404529e-01 -8.214516e-02 -5.995715e-02
      vertex 2.765385e-01 -7.668227e-02 1.349781e-03
      vertex 2.765385e-01 -7.539257e-02 -2.842751e-02
    endloop
  endfacet
  facet normal -1.950283e-01 -9.623681e-01 -1.892396e-01
    outer loop
      vertex 3.404529e-01 -8.214516e-02 -5.995715e-02
      vertex 2.765385e-01 -7.539257e-02 -2.842751e-02
      vertex 2.765385e-01 -6.970907e-02 -5.733066e-02
    endloop
  endfacet
  facet normal -8.501962e-02 -9.963793e-01 1.487610e-04
    outer loop
      vertex 3.404529e-01 -8.214516e-02 -5.995715e-02
      vertex 2.765385e-01 -7.667780e-02 3.129472e-02
      vertex 2.765385e-01 -7.668227e-02 1.349781e-03
    endloop
  endfacet
  facet normal -2.018785e-01 -8.636564e-01 -4.618903e-01
    outer loop
      vertex 3.404529e-01 -7.564024e-02 -7.417548e-02
      vertex 2.765385e-01 -6.970907e-02 -5.733066e-02
      vertex 2.765385e-01 -5.568336e-02 -8.355635e-02
    endloop
  endfacet
  facet normal -1.904797e-01 -8.927018e-01 -4.084128e-01
    outer loop
      vertex 3.404529e-01 -7.564024e-02 -7.417548e-02
      vertex 3.404529e-01 -8.214516e-02 -5.995715e-02
      vertex 2.765385e-01 -6.970907e-02 -5.733066e-02
    endloop
  endfacet
  facet normal -1.674598e-01 -8.043056e-01 -5.701314e-01
    outer loop
      vertex 3.404529e-01 -6.670721e-02 -8.677763e-02
      vertex 3.404529e-01 -7.564024e-02 -7.417548e-02
      vertex 2.765385e-01 -5.568336e-02 -8.355635e-02
    endloop
  endfacet
  facet normal -4.111876e-01 -9.093880e-01 -6.275583e-02
    outer loop
      vertex 4.688501e-01 -9.915279e-02 -7.712161e-02
      vertex 5.330769e-01 -1.315350e-01 -2.870099e-02
      vertex 5.330769e-01 -1.340115e-01 7.185723e-03
    endloop
  endfacet
  facet normal -1.547562e-01 -8.184949e-01 -5.532780e-01
    outer loop
      vertex 4.688501e-01 -9.915279e-02 -7.712161e-02
      vertex 5.330769e-01 -1.011354e-01 -9.215336e-02
      vertex 5.330769e-01 -1.209320e-01 -6.286710e-02
    endloop
  endfacet
  facet normal -2.498933e-01 -9.247659e-01 -2.869867e-01
    outer loop
      vertex 4.688501e-01 -9.915279e-02 -7.712161e-02
      vertex 5.330769e-01 -1.209320e-01 -6.286710e-02
      vertex 5.330769e-01 -1.315350e-01 -2.870099e-02
    endloop
  endfacet
  facet normal -1.359442e-01 -9.900659e-01 -3.589797e-02
    outer loop
      vertex 4.688501e-01 -9.915279e-02 -7.712161e-02
      vertex 2.765385e-01 -7.667780e-02 3.129472e-02
      vertex 3.404529e-01 -8.214516e-02 -5.995715e-02
    endloop
  endfacet
  facet normal -2.322205e-01 -9.485391e-01 -2.152840e-01
    outer loop
      vertex 4.688501e-01 -9.915279e-02 -7.712161e-02
      vertex 5.330769e-01 -1.340115e-01 7.185723e-03
      vertex 2.765385e-01 -7.667780e-02 3.129472e-02
    endloop
  endfacet
  facet normal -1.672440e-01 -7.724055e-01 -6.127146e-01
    outer loop
      vertex 4.688501e-01 -8.851247e-02 -9.053510e-02
      vertex 5.330769e-01 -1.011354e-01 -9.215336e-02
      vertex 4.688501e-01 -9.915279e-02 -7.712161e-02
    endloop
  endfacet
  facet normal -5.009976e-01 -8.524554e-01 -1.494026e-01
    outer loop
      vertex 2.349197e-02 -2.361526e-03 -7.144945e-02
      vertex 2.000000e-02 -1.668095e-03 -6.369625e-02
      vertex 2.000000e-02 -4.377569e-04 -7.071626e-02
    endloop
  endfacet
  facet normal -5.690829e-01 -5.647993e-01 -5.976173e-01
    outer loop
      vertex 2.349197e-02 -2.361526e-03 -7.144945e-02
      vertex 2.709111e-02 -4.713811e-03 -7.265363e-02
      vertex 2.709111e-02 -6.779746e-03 -7.070115e-02
    endloop
  endfacet
  facet normal -5.539607e-01 -5.112041e-01 -6.571133e-01
    outer loop
      vertex 2.349197e-02 -2.361526e-03 -7.144945e-02
      vertex 2.709111e-02 -3.692550e-03 -7.344813e-02
      vertex 2.709111e-02 -4.713811e-03 -7.265363e-02
    endloop
  endfacet
  facet normal -5.540282e-01 -5.095845e-01 -6.583133e-01
    outer loop
      vertex 2.349197e-02 -2.361526e-03 -7.144945e-02
      vertex 2.709111e-02 -3.527125e-03 -7.357618e-02
      vertex 2.709111e-02 -3.692550e-03 -7.344813e-02
    endloop
  endfacet
  facet normal -7.238602e-01 -6.352607e-01 -2.692032e-01
    outer loop
      vertex 2.349197e-02 -2.361526e-03 -7.144945e-02
      vertex 2.709111e-02 -6.779746e-03 -7.070115e-02
      vertex 2.000000e-02 -1.668095e-03 -6.369625e-02
    endloop
  endfacet
  facet normal -5.041170e-01 -7.557732e-01 -4.179389e-01
    outer loop
      vertex 2.349197e-02 -2.036176e-03 -7.203779e-02
      vertex 2.349197e-02 -2.361526e-03 -7.144945e-02
      vertex 2.000000e-02 -4.377569e-04 -7.071626e-02
    endloop
  endfacet
  facet normal -5.099572e-01 -5.408605e-01 -6.688898e-01
    outer loop
      vertex 2.349197e-02 -2.036176e-03 -7.203779e-02
      vertex 2.709111e-02 -3.377319e-03 -7.369731e-02
      vertex 2.709111e-02 -3.527125e-03 -7.357618e-02
    endloop
  endfacet
  facet normal -4.947839e-01 -7.604819e-01 -4.205428e-01
    outer loop
      vertex 2.349197e-02 -2.036176e-03 -7.203779e-02
      vertex 2.709111e-02 -3.527125e-03 -7.357618e-02
      vertex 2.349197e-02 -2.361526e-03 -7.144945e-02
    endloop
  endfacet
  facet normal -5.016597e-01 -7.700233e-01 -3.942101e-01
    outer loop
      vertex 2.349197e-02 -1.985685e-03 -7.213641e-02
      vertex 2.349197e-02 -2.036176e-03 -7.203779e-02
      vertex 2.000000e-02 -4.377569e-04 -7.071626e-02
    endloop
  endfacet
  facet normal -4.763785e-01 -7.826412e-01 -4.006698e-01
    outer loop
      vertex 2.349197e-02 -1.985685e-03 -7.213641e-02
      vertex 2.709111e-02 -3.377319e-03 -7.369731e-02
      vertex 2.349197e-02 -2.036176e-03 -7.203779e-02
    endloop
  endfacet
  facet normal -5.023792e-01 -5.747267e-01 -6.459910e-01
    outer loop
      vertex 2.349197e-02 -1.985685e-03 -7.213641e-02
      vertex 2.709111e-02 -3.024209e-03 -7.401147e-02
      vertex 2.709111e-02 -3.377319e-03 -7.369731e-02
    endloop
  endfacet
  facet normal -5.005346e-01 -7.747591e-01 -3.862817e-01
    outer loop
      vertex 2.349197e-02 -1.939799e-03 -7.222845e-02
      vertex 2.349197e-02 -1.985685e-03 -7.213641e-02
      vertex 2.000000e-02 -4.377569e-04 -7.071626e-02
    endloop
  endfacet
  facet normal -4.405133e-01 -8.034234e-01 -4.005732e-01
    outer loop
      vertex 2.349197e-02 -1.939799e-03 -7.222845e-02
      vertex 2.709111e-02 -3.024209e-03 -7.401147e-02
      vertex 2.349197e-02 -1.985685e-03 -7.213641e-02
    endloop
  endfacet
  facet normal -4.980066e-01 -7.833919e-01 -3.718690e-01
    outer loop
      vertex 2.349197e-02 -1.830336e-03 -7.245905e-02
      vertex 2.349197e-02 -1.939799e-03 -7.222845e-02
      vertex 2.000000e-02 -4.377569e-04 -7.071626e-02
    endloop
  endfacet
  facet normal -4.361139e-01 -8.129491e-01 -3.858995e-01
    outer loop
      vertex 2.349197e-02 -1.830336e-03 -7.245905e-02
      vertex 2.709111e-02 -3.024209e-03 -7.401147e-02
      vertex 2.349197e-02 -1.939799e-03 -7.222845e-02
    endloop
  endfacet
  facet normal -4.753880e-01 -6.146539e-01 -6.294496e-01
    outer loop
      vertex 2.349197e-02 -1.830336e-03 -7.245905e-02
      vertex 2.709111e-02 -2.967885e-03 -7.406647e-02
      vertex 2.709111e-02 -3.024209e-03 -7.401147e-02
    endloop
  endfacet
  facet normal -4.948353e-01 -7.912610e-01 -3.592270e-01
    outer loop
      vertex 2.349197e-02 -1.812630e-03 -7.249805e-02
      vertex 2.349197e-02 -1.830336e-03 -7.245905e-02
      vertex 2.000000e-02 -4.377569e-04 -7.071626e-02
    endloop
  endfacet
  facet normal -4.271484e-01 -8.233078e-01 -3.737760e-01
    outer loop
      vertex 2.349197e-02 -1.812630e-03 -7.249805e-02
      vertex 2.709111e-02 -2.967885e-03 -7.406647e-02
      vertex 2.349197e-02 -1.830336e-03 -7.245905e-02
    endloop
  endfacet
  facet normal -4.966827e-01 -7.868831e-01 -3.662257e-01
    outer loop
      vertex 2.349197e-02 -1.238491e-03 -7.373166e-02
      vertex 2.349197e-02 -1.812630e-03 -7.249805e-02
      vertex 2.000000e-02 -4.377569e-04 -7.071626e-02
    endloop
  endfacet
  facet normal -4.289709e-01 -8.189648e-01 -3.811570e-01
    outer loop
      vertex 2.349197e-02 -1.238491e-03 -7.373166e-02
      vertex 2.709111e-02 -2.967885e-03 -7.406647e-02
      vertex 2.349197e-02 -1.812630e-03 -7.249805e-02
    endloop
  endfacet
  facet normal 4.950177e-03 -1.449818e-01 -9.894219e-01
    outer loop
      vertex 6.312746e-02 -5.000905e-03 -8.072083e-02
      vertex 6.740542e-02 -1.044090e-02 -7.990230e-02
      vertex 5.053657e-02 -1.193109e-02 -7.976833e-02
    endloop
  endfacet
  facet normal 4.149386e-01 -6.410839e-01 -6.456295e-01
    outer loop
      vertex 8.038219e-02 -9.941864e-03 -7.687134e-02
      vertex 8.473161e-02 -1.428691e-02 -6.976157e-02
      vertex 7.603992e-02 -1.334647e-02 -7.628143e-02
    endloop
  endfacet
  facet normal 3.713426e-01 -6.737232e-01 -6.389066e-01
    outer loop
      vertex 8.038219e-02 -9.941864e-03 -7.687134e-02
      vertex 9.342332e-02 -7.727367e-03 -7.162680e-02
      vertex 8.473161e-02 -1.428691e-02 -6.976157e-02
    endloop
  endfacet
  facet normal 3.478451e-01 -7.650786e-01 -5.419027e-01
    outer loop
      vertex 8.908104e-02 -5.814851e-03 -7.711426e-02
      vertex 9.342332e-02 -7.727367e-03 -7.162680e-02
      vertex 8.038219e-02 -9.941864e-03 -7.687134e-02
    endloop
  endfacet
  facet normal -7.533016e-02 -9.468136e-01 -3.128408e-01
    outer loop
      vertex 1.554554e-01 -8.566087e-04 -6.889997e-02
      vertex 1.594088e-01 -3.313033e-03 -6.241756e-02
      vertex 1.354182e-01 -4.201554e-05 -6.654049e-02
    endloop
  endfacet
  facet normal -3.400756e-01 -7.416096e-01 -5.782419e-01
    outer loop
      vertex 1.672737e-01 -3.433117e-03 -6.780052e-02
      vertex 1.983927e-01 -1.241430e-02 -7.458363e-02
      vertex 1.983927e-01 -2.050929e-02 -6.420160e-02
    endloop
  endfacet
  facet normal -1.842704e-01 -9.510696e-01 -2.480142e-01
    outer loop
      vertex 1.672737e-01 -3.433117e-03 -6.780052e-02
      vertex 1.594088e-01 -3.313033e-03 -6.241756e-02
      vertex 1.554554e-01 -8.566087e-04 -6.889997e-02
    endloop
  endfacet
  facet normal -3.941071e-01 -8.098053e-01 -4.346206e-01
    outer loop
      vertex 1.672737e-01 -3.433117e-03 -6.780052e-02
      vertex 1.983927e-01 -2.050929e-02 -6.420160e-02
      vertex 1.594088e-01 -5.819813e-03 -5.622179e-02
    endloop
  endfacet
  facet normal -2.614373e-01 -8.947597e-01 -3.620161e-01
    outer loop
      vertex 1.672737e-01 -3.433117e-03 -6.780052e-02
      vertex 1.594088e-01 -5.819813e-03 -5.622179e-02
      vertex 1.594088e-01 -3.313033e-03 -6.241756e-02
    endloop
  endfacet
  facet normal -3.396787e-01 -7.798405e-01 -5.258014e-01
    outer loop
      vertex 1.945175e-01 -7.674398e-03 -7.911013e-02
      vertex 1.983927e-01 -1.241430e-02 -7.458363e-02
      vertex 1.672737e-01 -3.433117e-03 -6.780052e-02
    endloop
  endfacet
  facet normal -1.642643e-01 -7.727979e-01 -6.130258e-01
    outer loop
      vertex 3.726702e-01 -7.090023e-02 -8.696556e-02
      vertex 4.688501e-01 -8.851247e-02 -9.053510e-02
      vertex 4.688501e-01 -9.915279e-02 -7.712161e-02
    endloop
  endfacet
  facet normal -1.327163e-01 -5.588559e-01 -8.185759e-01
    outer loop
      vertex 3.726702e-01 -7.090023e-02 -8.696556e-02
      vertex 4.047632e-01 -4.973635e-02 -1.066178e-01
      vertex 4.688501e-01 -8.851247e-02 -9.053510e-02
    endloop
  endfacet
  facet normal -1.817116e-01 -8.119033e-01 -5.547918e-01
    outer loop
      vertex 3.726702e-01 -7.090023e-02 -8.696556e-02
      vertex 4.688501e-01 -9.915279e-02 -7.712161e-02
      vertex 3.404529e-01 -8.214516e-02 -5.995715e-02
    endloop
  endfacet
  facet normal -3.135658e-02 -9.089038e-01 -4.158252e-01
    outer loop
      vertex 3.726702e-01 -7.090023e-02 -8.696556e-02
      vertex 3.404529e-01 -8.214516e-02 -5.995715e-02
      vertex 3.404529e-01 -7.564024e-02 -7.417548e-02
    endloop
  endfacet
  facet normal -1.088999e-01 -8.109740e-01 -5.748583e-01
    outer loop
      vertex 3.726702e-01 -7.090023e-02 -8.696556e-02
      vertex 3.404529e-01 -7.564024e-02 -7.417548e-02
      vertex 3.404529e-01 -6.670721e-02 -8.677763e-02
    endloop
  endfacet
  facet normal 1.695898e-02 -6.940425e-01 -7.197343e-01
    outer loop
      vertex 3.726702e-01 -6.513997e-02 -9.252020e-02
      vertex 4.047632e-01 -4.973635e-02 -1.066178e-01
      vertex 3.726702e-01 -7.090023e-02 -8.696556e-02
    endloop
  endfacet
  facet normal -9.412047e-02 -6.910609e-01 -7.166423e-01
    outer loop
      vertex 3.726702e-01 -6.513997e-02 -9.252020e-02
      vertex 3.726702e-01 -7.090023e-02 -8.696556e-02
      vertex 3.404529e-01 -6.670721e-02 -8.677763e-02
    endloop
  endfacet
  facet normal -1.401879e-01 -5.863925e-01 -7.978040e-01
    outer loop
      vertex 5.009483e-01 -6.649794e-02 -1.119666e-01
      vertex 5.330769e-01 -7.225826e-02 -1.133783e-01
      vertex 5.330769e-01 -1.011354e-01 -9.215336e-02
    endloop
  endfacet
  facet normal -9.576767e-02 -3.016842e-01 -9.485859e-01
    outer loop
      vertex 5.009483e-01 -6.649794e-02 -1.119666e-01
      vertex 5.330769e-01 -3.821325e-02 -1.242058e-01
      vertex 5.330769e-01 -7.225826e-02 -1.133783e-01
    endloop
  endfacet
  facet normal -1.348129e-01 -5.832504e-01 -8.010271e-01
    outer loop
      vertex 5.009483e-01 -6.649794e-02 -1.119666e-01
      vertex 5.330769e-01 -1.011354e-01 -9.215336e-02
      vertex 4.688501e-01 -8.851247e-02 -9.053510e-02
    endloop
  endfacet
  facet normal -2.035376e-01 -9.715121e-01 -1.213948e-01
    outer loop
      vertex 2.173214e-02 -4.042360e-04 -7.388873e-02
      vertex 2.000000e-02 -4.377569e-04 -7.071626e-02
      vertex 2.000000e-02 -3.562630e-05 -7.393448e-02
    endloop
  endfacet
  facet normal -3.205159e-01 -7.778853e-01 -5.405219e-01
    outer loop
      vertex 2.173214e-02 -4.042360e-04 -7.388873e-02
      vertex 2.349197e-02 -1.117121e-03 -7.390633e-02
      vertex 2.349197e-02 -1.238491e-03 -7.373166e-02
    endloop
  endfacet
  facet normal -3.026828e-01 -7.321429e-01 -6.102048e-01
    outer loop
      vertex 2.173214e-02 -4.042360e-04 -7.388873e-02
      vertex 2.349197e-02 -9.925792e-04 -7.405576e-02
      vertex 2.349197e-02 -1.117121e-03 -7.390633e-02
    endloop
  endfacet
  facet normal -2.819187e-01 -6.404618e-01 -7.143742e-01
    outer loop
      vertex 2.173214e-02 -4.042360e-04 -7.388873e-02
      vertex 2.349197e-02 -6.363563e-04 -7.437512e-02
      vertex 2.349197e-02 -9.925792e-04 -7.405576e-02
    endloop
  endfacet
  facet normal -4.003892e-01 -8.875306e-01 -2.279867e-01
    outer loop
      vertex 2.173214e-02 -4.042360e-04 -7.388873e-02
      vertex 2.349197e-02 -1.238491e-03 -7.373166e-02
      vertex 2.000000e-02 -4.377569e-04 -7.071626e-02
    endloop
  endfacet
  facet normal -1.691693e-01 -8.556487e-01 -4.891289e-01
    outer loop
      vertex 2.173214e-02 -2.823546e-04 -7.410194e-02
      vertex 2.173214e-02 -4.042360e-04 -7.388873e-02
      vertex 2.000000e-02 -3.562630e-05 -7.393448e-02
    endloop
  endfacet
  facet normal -1.681186e-01 -8.834909e-01 -4.372413e-01
    outer loop
      vertex 2.173214e-02 -1.857168e-04 -7.429721e-02
      vertex 2.173214e-02 -2.823546e-04 -7.410194e-02
      vertex 2.000000e-02 -3.562630e-05 -7.393448e-02
    endloop
  endfacet
  facet normal -6.043561e-02 -9.969182e-01 -5.001594e-02
    outer loop
      vertex 2.173214e-02 -1.126029e-04 -7.449317e-02
      vertex 2.000000e-02 -3.562630e-05 -7.393448e-02
      vertex 2.000000e-02 -8.075978e-06 -7.448361e-02
    endloop
  endfacet
  facet normal -1.525795e-01 -9.259417e-01 -3.454728e-01
    outer loop
      vertex 2.173214e-02 -1.126029e-04 -7.449317e-02
      vertex 2.173214e-02 -1.857168e-04 -7.429721e-02
      vertex 2.000000e-02 -3.562630e-05 -7.393448e-02
    endloop
  endfacet
  facet normal -3.751559e-01 -6.534801e-01 -6.574358e-01
    outer loop
      vertex 2.438198e-02 -1.081834e-03 -7.439525e-02
      vertex 2.709111e-02 -2.967885e-03 -7.406647e-02
      vertex 2.349197e-02 -1.238491e-03 -7.373166e-02
    endloop
  endfacet
  facet normal -2.704411e-01 -7.906087e-01 -5.493629e-01
    outer loop
      vertex 2.438198e-02 -1.081834e-03 -7.439525e-02
      vertex 2.349197e-02 -1.238491e-03 -7.373166e-02
      vertex 2.349197e-02 -1.117121e-03 -7.390633e-02
    endloop
  endfacet
  facet normal -3.058563e-01 -7.313642e-01 -6.095558e-01
    outer loop
      vertex 2.438198e-02 -1.081834e-03 -7.439525e-02
      vertex 2.349197e-02 -1.117121e-03 -7.390633e-02
      vertex 2.349197e-02 -9.925792e-04 -7.405576e-02
    endloop
  endfacet
  facet normal -3.311557e-01 -6.298732e-01 -7.025636e-01
    outer loop
      vertex 2.438198e-02 -1.081834e-03 -7.439525e-02
      vertex 2.349197e-02 -9.925792e-04 -7.405576e-02
      vertex 2.349197e-02 -6.363563e-04 -7.437512e-02
    endloop
  endfacet
  facet normal -2.403341e-01 -4.911683e-01 -8.372534e-01
    outer loop
      vertex 2.438198e-02 -1.081834e-03 -7.439525e-02
      vertex 2.527859e-02 -7.259608e-04 -7.486139e-02
      vertex 2.709111e-02 -2.967885e-03 -7.406647e-02
    endloop
  endfacet
  facet normal 1.291739e-02 -9.955399e-01 9.345344e-02
    outer loop
      vertex 2.173214e-02 -4.172504e-05 -7.508149e-02
      vertex 2.000000e-02 -8.075978e-06 -7.448361e-02
      vertex 2.000000e-02 -6.291158e-05 -7.506776e-02
    endloop
  endfacet
  facet normal -6.046163e-02 -9.910045e-01 -1.193917e-01
    outer loop
      vertex 2.173214e-02 -4.172504e-05 -7.508149e-02
      vertex 2.173214e-02 -1.126029e-04 -7.449317e-02
      vertex 2.000000e-02 -8.075978e-06 -7.448361e-02
    endloop
  endfacet
  facet normal 3.103435e-02 -9.910991e-01 1.294580e-01
    outer loop
      vertex 2.260865e-02 -7.343248e-05 -7.553436e-02
      vertex 2.260865e-02 -5.698331e-05 -7.540842e-02
      vertex 2.173214e-02 -4.172504e-05 -7.508149e-02
    endloop
  endfacet
  facet normal 4.942967e-02 -9.851140e-01 1.646426e-01
    outer loop
      vertex 2.260865e-02 -8.698811e-05 -7.561546e-02
      vertex 2.260865e-02 -7.343248e-05 -7.553436e-02
      vertex 2.173214e-02 -4.172504e-05 -7.508149e-02
    endloop
  endfacet
  facet normal 6.168609e-02 -9.809126e-01 1.844052e-01
    outer loop
      vertex 2.260865e-02 -9.871332e-05 -7.567783e-02
      vertex 2.260865e-02 -8.698811e-05 -7.561546e-02
      vertex 2.173214e-02 -4.172504e-05 -7.508149e-02
    endloop
  endfacet
  facet normal 7.218173e-02 -9.772396e-01 1.994807e-01
    outer loop
      vertex 2.260865e-02 -1.120739e-04 -7.574329e-02
      vertex 2.260865e-02 -9.871332e-05 -7.567783e-02
      vertex 2.173214e-02 -4.172504e-05 -7.508149e-02
    endloop
  endfacet
  facet normal 2.966966e-01 -5.174768e-01 -8.026138e-01
    outer loop
      vertex 7.820972e-02 -8.320689e-03 -7.871966e-02
      vertex 8.038219e-02 -9.941864e-03 -7.687134e-02
      vertex 7.603992e-02 -1.334647e-02 -7.628143e-02
    endloop
  endfacet
  facet normal 2.466514e-01 -5.661823e-01 -7.865117e-01
    outer loop
      vertex 7.820972e-02 -8.320689e-03 -7.871966e-02
      vertex 8.908104e-02 -5.814851e-03 -7.711426e-02
      vertex 8.038219e-02 -9.941864e-03 -7.687134e-02
    endloop
  endfacet
  facet normal 1.897741e-01 -4.936690e-01 -8.486912e-01
    outer loop
      vertex 7.820972e-02 -8.320689e-03 -7.871966e-02
      vertex 7.603992e-02 -1.334647e-02 -7.628143e-02
      vertex 6.740542e-02 -1.044090e-02 -7.990230e-02
    endloop
  endfacet
  facet normal 1.824327e-01 -4.388914e-01 -8.798254e-01
    outer loop
      vertex 7.603992e-02 -6.391870e-03 -8.013174e-02
      vertex 7.820972e-02 -8.320689e-03 -7.871966e-02
      vertex 6.740542e-02 -1.044090e-02 -7.990230e-02
    endloop
  endfacet
  facet normal 2.601754e-01 -7.083975e-01 -6.561111e-01
    outer loop
      vertex 8.690677e-02 -4.559703e-03 -7.933162e-02
      vertex 8.908104e-02 -5.814851e-03 -7.711426e-02
      vertex 7.820972e-02 -8.320689e-03 -7.871966e-02
    endloop
  endfacet
  facet normal 1.438872e-01 -4.740711e-01 -8.686501e-01
    outer loop
      vertex 8.690677e-02 -4.559703e-03 -7.933162e-02
      vertex 7.820972e-02 -8.320689e-03 -7.871966e-02
      vertex 7.603992e-02 -6.391870e-03 -8.013174e-02
    endloop
  endfacet
  facet normal 9.386707e-02 -9.795089e-01 -1.781886e-01
    outer loop
      vertex 1.313461e-01 5.594159e-04 -7.429415e-02
      vertex 1.189739e-01 -3.234621e-03 -5.995569e-02
      vertex 1.105806e-01 -1.399766e-03 -7.446342e-02
    endloop
  endfacet
  facet normal 1.321229e-01 -9.805050e-01 -1.454425e-01
    outer loop
      vertex 1.313461e-01 5.594159e-04 -7.429415e-02
      vertex 1.354182e-01 -4.201554e-05 -6.654049e-02
      vertex 1.189739e-01 -3.234621e-03 -5.995569e-02
    endloop
  endfacet
  facet normal -3.849029e-01 -7.278554e-01 -5.675176e-01
    outer loop
      vertex 2.352456e-01 -1.979530e-02 -9.011176e-02
      vertex 1.983927e-01 -2.050929e-02 -6.420160e-02
      vertex 1.983927e-01 -1.241430e-02 -7.458363e-02
    endloop
  endfacet
  facet normal -4.716881e-01 -6.513008e-01 -5.944053e-01
    outer loop
      vertex 2.352456e-01 -1.979530e-02 -9.011176e-02
      vertex 2.765385e-01 -5.568336e-02 -8.355635e-02
      vertex 2.371931e-01 -5.548169e-02 -5.255498e-02
    endloop
  endfacet
  facet normal -3.378902e-01 -5.307533e-01 -7.772588e-01
    outer loop
      vertex 2.352456e-01 -1.979530e-02 -9.011176e-02
      vertex 2.765385e-01 -3.134794e-02 -1.001739e-01
      vertex 2.765385e-01 -5.568336e-02 -8.355635e-02
    endloop
  endfacet
  facet normal -4.187378e-01 -6.690559e-01 -6.140219e-01
    outer loop
      vertex 2.352456e-01 -1.979530e-02 -9.011176e-02
      vertex 2.371931e-01 -5.548169e-02 -5.255498e-02
      vertex 1.983927e-01 -2.050929e-02 -6.420160e-02
    endloop
  endfacet
  facet normal -1.613274e-01 -4.620132e-01 -8.720764e-01
    outer loop
      vertex 3.620405e-01 -2.948460e-02 -1.094435e-01
      vertex 4.047632e-01 -4.973635e-02 -1.066178e-01
      vertex 3.726702e-01 -6.513997e-02 -9.252020e-02
    endloop
  endfacet
  facet normal -2.654318e-01 -7.544106e-01 -6.003421e-01
    outer loop
      vertex 2.260865e-02 -3.201542e-04 -7.438193e-02
      vertex 2.349197e-02 -6.363563e-04 -7.437512e-02
      vertex 2.173214e-02 -4.042360e-04 -7.388873e-02
    endloop
  endfacet
  facet normal -1.923092e-01 -8.519567e-01 -4.870184e-01
    outer loop
      vertex 2.260865e-02 -3.201542e-04 -7.438193e-02
      vertex 2.173214e-02 -4.042360e-04 -7.388873e-02
      vertex 2.173214e-02 -2.823546e-04 -7.410194e-02
    endloop
  endfacet
  facet normal -1.774729e-01 -8.820201e-01 -4.365134e-01
    outer loop
      vertex 2.260865e-02 -3.201542e-04 -7.438193e-02
      vertex 2.173214e-02 -2.823546e-04 -7.410194e-02
      vertex 2.173214e-02 -1.857168e-04 -7.429721e-02
    endloop
  endfacet
  facet normal -1.747571e-01 -9.224942e-01 -3.441865e-01
    outer loop
      vertex 2.260865e-02 -3.201542e-04 -7.438193e-02
      vertex 2.173214e-02 -1.857168e-04 -7.429721e-02
      vertex 2.173214e-02 -1.126029e-04 -7.449317e-02
    endloop
  endfacet
  facet normal -1.336816e-01 -8.434379e-01 -5.203284e-01
    outer loop
      vertex 2.304946e-02 -1.762773e-04 -7.472840e-02
      vertex 2.260865e-02 -3.201542e-04 -7.438193e-02
      vertex 2.173214e-02 -1.126029e-04 -7.449317e-02
    endloop
  endfacet
  facet normal -2.571289e-01 -7.318776e-01 -6.310625e-01
    outer loop
      vertex 2.304946e-02 -1.762773e-04 -7.472840e-02
      vertex 2.349197e-02 -6.363563e-04 -7.437512e-02
      vertex 2.260865e-02 -3.201542e-04 -7.438193e-02
    endloop
  endfacet
  facet normal 6.786853e-02 -9.786669e-01 1.939199e-01
    outer loop
      vertex 2.129647e-02 -3.765851e-04 -7.661897e-02
      vertex 2.260865e-02 -1.120739e-04 -7.574329e-02
      vertex 2.173214e-02 -4.172504e-05 -7.508149e-02
    endloop
  endfacet
  facet normal 5.540191e-03 -9.792368e-01 2.026442e-01
    outer loop
      vertex 2.129647e-02 -3.765851e-04 -7.661897e-02
      vertex 2.000000e-02 -6.291158e-05 -7.506776e-02
      vertex 2.000000e-02 -3.987564e-04 -7.669067e-02
    endloop
  endfacet
  facet normal 1.361679e-02 -9.777987e-01 2.091037e-01
    outer loop
      vertex 2.129647e-02 -3.765851e-04 -7.661897e-02
      vertex 2.173214e-02 -4.172504e-05 -7.508149e-02
      vertex 2.000000e-02 -6.291158e-05 -7.506776e-02
    endloop
  endfacet
  facet normal -1.850846e-01 -7.042840e-01 -6.853668e-01
    outer loop
      vertex 2.393615e-02 -1.396244e-04 -7.500552e-02
      vertex 2.349197e-02 -6.363563e-04 -7.437512e-02
      vertex 2.304946e-02 -1.762773e-04 -7.472840e-02
    endloop
  endfacet
  facet normal -9.069144e-02 -9.074696e-01 -4.102121e-01
    outer loop
      vertex 2.393615e-02 -1.223805e-04 -7.504366e-02
      vertex 2.393615e-02 -1.396244e-04 -7.500552e-02
      vertex 2.304946e-02 -1.762773e-04 -7.472840e-02
    endloop
  endfacet
  facet normal -7.612284e-02 -9.250110e-01 -3.722363e-01
    outer loop
      vertex 2.393615e-02 -1.125775e-04 -7.506802e-02
      vertex 2.393615e-02 -1.223805e-04 -7.504366e-02
      vertex 2.304946e-02 -1.762773e-04 -7.472840e-02
    endloop
  endfacet
  facet normal -6.557644e-02 -9.356799e-01 -3.467030e-01
    outer loop
      vertex 2.393615e-02 -1.056542e-04 -7.508671e-02
      vertex 2.393615e-02 -1.125775e-04 -7.506802e-02
      vertex 2.304946e-02 -1.762773e-04 -7.472840e-02
    endloop
  endfacet
  facet normal -7.190285e-02 -9.837667e-01 1.644174e-01
    outer loop
      vertex 2.393615e-02 -9.891990e-05 -7.510632e-02
      vertex 2.260865e-02 -7.343248e-05 -7.553436e-02
      vertex 2.260865e-02 -8.698811e-05 -7.561546e-02
    endloop
  endfacet
  facet normal -8.593895e-02 -9.761706e-01 1.992625e-01
    outer loop
      vertex 2.393615e-02 -9.891990e-05 -7.510632e-02
      vertex 2.260865e-02 -9.871332e-05 -7.567783e-02
      vertex 2.260865e-02 -1.120739e-04 -7.574329e-02
    endloop
  endfacet
  facet normal -5.584703e-02 -9.442959e-01 -3.243244e-01
    outer loop
      vertex 2.393615e-02 -9.891990e-05 -7.510632e-02
      vertex 2.393615e-02 -1.056542e-04 -7.508671e-02
      vertex 2.304946e-02 -1.762773e-04 -7.472840e-02
    endloop
  endfacet
  facet normal -7.944316e-02 -9.796780e-01 1.841731e-01
    outer loop
      vertex 2.393615e-02 -9.891990e-05 -7.510632e-02
      vertex 2.260865e-02 -8.698811e-05 -7.561546e-02
      vertex 2.260865e-02 -9.871332e-05 -7.567783e-02
    endloop
  endfacet
  facet normal -6.068850e-02 -9.897490e-01 1.292817e-01
    outer loop
      vertex 2.393615e-02 -9.891990e-05 -7.510632e-02
      vertex 2.260865e-02 -5.698331e-05 -7.540842e-02
      vertex 2.260865e-02 -7.343248e-05 -7.553436e-02
    endloop
  endfacet
  facet normal 1.063931e-01 -2.809303e-01 -9.538127e-01
    outer loop
      vertex 7.495631e-02 -5.258395e-03 -8.058646e-02
      vertex 7.603992e-02 -6.391870e-03 -8.013174e-02
      vertex 6.740542e-02 -1.044090e-02 -7.990230e-02
    endloop
  endfacet
  facet normal 1.648689e-01 -6.563471e-01 -7.362246e-01
    outer loop
      vertex 8.581924e-02 -3.812805e-03 -8.024102e-02
      vertex 8.690677e-02 -4.559703e-03 -7.933162e-02
      vertex 7.603992e-02 -6.391870e-03 -8.013174e-02
    endloop
  endfacet
  facet normal 1.493955e-01 -9.757802e-01 -1.597937e-01
    outer loop
      vertex 9.775133e-02 -2.704246e-03 -7.849208e-02
      vertex 1.084624e-01 -1.153677e-03 -7.794652e-02
      vertex 1.105806e-01 -1.399766e-03 -7.446342e-02
    endloop
  endfacet
  facet normal 2.287269e-01 -8.487326e-01 -4.767987e-01
    outer loop
      vertex 9.775133e-02 -2.704246e-03 -7.849208e-02
      vertex 9.342332e-02 -7.727367e-03 -7.162680e-02
      vertex 8.908104e-02 -5.814851e-03 -7.711426e-02
    endloop
  endfacet
  facet normal 2.349143e-01 -8.490823e-01 -4.731538e-01
    outer loop
      vertex 9.775133e-02 -2.704246e-03 -7.849208e-02
      vertex 1.105806e-01 -1.399766e-03 -7.446342e-02
      vertex 9.342332e-02 -7.727367e-03 -7.162680e-02
    endloop
  endfacet
  facet normal -1.854189e-01 -9.529072e-01 -2.399746e-01
    outer loop
      vertex 1.633478e-01 -1.029372e-03 -7.431206e-02
      vertex 1.672737e-01 -3.433117e-03 -6.780052e-02
      vertex 1.554554e-01 -8.566087e-04 -6.889997e-02
    endloop
  endfacet
  facet normal 7.359804e-02 -4.096330e-01 -9.092767e-01
    outer loop
      vertex 3.512500e-01 -4.998559e-02 -1.010811e-01
      vertex 3.620405e-01 -2.948460e-02 -1.094435e-01
      vertex 3.726702e-01 -6.513997e-02 -9.252020e-02
    endloop
  endfacet
  facet normal -1.113803e-01 -6.034693e-01 -7.895690e-01
    outer loop
      vertex 3.512500e-01 -4.998559e-02 -1.010811e-01
      vertex 3.726702e-01 -6.513997e-02 -9.252020e-02
      vertex 3.404529e-01 -6.670721e-02 -8.677763e-02
    endloop
  endfacet
  facet normal -1.490217e-01 -5.576231e-01 -8.166082e-01
    outer loop
      vertex 3.512500e-01 -4.998559e-02 -1.010811e-01
      vertex 2.765385e-01 -5.568336e-02 -8.355635e-02
      vertex 2.765385e-01 -3.134794e-02 -1.001739e-01
    endloop
  endfacet
  facet normal -1.416941e-01 -5.890408e-01 -7.955839e-01
    outer loop
      vertex 3.512500e-01 -4.998559e-02 -1.010811e-01
      vertex 3.404529e-01 -6.670721e-02 -8.677763e-02
      vertex 2.765385e-01 -5.568336e-02 -8.355635e-02
    endloop
  endfacet
  facet normal -3.196315e-02 -9.994876e-01 1.707685e-03
    outer loop
      vertex 2.282884e-02 -6.335583e-05 -7.501672e-02
      vertex 2.260865e-02 -5.698331e-05 -7.540842e-02
      vertex 2.393615e-02 -9.891990e-05 -7.510632e-02
    endloop
  endfacet
  facet normal -9.884444e-02 -9.499329e-01 -2.964072e-01
    outer loop
      vertex 2.282884e-02 -6.335583e-05 -7.501672e-02
      vertex 2.304946e-02 -1.762773e-04 -7.472840e-02
      vertex 2.173214e-02 -1.126029e-04 -7.449317e-02
    endloop
  endfacet
  facet normal -5.669775e-02 -9.436061e-01 -3.261792e-01
    outer loop
      vertex 2.282884e-02 -6.335583e-05 -7.501672e-02
      vertex 2.393615e-02 -9.891990e-05 -7.510632e-02
      vertex 2.304946e-02 -1.762773e-04 -7.472840e-02
    endloop
  endfacet
  facet normal -1.940302e-02 -9.997974e-01 -5.358070e-03
    outer loop
      vertex 2.282884e-02 -6.335583e-05 -7.501672e-02
      vertex 2.173214e-02 -4.172504e-05 -7.508149e-02
      vertex 2.260865e-02 -5.698331e-05 -7.540842e-02
    endloop
  endfacet
  facet normal -1.251726e-02 -9.927431e-01 -1.196012e-01
    outer loop
      vertex 2.282884e-02 -6.335583e-05 -7.501672e-02
      vertex 2.173214e-02 -1.126029e-04 -7.449317e-02
      vertex 2.173214e-02 -4.172504e-05 -7.508149e-02
    endloop
  endfacet
  facet normal 2.928587e-03 -9.996591e-01 2.594531e-02
    outer loop
      vertex 2.064625e-02 -4.067903e-04 -7.707315e-02
      vertex 2.000000e-02 -3.987564e-04 -7.669067e-02
      vertex 2.000000e-02 -4.044046e-04 -7.690829e-02
    endloop
  endfacet
  facet normal -3.400614e-02 -9.923187e-01 -1.189420e-01
    outer loop
      vertex 2.064625e-02 -4.067903e-04 -7.707315e-02
      vertex 2.000000e-02 -4.044046e-04 -7.690829e-02
      vertex 2.000000e-02 -3.904442e-04 -7.702476e-02
    endloop
  endfacet
  facet normal -8.710276e-02 -9.779631e-01 1.897400e-01
    outer loop
      vertex 2.064625e-02 -4.067903e-04 -7.707315e-02
      vertex 2.129647e-02 -3.868519e-04 -7.667189e-02
      vertex 2.129647e-02 -3.765851e-04 -7.661897e-02
    endloop
  endfacet
  facet normal 1.456098e-02 -9.988544e-01 4.558269e-02
    outer loop
      vertex 2.064625e-02 -4.067903e-04 -7.707315e-02
      vertex 2.129647e-02 -3.765851e-04 -7.661897e-02
      vertex 2.000000e-02 -3.987564e-04 -7.669067e-02
    endloop
  endfacet
  facet normal -7.355669e-02 -9.830318e-01 1.680411e-01
    outer loop
      vertex 2.064625e-02 -4.067903e-04 -7.707315e-02
      vertex 2.129647e-02 -4.014914e-04 -7.675753e-02
      vertex 2.129647e-02 -3.868519e-04 -7.667189e-02
    endloop
  endfacet
  facet normal -6.092450e-02 -9.879756e-01 1.421000e-01
    outer loop
      vertex 2.064625e-02 -4.067903e-04 -7.707315e-02
      vertex 2.129647e-02 -4.094317e-04 -7.681274e-02
      vertex 2.129647e-02 -4.014914e-04 -7.675753e-02
    endloop
  endfacet
  facet normal -3.739559e-02 -9.853204e-01 -1.665691e-01
    outer loop
      vertex 2.064625e-02 -4.007091e-04 -7.710912e-02
      vertex 2.064625e-02 -4.067903e-04 -7.707315e-02
      vertex 2.000000e-02 -3.904442e-04 -7.702476e-02
    endloop
  endfacet
  facet normal -5.065233e-02 -9.647447e-01 -2.582672e-01
    outer loop
      vertex 2.064625e-02 -3.867755e-04 -7.716521e-02
      vertex 2.000000e-02 -3.904442e-04 -7.702476e-02
      vertex 2.000000e-02 -3.698299e-04 -7.710176e-02
    endloop
  endfacet
  facet normal -4.684014e-02 -9.694318e-01 -2.408486e-01
    outer loop
      vertex 2.064625e-02 -3.867755e-04 -7.716521e-02
      vertex 2.064625e-02 -4.007091e-04 -7.710912e-02
      vertex 2.000000e-02 -3.904442e-04 -7.702476e-02
    endloop
  endfacet
  facet normal -5.699835e-02 -9.426778e-01 -3.288006e-01
    outer loop
      vertex 2.064625e-02 -3.747181e-04 -7.719978e-02
      vertex 2.064625e-02 -3.867755e-04 -7.716521e-02
      vertex 2.000000e-02 -3.698299e-04 -7.710176e-02
    endloop
  endfacet
  facet normal -1.265179e-01 -3.530510e-01 -9.270104e-01
    outer loop
      vertex 2.460552e-02 -3.089779e-04 -7.492834e-02
      vertex 2.527859e-02 -6.442478e-04 -7.489251e-02
      vertex 2.527859e-02 -7.259608e-04 -7.486139e-02
    endloop
  endfacet
  facet normal -1.362966e-01 -3.717485e-01 -9.182735e-01
    outer loop
      vertex 2.460552e-02 -3.089779e-04 -7.492834e-02
      vertex 2.527859e-02 -5.947213e-04 -7.491256e-02
      vertex 2.527859e-02 -6.442478e-04 -7.489251e-02
    endloop
  endfacet
  facet normal -1.436667e-01 -3.886580e-01 -9.101125e-01
    outer loop
      vertex 2.460552e-02 -3.089779e-04 -7.492834e-02
      vertex 2.527859e-02 -5.581861e-04 -7.492816e-02
      vertex 2.527859e-02 -5.947213e-04 -7.491256e-02
    endloop
  endfacet
  facet normal -1.111291e-01 -7.410301e-01 -6.622120e-01
    outer loop
      vertex 2.460552e-02 -3.089779e-04 -7.492834e-02
      vertex 2.349197e-02 -6.363563e-04 -7.437512e-02
      vertex 2.393615e-02 -1.396244e-04 -7.500552e-02
    endloop
  endfacet
  facet normal -2.659914e-01 -4.940255e-01 -8.277605e-01
    outer loop
      vertex 2.460552e-02 -3.089779e-04 -7.492834e-02
      vertex 2.438198e-02 -1.081834e-03 -7.439525e-02
      vertex 2.349197e-02 -6.363563e-04 -7.437512e-02
    endloop
  endfacet
  facet normal -2.310101e-01 -5.062769e-01 -8.308538e-01
    outer loop
      vertex 2.460552e-02 -3.089779e-04 -7.492834e-02
      vertex 2.527859e-02 -7.259608e-04 -7.486139e-02
      vertex 2.438198e-02 -1.081834e-03 -7.439525e-02
    endloop
  endfacet
  facet normal -8.211531e-02 -6.634776e-01 -7.436764e-01
    outer loop
      vertex 2.460552e-02 -2.942178e-04 -7.494151e-02
      vertex 2.460552e-02 -3.089779e-04 -7.492834e-02
      vertex 2.393615e-02 -1.396244e-04 -7.500552e-02
    endloop
  endfacet
  facet normal -8.644369e-02 -6.769453e-01 -7.309395e-01
    outer loop
      vertex 2.460552e-02 -2.852714e-04 -7.494979e-02
      vertex 2.460552e-02 -2.942178e-04 -7.494151e-02
      vertex 2.393615e-02 -1.396244e-04 -7.500552e-02
    endloop
  endfacet
  facet normal -8.915872e-02 -6.860353e-01 -7.220847e-01
    outer loop
      vertex 2.460552e-02 -2.786464e-04 -7.495609e-02
      vertex 2.460552e-02 -2.852714e-04 -7.494979e-02
      vertex 2.393615e-02 -1.396244e-04 -7.500552e-02
    endloop
  endfacet
  facet normal -9.135438e-02 -6.938424e-01 -7.143088e-01
    outer loop
      vertex 2.460552e-02 -2.719073e-04 -7.496263e-02
      vertex 2.460552e-02 -2.786464e-04 -7.495609e-02
      vertex 2.393615e-02 -1.396244e-04 -7.500552e-02
    endloop
  endfacet
  facet normal -1.519040e-01 -9.006502e-01 -4.071294e-01
    outer loop
      vertex 2.460552e-02 -2.719073e-04 -7.496263e-02
      vertex 2.393615e-02 -1.396244e-04 -7.500552e-02
      vertex 2.393615e-02 -1.223805e-04 -7.504366e-02
    endloop
  endfacet
  facet normal -1.599536e-01 -9.157582e-01 -3.685129e-01
    outer loop
      vertex 2.460552e-02 -2.719073e-04 -7.496263e-02
      vertex 2.393615e-02 -1.223805e-04 -7.504366e-02
      vertex 2.393615e-02 -1.125775e-04 -7.506802e-02
    endloop
  endfacet
  facet normal -1.836709e-01 -2.511622e-02 -9.826669e-01
    outer loop
      vertex 4.593726e-02 -4.565554e-03 -7.909693e-02
      vertex 5.053657e-02 -1.193109e-02 -7.976833e-02
      vertex 4.241655e-02 -1.131878e-02 -7.826627e-02
    endloop
  endfacet
  facet normal 4.873815e-02 -3.314025e-01 -9.422298e-01
    outer loop
      vertex 8.527544e-02 -3.450890e-03 -8.068842e-02
      vertex 7.603992e-02 -6.391870e-03 -8.013174e-02
      vertex 7.495631e-02 -5.258395e-03 -8.058646e-02
    endloop
  endfacet
  facet normal 1.655091e-01 -6.586803e-01 -7.339939e-01
    outer loop
      vertex 8.527544e-02 -3.450890e-03 -8.068842e-02
      vertex 8.581924e-02 -3.812805e-03 -8.024102e-02
      vertex 7.603992e-02 -6.391870e-03 -8.013174e-02
    endloop
  endfacet
  facet normal 1.643561e-01 -7.806055e-01 -6.030275e-01
    outer loop
      vertex 9.721135e-02 -2.513530e-03 -7.917181e-02
      vertex 8.908104e-02 -5.814851e-03 -7.711426e-02
      vertex 8.690677e-02 -4.559703e-03 -7.933162e-02
    endloop
  endfacet
  facet normal 2.418908e-01 -8.671078e-01 -4.354456e-01
    outer loop
      vertex 9.721135e-02 -2.513530e-03 -7.917181e-02
      vertex 9.775133e-02 -2.704246e-03 -7.849208e-02
      vertex 8.908104e-02 -5.814851e-03 -7.711426e-02
    endloop
  endfacet
  facet normal -2.484566e-02 -9.976190e-01 -6.433448e-02
    outer loop
      vertex 1.515563e-01 3.913332e-04 -7.949279e-02
      vertex 1.354182e-01 -4.201554e-05 -6.654049e-02
      vertex 1.313461e-01 5.594159e-04 -7.429415e-02
    endloop
  endfacet
  facet normal -5.193911e-02 -9.938335e-01 -9.796537e-02
    outer loop
      vertex 1.515563e-01 3.913332e-04 -7.949279e-02
      vertex 1.554554e-01 -8.566087e-04 -6.889997e-02
      vertex 1.354182e-01 -4.201554e-05 -6.654049e-02
    endloop
  endfacet
  facet normal -8.139922e-02 -9.928765e-01 -8.700861e-02
    outer loop
      vertex 1.515563e-01 3.913332e-04 -7.949279e-02
      vertex 1.633478e-01 -1.029372e-03 -7.431206e-02
      vertex 1.554554e-01 -8.566087e-04 -6.889997e-02
    endloop
  endfacet
  facet normal -1.989896e-01 -9.522537e-01 -2.315513e-01
    outer loop
      vertex 1.727224e-01 -1.558111e-03 -8.019397e-02
      vertex 1.672737e-01 -3.433117e-03 -6.780052e-02
      vertex 1.633478e-01 -1.029372e-03 -7.431206e-02
    endloop
  endfacet
  facet normal -1.854333e-01 -9.562681e-01 -2.261987e-01
    outer loop
      vertex 1.834319e-01 -3.476982e-03 -8.086125e-02
      vertex 1.672737e-01 -3.433117e-03 -6.780052e-02
      vertex 1.727224e-01 -1.558111e-03 -8.019397e-02
    endloop
  endfacet
  facet normal -2.834740e-01 -8.937264e-01 -3.477006e-01
    outer loop
      vertex 1.834319e-01 -3.476982e-03 -8.086125e-02
      vertex 1.945175e-01 -7.674398e-03 -7.911013e-02
      vertex 1.672737e-01 -3.433117e-03 -6.780052e-02
    endloop
  endfacet
  facet normal -3.616038e-01 -7.813687e-01 -5.086311e-01
    outer loop
      vertex 1.989455e-01 -6.909413e-03 -8.343334e-02
      vertex 1.983927e-01 -1.241430e-02 -7.458363e-02
      vertex 1.945175e-01 -7.674398e-03 -7.911013e-02
    endloop
  endfacet
  facet normal -1.717071e-01 -8.997604e-01 -4.011831e-01
    outer loop
      vertex 2.032263e-02 -2.679326e-04 -7.730076e-02
      vertex 2.064625e-02 -3.603524e-04 -7.723199e-02
      vertex 2.064625e-02 -3.747181e-04 -7.719978e-02
    endloop
  endfacet
  facet normal -1.439148e-01 -8.635420e-01 -4.833050e-01
    outer loop
      vertex 2.032263e-02 -2.679326e-04 -7.730076e-02
      vertex 2.064625e-02 -3.436524e-04 -7.726183e-02
      vertex 2.064625e-02 -3.603524e-04 -7.723199e-02
    endloop
  endfacet
  facet normal 3.348736e-02 -9.105801e-01 -4.119739e-01
    outer loop
      vertex 2.032263e-02 -2.679326e-04 -7.730076e-02
      vertex 2.000000e-02 -3.698299e-04 -7.710176e-02
      vertex 2.000000e-02 -3.386052e-04 -7.717078e-02
    endloop
  endfacet
  facet normal -5.225103e-02 -8.171842e-01 -5.740034e-01
    outer loop
      vertex 2.032263e-02 -2.679326e-04 -7.730076e-02
      vertex 2.000000e-02 -3.386052e-04 -7.717078e-02
      vertex 2.000000e-02 -3.042004e-04 -7.721976e-02
    endloop
  endfacet
  facet normal -1.203337e-01 -6.345930e-01 -7.634209e-01
    outer loop
      vertex 2.032263e-02 -2.679326e-04 -7.730076e-02
      vertex 2.000000e-02 -3.042004e-04 -7.721976e-02
      vertex 2.000000e-02 -2.284708e-04 -7.728271e-02
    endloop
  endfacet
  facet normal -9.239349e-02 -8.175369e-01 -5.684161e-01
    outer loop
      vertex 2.032263e-02 -2.679326e-04 -7.730076e-02
      vertex 2.064625e-02 -3.747181e-04 -7.719978e-02
      vertex 2.000000e-02 -3.698299e-04 -7.710176e-02
    endloop
  endfacet
  facet normal -1.154081e-01 -5.720854e-01 -8.120340e-01
    outer loop
      vertex 2.032263e-02 -2.407833e-04 -7.731989e-02
      vertex 2.032263e-02 -2.679326e-04 -7.730076e-02
      vertex 2.000000e-02 -2.284708e-04 -7.728271e-02
    endloop
  endfacet
  facet normal -3.640191e-02 -5.755520e-01 -8.169546e-01
    outer loop
      vertex 2.032263e-02 -2.407833e-04 -7.731989e-02
      vertex 2.064625e-02 -3.436524e-04 -7.726183e-02
      vertex 2.032263e-02 -2.679326e-04 -7.730076e-02
    endloop
  endfacet
  facet normal -3.941875e-02 -9.697427e-01 -2.409258e-01
    outer loop
      vertex 2.097087e-02 -4.111635e-04 -7.712016e-02
      vertex 2.064625e-02 -4.007091e-04 -7.710912e-02
      vertex 2.064625e-02 -3.867755e-04 -7.716521e-02
    endloop
  endfacet
  facet normal -2.522282e-02 -9.439124e-01 -3.292312e-01
    outer loop
      vertex 2.097087e-02 -4.111635e-04 -7.712016e-02
      vertex 2.064625e-02 -3.867755e-04 -7.716521e-02
      vertex 2.064625e-02 -3.747181e-04 -7.719978e-02
    endloop
  endfacet
  facet normal -1.060045e-01 -9.873587e-01 1.178378e-01
    outer loop
      vertex 2.097087e-02 -4.111635e-04 -7.712016e-02
      vertex 2.129647e-02 -4.158319e-04 -7.686636e-02
      vertex 2.129647e-02 -4.094317e-04 -7.681274e-02
    endloop
  endfacet
  facet normal -8.547317e-02 -9.921385e-01 9.140894e-02
    outer loop
      vertex 2.097087e-02 -4.111635e-04 -7.712016e-02
      vertex 2.129647e-02 -4.206195e-04 -7.691833e-02
      vertex 2.129647e-02 -4.158319e-04 -7.686636e-02
    endloop
  endfacet
  facet normal -1.097098e-02 -9.997910e-01 1.725224e-02
    outer loop
      vertex 2.097087e-02 -4.111635e-04 -7.712016e-02
      vertex 2.129647e-02 -4.094317e-04 -7.681274e-02
      vertex 2.064625e-02 -4.067903e-04 -7.707315e-02
    endloop
  endfacet
  facet normal -3.739343e-02 -9.853205e-01 -1.665692e-01
    outer loop
      vertex 2.097087e-02 -4.111635e-04 -7.712016e-02
      vertex 2.064625e-02 -4.067903e-04 -7.707315e-02
      vertex 2.064625e-02 -4.007091e-04 -7.710912e-02
    endloop
  endfacet
  facet normal -1.293198e-01 -3.962043e-01 -9.090097e-01
    outer loop
      vertex 2.032263e-02 -2.109138e-04 -7.733626e-02
      vertex 2.000000e-02 -2.284708e-04 -7.728271e-02
      vertex 2.000000e-02 -1.642308e-04 -7.731071e-02
    endloop
  endfacet
  facet normal -1.067105e-01 -2.049630e-01 -9.729353e-01
    outer loop
      vertex 2.032263e-02 -2.109138e-04 -7.733626e-02
      vertex 2.000000e-02 -1.642308e-04 -7.731071e-02
      vertex 2.000000e-02 -8.817756e-05 -7.732673e-02
    endloop
  endfacet
  facet normal -4.554385e-02 -4.222810e-02 -9.980694e-01
    outer loop
      vertex 2.032263e-02 -2.109138e-04 -7.733626e-02
      vertex 2.000000e-02 -8.817756e-05 -7.732673e-02
      vertex 2.000000e-02 0.000000e+00 -7.733046e-02
    endloop
  endfacet
  facet normal -1.185525e-01 -4.772755e-01 -8.707201e-01
    outer loop
      vertex 2.032263e-02 -2.109138e-04 -7.733626e-02
      vertex 2.032263e-02 -2.407833e-04 -7.731989e-02
      vertex 2.000000e-02 -2.284708e-04 -7.728271e-02
    endloop
  endfacet
  facet normal 4.512946e-03 -4.806603e-01 -8.768952e-01
    outer loop
      vertex 2.032263e-02 -2.109138e-04 -7.733626e-02
      vertex 2.064625e-02 -3.436524e-04 -7.726183e-02
      vertex 2.032263e-02 -2.407833e-04 -7.731989e-02
    endloop
  endfacet
  facet normal -2.560221e-01 -4.637166e-01 -8.481861e-01
    outer loop
      vertex 3.638983e-02 -3.496035e-03 -7.735110e-02
      vertex 3.079029e-02 -3.803514e-03 -7.549279e-02
      vertex 3.079029e-02 -3.759654e-03 -7.551677e-02
    endloop
  endfacet
  facet normal -2.545103e-01 -4.710034e-01 -8.446184e-01
    outer loop
      vertex 3.638983e-02 -3.496035e-03 -7.735110e-02
      vertex 3.079029e-02 -3.759654e-03 -7.551677e-02
      vertex 3.079029e-02 -3.726969e-03 -7.553500e-02
    endloop
  endfacet
  facet normal -2.534335e-01 -4.762945e-01 -8.419709e-01
    outer loop
      vertex 3.638983e-02 -3.496035e-03 -7.735110e-02
      vertex 3.079029e-02 -3.726969e-03 -7.553500e-02
      vertex 3.079029e-02 -3.693495e-03 -7.555393e-02
    endloop
  endfacet
  facet normal -2.526692e-01 -4.801430e-01 -8.400125e-01
    outer loop
      vertex 3.638983e-02 -3.496035e-03 -7.735110e-02
      vertex 3.079029e-02 -3.693495e-03 -7.555393e-02
      vertex 3.079029e-02 -3.665691e-03 -7.556982e-02
    endloop
  endfacet
  facet normal -3.023558e-01 -1.662606e-01 -9.385832e-01
    outer loop
      vertex 3.675352e-02 -3.730311e-03 -7.742676e-02
      vertex 3.079029e-02 -3.803514e-03 -7.549279e-02
      vertex 3.638983e-02 -3.496035e-03 -7.735110e-02
    endloop
  endfacet
  facet normal -1.761649e-01 2.923017e-01 -9.399604e-01
    outer loop
      vertex 3.675352e-02 -3.730311e-03 -7.742676e-02
      vertex 4.216711e-02 -1.729398e-03 -7.781913e-02
      vertex 4.291628e-02 -2.411386e-03 -7.817162e-02
    endloop
  endfacet
  facet normal -1.811934e-01 -2.646002e-02 -9.830915e-01
    outer loop
      vertex 3.675352e-02 -3.730311e-03 -7.742676e-02
      vertex 4.593726e-02 -4.565554e-03 -7.909693e-02
      vertex 4.241655e-02 -1.131878e-02 -7.826627e-02
    endloop
  endfacet
  facet normal -1.584642e-01 1.936530e-01 -9.681878e-01
    outer loop
      vertex 3.675352e-02 -3.730311e-03 -7.742676e-02
      vertex 4.291628e-02 -2.411386e-03 -7.817162e-02
      vertex 4.593726e-02 -4.565554e-03 -7.909693e-02
    endloop
  endfacet
  facet normal -2.997083e-01 -2.044535e-01 -9.318657e-01
    outer loop
      vertex 3.675352e-02 -3.730311e-03 -7.742676e-02
      vertex 3.458235e-02 -9.745919e-03 -7.540862e-02
      vertex 3.079029e-02 -3.803514e-03 -7.549279e-02
    endloop
  endfacet
  facet normal -1.958935e-01 1.256452e-02 -9.805447e-01
    outer loop
      vertex 3.675352e-02 -3.730311e-03 -7.742676e-02
      vertex 3.638983e-02 -3.496035e-03 -7.735110e-02
      vertex 3.638983e-02 -3.460906e-03 -7.735065e-02
    endloop
  endfacet
  facet normal -3.680514e-01 -1.736100e-01 -9.134538e-01
    outer loop
      vertex 3.675352e-02 -3.730311e-03 -7.742676e-02
      vertex 4.241655e-02 -1.131878e-02 -7.826627e-02
      vertex 3.458235e-02 -9.745919e-03 -7.540862e-02
    endloop
  endfacet
  facet normal -1.895829e-01 2.139087e-02 -9.816317e-01
    outer loop
      vertex 3.638983e-02 -3.434297e-03 -7.735007e-02
      vertex 3.675352e-02 -3.730311e-03 -7.742676e-02
      vertex 3.638983e-02 -3.460906e-03 -7.735065e-02
    endloop
  endfacet
  facet normal -1.837652e-01 2.877623e-02 -9.825489e-01
    outer loop
      vertex 3.638983e-02 -3.406684e-03 -7.734926e-02
      vertex 3.675352e-02 -3.730311e-03 -7.742676e-02
      vertex 3.638983e-02 -3.434297e-03 -7.735007e-02
    endloop
  endfacet
  facet normal -1.776116e-01 3.590648e-02 -9.834454e-01
    outer loop
      vertex 3.638983e-02 -3.383489e-03 -7.734841e-02
      vertex 3.675352e-02 -3.730311e-03 -7.742676e-02
      vertex 3.638983e-02 -3.406684e-03 -7.734926e-02
    endloop
  endfacet
  facet normal -7.370399e-02 3.451331e-02 -9.966828e-01
    outer loop
      vertex 6.794231e-02 -3.966970e-03 -8.104108e-02
      vertex 6.312746e-02 -5.000905e-03 -8.072083e-02
      vertex 6.206328e-02 -3.312519e-03 -8.058367e-02
    endloop
  endfacet
  facet normal 3.142914e-02 -1.756858e-01 -9.839445e-01
    outer loop
      vertex 6.794231e-02 -3.966970e-03 -8.104108e-02
      vertex 7.495631e-02 -5.258395e-03 -8.058646e-02
      vertex 6.740542e-02 -1.044090e-02 -7.990230e-02
    endloop
  endfacet
  facet normal -1.722549e-02 -4.139553e-01 -9.101342e-01
    outer loop
      vertex 6.794231e-02 -3.966970e-03 -8.104108e-02
      vertex 7.387370e-02 -4.177219e-03 -8.105772e-02
      vertex 7.495631e-02 -5.258395e-03 -8.058646e-02
    endloop
  endfacet
  facet normal -2.881851e-02 -1.708530e-01 -9.848750e-01
    outer loop
      vertex 6.794231e-02 -3.966970e-03 -8.104108e-02
      vertex 6.740542e-02 -1.044090e-02 -7.990230e-02
      vertex 6.312746e-02 -5.000905e-03 -8.072083e-02
    endloop
  endfacet
  facet normal -1.648598e-02 -3.923381e-01 -9.196733e-01
    outer loop
      vertex 7.360322e-02 -3.900152e-03 -8.117107e-02
      vertex 7.387370e-02 -4.177219e-03 -8.105772e-02
      vertex 6.794231e-02 -3.966970e-03 -8.104108e-02
    endloop
  endfacet
  facet normal 8.705222e-02 -9.886078e-01 -1.227869e-01
    outer loop
      vertex 1.192711e-01 -8.523161e-05 -7.888602e-02
      vertex 1.105806e-01 -1.399766e-03 -7.446342e-02
      vertex 1.084624e-01 -1.153677e-03 -7.794652e-02
    endloop
  endfacet
  facet normal 9.425186e-02 -9.895715e-01 -1.089260e-01
    outer loop
      vertex 1.192711e-01 -8.523161e-05 -7.888602e-02
      vertex 1.313461e-01 5.594159e-04 -7.429415e-02
      vertex 1.105806e-01 -1.399766e-03 -7.446342e-02
    endloop
  endfacet
  facet normal -2.616937e-01 -8.675717e-01 -4.228896e-01
    outer loop
      vertex 1.931666e-01 -4.597640e-03 -8.458627e-02
      vertex 1.945175e-01 -7.674398e-03 -7.911013e-02
      vertex 1.834319e-01 -3.476982e-03 -8.086125e-02
    endloop
  endfacet
  facet normal -2.627021e-01 -8.674276e-01 -4.225599e-01
    outer loop
      vertex 1.931666e-01 -4.597640e-03 -8.458627e-02
      vertex 1.989455e-01 -6.909413e-03 -8.343334e-02
      vertex 1.945175e-01 -7.674398e-03 -7.911013e-02
    endloop
  endfacet
  facet normal -2.938692e-01 -8.184200e-01 -4.937911e-01
    outer loop
      vertex 2.089065e-01 -8.358789e-03 -8.695920e-02
      vertex 1.989455e-01 -6.909413e-03 -8.343334e-02
      vertex 2.035801e-01 -6.919794e-03 -8.617431e-02
    endloop
  endfacet
  facet normal -2.997508e-01 -8.015704e-01 -5.173338e-01
    outer loop
      vertex 2.089065e-01 -8.358789e-03 -8.695920e-02
      vertex 1.983927e-01 -1.241430e-02 -7.458363e-02
      vertex 1.989455e-01 -6.909413e-03 -8.343334e-02
    endloop
  endfacet
  facet normal -9.083404e-02 -3.347666e-01 -9.379129e-01
    outer loop
      vertex 3.396121e-01 -2.398154e-02 -1.092355e-01
      vertex 3.620405e-01 -2.948460e-02 -1.094435e-01
      vertex 3.512500e-01 -4.998559e-02 -1.010811e-01
    endloop
  endfacet
  facet normal -1.012709e-01 -2.998054e-01 -9.486100e-01
    outer loop
      vertex 3.396121e-01 -2.398154e-02 -1.092355e-01
      vertex 2.765385e-01 -3.134794e-02 -1.001739e-01
      vertex 2.766793e-01 -2.566398e-02 -1.019853e-01
    endloop
  endfacet
  facet normal -9.530551e-02 -3.364406e-01 -9.368696e-01
    outer loop
      vertex 3.396121e-01 -2.398154e-02 -1.092355e-01
      vertex 3.512500e-01 -4.998559e-02 -1.010811e-01
      vertex 2.765385e-01 -3.134794e-02 -1.001739e-01
    endloop
  endfacet
  facet normal -2.088343e-02 -1.527769e-01 -9.880400e-01
    outer loop
      vertex 7.335192e-02 -2.999721e-03 -8.130499e-02
      vertex 7.360322e-02 -3.900152e-03 -8.117107e-02
      vertex 6.794231e-02 -3.966970e-03 -8.104108e-02
    endloop
  endfacet
  facet normal 1.084768e-01 -9.288145e-01 -3.543112e-01
    outer loop
      vertex 9.086555e-02 -2.609143e-03 -8.086401e-02
      vertex 9.694125e-02 -2.417605e-03 -7.950597e-02
      vertex 9.721135e-02 -2.513530e-03 -7.917181e-02
    endloop
  endfacet
  facet normal 8.569980e-02 -7.172269e-01 -6.915498e-01
    outer loop
      vertex 9.086555e-02 -2.609143e-03 -8.086401e-02
      vertex 8.690677e-02 -4.559703e-03 -7.933162e-02
      vertex 8.581924e-02 -3.812805e-03 -8.024102e-02
    endloop
  endfacet
  facet normal 1.670998e-01 -7.960924e-01 -5.816482e-01
    outer loop
      vertex 9.086555e-02 -2.609143e-03 -8.086401e-02
      vertex 9.721135e-02 -2.513530e-03 -7.917181e-02
      vertex 8.690677e-02 -4.559703e-03 -7.933162e-02
    endloop
  endfacet
  facet normal 1.001537e-01 -9.947513e-01 2.095462e-02
    outer loop
      vertex 1.190292e-01 -1.357021e-04 -8.012574e-02
      vertex 1.192711e-01 -8.523161e-05 -7.888602e-02
      vertex 1.084624e-01 -1.153677e-03 -7.794652e-02
    endloop
  endfacet
  facet normal 7.351989e-02 -9.915692e-01 -1.067023e-01
    outer loop
      vertex 1.190292e-01 -1.357021e-04 -8.012574e-02
      vertex 1.084624e-01 -1.153677e-03 -7.794652e-02
      vertex 1.079691e-01 -9.615342e-04 -8.007197e-02
    endloop
  endfacet
  facet normal -3.920823e-01 -6.986870e-01 -5.984212e-01
    outer loop
      vertex 2.137669e-01 -8.876277e-03 -8.878756e-02
      vertex 2.352456e-01 -1.979530e-02 -9.011176e-02
      vertex 1.983927e-01 -1.241430e-02 -7.458363e-02
    endloop
  endfacet
  facet normal -2.764576e-01 -8.187678e-01 -5.031804e-01
    outer loop
      vertex 2.137669e-01 -8.876277e-03 -8.878756e-02
      vertex 1.983927e-01 -1.241430e-02 -7.458363e-02
      vertex 2.089065e-01 -8.358789e-03 -8.695920e-02
    endloop
  endfacet
  facet normal -2.827494e-01 -5.057830e-01 -8.150070e-01
    outer loop
      vertex 2.442106e-01 -1.373308e-02 -9.698414e-02
      vertex 2.352456e-01 -1.979530e-02 -9.011176e-02
      vertex 2.344099e-01 -1.377456e-02 -9.355824e-02
    endloop
  endfacet
  facet normal -3.110459e-01 -3.381845e-01 -8.881901e-01
    outer loop
      vertex 2.650952e-01 -1.813101e-02 -1.011989e-01
      vertex 2.765385e-01 -3.134794e-02 -1.001739e-01
      vertex 2.352456e-01 -1.979530e-02 -9.011176e-02
    endloop
  endfacet
  facet normal -2.726091e-01 -5.168303e-01 -8.115237e-01
    outer loop
      vertex 2.650952e-01 -1.813101e-02 -1.011989e-01
      vertex 2.352456e-01 -1.979530e-02 -9.011176e-02
      vertex 2.442106e-01 -1.373308e-02 -9.698414e-02
    endloop
  endfacet
  facet normal -2.502569e-01 -2.883492e-01 -9.242436e-01
    outer loop
      vertex 2.650952e-01 -1.813101e-02 -1.011989e-01
      vertex 2.766793e-01 -2.566398e-02 -1.019853e-01
      vertex 2.765385e-01 -3.134794e-02 -1.001739e-01
    endloop
  endfacet
  facet normal -1.123463e-01 -6.927768e-02 -9.912512e-01
    outer loop
      vertex 2.650952e-01 -1.813101e-02 -1.011989e-01
      vertex 3.396121e-01 -2.398154e-02 -1.092355e-01
      vertex 2.766793e-01 -2.566398e-02 -1.019853e-01
    endloop
  endfacet
  facet normal -4.040008e-01 -5.774021e-01 -7.094999e-01
    outer loop
      vertex 2.889974e-02 -2.661274e-03 -7.534586e-02
      vertex 3.079029e-02 -3.803514e-03 -7.549279e-02
      vertex 2.709111e-02 -2.967885e-03 -7.406647e-02
    endloop
  endfacet
  facet normal -3.370730e-01 -4.516317e-01 -8.260815e-01
    outer loop
      vertex 2.889974e-02 -2.661274e-03 -7.534586e-02
      vertex 3.079029e-02 -3.759654e-03 -7.551677e-02
      vertex 3.079029e-02 -3.803514e-03 -7.549279e-02
    endloop
  endfacet
  facet normal -3.403185e-01 -4.579703e-01 -8.212469e-01
    outer loop
      vertex 2.889974e-02 -2.661274e-03 -7.534586e-02
      vertex 3.079029e-02 -3.726969e-03 -7.553500e-02
      vertex 3.079029e-02 -3.759654e-03 -7.551677e-02
    endloop
  endfacet
  facet normal -3.425634e-01 -4.625780e-01 -8.177236e-01
    outer loop
      vertex 2.889974e-02 -2.661274e-03 -7.534586e-02
      vertex 3.079029e-02 -3.693495e-03 -7.555393e-02
      vertex 3.079029e-02 -3.726969e-03 -7.553500e-02
    endloop
  endfacet
  facet normal -3.441157e-01 -4.659377e-01 -8.151604e-01
    outer loop
      vertex 2.889974e-02 -2.661274e-03 -7.534586e-02
      vertex 3.079029e-02 -3.665691e-03 -7.556982e-02
      vertex 3.079029e-02 -3.693495e-03 -7.555393e-02
    endloop
  endfacet
  facet normal -4.037410e-01 -5.778910e-01 -7.092497e-01
    outer loop
      vertex 2.889974e-02 -2.661274e-03 -7.534586e-02
      vertex 2.709111e-02 -2.967885e-03 -7.406647e-02
      vertex 2.527859e-02 -7.259608e-04 -7.486139e-02
    endloop
  endfacet
  facet normal 1.700074e-02 -9.997462e-01 -1.478519e-02
    outer loop
      vertex 2.499770e-02 -6.939790e-05 -7.588191e-02
      vertex 2.393615e-02 -9.891990e-05 -7.510632e-02
      vertex 2.260865e-02 -1.120739e-04 -7.574329e-02
    endloop
  endfacet
  facet normal 2.467106e-02 -9.660231e-01 2.572757e-01
    outer loop
      vertex 2.499770e-02 -6.939790e-05 -7.588191e-02
      vertex 2.539112e-02 -4.620091e-04 -7.739382e-02
      vertex 2.709111e-02 -4.798987e-05 -7.600227e-02
    endloop
  endfacet
  facet normal -1.543968e-01 -9.635271e-01 2.185799e-01
    outer loop
      vertex 2.499770e-02 -6.939790e-05 -7.588191e-02
      vertex 2.505383e-02 -4.729684e-04 -7.762125e-02
      vertex 2.522236e-02 -4.762301e-04 -7.751659e-02
    endloop
  endfacet
  facet normal -8.530128e-02 -9.695460e-01 2.295740e-01
    outer loop
      vertex 2.499770e-02 -6.939790e-05 -7.588191e-02
      vertex 2.522236e-02 -4.762301e-04 -7.751659e-02
      vertex 2.539112e-02 -4.620091e-04 -7.739382e-02
    endloop
  endfacet
  facet normal -2.380926e-01 -3.456758e-01 -9.076454e-01
    outer loop
      vertex 2.635171e-02 -2.421469e-04 -7.532715e-02
      vertex 2.527859e-02 -7.259608e-04 -7.486139e-02
      vertex 2.527859e-02 -6.442478e-04 -7.489251e-02
    endloop
  endfacet
  facet normal -2.286011e-01 -3.653138e-01 -9.023788e-01
    outer loop
      vertex 2.635171e-02 -2.421469e-04 -7.532715e-02
      vertex 2.527859e-02 -6.442478e-04 -7.489251e-02
      vertex 2.527859e-02 -5.947213e-04 -7.491256e-02
    endloop
  endfacet
  facet normal -2.378016e-01 3.543993e-02 -9.706670e-01
    outer loop
      vertex 3.076101e-02 -2.865282e-03 -7.595050e-02
      vertex 3.638983e-02 -3.383489e-03 -7.734841e-02
      vertex 3.638983e-02 -3.406684e-03 -7.734926e-02
    endloop
  endfacet
  facet normal -2.631589e-01 -4.221927e-01 -8.674680e-01
    outer loop
      vertex 3.076101e-02 -2.865282e-03 -7.595050e-02
      vertex 3.638983e-02 -3.496035e-03 -7.735110e-02
      vertex 3.079029e-02 -3.665691e-03 -7.556982e-02
    endloop
  endfacet
  facet normal -2.401321e-01 1.243786e-02 -9.706605e-01
    outer loop
      vertex 3.076101e-02 -2.865282e-03 -7.595050e-02
      vertex 3.638983e-02 -3.460906e-03 -7.735065e-02
      vertex 3.638983e-02 -3.496035e-03 -7.735110e-02
    endloop
  endfacet
  facet normal -3.624470e-02 -7.487431e-02 -9.965341e-01
    outer loop
      vertex 3.076101e-02 -2.865282e-03 -7.595050e-02
      vertex 3.073175e-02 -1.744502e-03 -7.603365e-02
      vertex 3.243830e-02 -4.288578e-04 -7.619456e-02
    endloop
  endfacet
  facet normal -2.392279e-01 2.115338e-02 -9.707330e-01
    outer loop
      vertex 3.076101e-02 -2.865282e-03 -7.595050e-02
      vertex 3.638983e-02 -3.434297e-03 -7.735007e-02
      vertex 3.638983e-02 -3.460906e-03 -7.735065e-02
    endloop
  endfacet
  facet normal -3.218732e-01 -4.162169e-01 -8.503888e-01
    outer loop
      vertex 3.076101e-02 -2.865282e-03 -7.595050e-02
      vertex 3.079029e-02 -3.665691e-03 -7.556982e-02
      vertex 2.889974e-02 -2.661274e-03 -7.534586e-02
    endloop
  endfacet
  facet normal -3.157725e-01 -7.839331e-02 -9.455909e-01
    outer loop
      vertex 3.076101e-02 -2.865282e-03 -7.595050e-02
      vertex 2.889974e-02 -2.661274e-03 -7.534586e-02
      vertex 3.073175e-02 -1.744502e-03 -7.603365e-02
    endloop
  endfacet
  facet normal -2.384911e-01 2.843004e-02 -9.707284e-01
    outer loop
      vertex 3.076101e-02 -2.865282e-03 -7.595050e-02
      vertex 3.638983e-02 -3.406684e-03 -7.734926e-02
      vertex 3.638983e-02 -3.434297e-03 -7.735007e-02
    endloop
  endfacet
  facet normal -1.677636e-02 -7.050511e-01 -7.089580e-01
    outer loop
      vertex 2.769134e-02 -1.096479e-04 -7.571459e-02
      vertex 2.794939e-02 -1.815191e-04 -7.564922e-02
      vertex 2.794939e-02 -2.094977e-04 -7.562140e-02
    endloop
  endfacet
  facet normal -4.311477e-02 -7.525130e-01 -6.571646e-01
    outer loop
      vertex 2.769134e-02 -1.096479e-04 -7.571459e-02
      vertex 2.794939e-02 -1.654754e-04 -7.566759e-02
      vertex 2.794939e-02 -1.815191e-04 -7.564922e-02
    endloop
  endfacet
  facet normal -2.466978e-02 -9.465759e-01 -3.215360e-01
    outer loop
      vertex 2.769134e-02 -1.096479e-04 -7.571459e-02
      vertex 2.743377e-02 -5.587732e-05 -7.585313e-02
      vertex 2.777730e-02 -1.024473e-04 -7.574239e-02
    endloop
  endfacet
  facet normal -5.627176e-02 -7.823205e-01 -6.203290e-01
    outer loop
      vertex 2.769134e-02 -1.096479e-04 -7.571459e-02
      vertex 2.794939e-02 -1.540658e-04 -7.568198e-02
      vertex 2.794939e-02 -1.654754e-04 -7.566759e-02
    endloop
  endfacet
  facet normal -8.677524e-02 -8.658537e-01 -4.927144e-01
    outer loop
      vertex 2.769134e-02 -1.096479e-04 -7.571459e-02
      vertex 2.777730e-02 -1.024473e-04 -7.574239e-02
      vertex 2.794939e-02 -1.540658e-04 -7.568198e-02
    endloop
  endfacet
  facet normal -3.015549e-01 -1.080887e-01 -9.473022e-01
    outer loop
      vertex 2.933385e-02 -8.367095e-04 -7.569223e-02
      vertex 3.073175e-02 -1.744502e-03 -7.603365e-02
      vertex 2.889974e-02 -2.661274e-03 -7.534586e-02
    endloop
  endfacet
  facet normal 4.983209e-02 -9.922639e-01 -1.137067e-01
    outer loop
      vertex 2.913110e-02 -4.510388e-05 -7.626492e-02
      vertex 2.930486e-02 -4.879114e-05 -7.615659e-02
      vertex 2.930486e-02 -5.011742e-05 -7.614502e-02
    endloop
  endfacet
  facet normal 6.256108e-02 -9.892697e-01 -1.320284e-01
    outer loop
      vertex 2.913110e-02 -4.510388e-05 -7.626492e-02
      vertex 2.930486e-02 -5.011742e-05 -7.614502e-02
      vertex 2.930486e-02 -5.214368e-05 -7.612984e-02
    endloop
  endfacet
  facet normal -7.318321e-02 -9.938117e-01 8.356198e-02
    outer loop
      vertex 2.913110e-02 -4.510388e-05 -7.626492e-02
      vertex 3.032266e-02 -2.050594e-04 -7.712373e-02
      vertex 2.930486e-02 -4.879114e-05 -7.615659e-02
    endloop
  endfacet
  facet normal 8.472298e-02 -9.834367e-01 -1.602320e-01
    outer loop
      vertex 2.913110e-02 -4.510388e-05 -7.626492e-02
      vertex 2.930486e-02 -5.214368e-05 -7.612984e-02
      vertex 2.930486e-02 -5.604814e-05 -7.610587e-02
    endloop
  endfacet
  facet normal -3.710926e-02 -9.904234e-01 1.329824e-01
    outer loop
      vertex 2.904430e-02 -5.004148e-05 -7.632592e-02
      vertex 3.032266e-02 -2.050594e-04 -7.712373e-02
      vertex 2.913110e-02 -4.510388e-05 -7.626492e-02
    endloop
  endfacet
  facet normal -1.954742e-01 6.696768e-02 -9.784197e-01
    outer loop
      vertex 3.070250e-02 -4.377777e-04 -7.593836e-02
      vertex 3.073175e-02 -1.744502e-03 -7.603365e-02
      vertex 2.933385e-02 -8.367095e-04 -7.569223e-02
    endloop
  endfacet
  facet normal -5.752393e-02 7.132314e-02 -9.957932e-01
    outer loop
      vertex 3.105396e-02 -6.692269e-04 -7.597524e-02
      vertex 3.073175e-02 -1.744502e-03 -7.603365e-02
      vertex 3.070250e-02 -4.377777e-04 -7.593836e-02
    endloop
  endfacet
  facet normal -1.733954e-01 1.051443e-01 -9.792235e-01
    outer loop
      vertex 3.105396e-02 -6.692269e-04 -7.597524e-02
      vertex 3.243830e-02 -4.288578e-04 -7.619456e-02
      vertex 3.073175e-02 -1.744502e-03 -7.603365e-02
    endloop
  endfacet
  facet normal -1.291704e-01 9.907038e-02 -9.866611e-01
    outer loop
      vertex 5.384799e-02 -1.580717e-03 -7.916257e-02
      vertex 6.312746e-02 -5.000905e-03 -8.072083e-02
      vertex 5.053657e-02 -1.193109e-02 -7.976833e-02
    endloop
  endfacet
  facet normal -1.768153e-01 -3.152887e-02 -9.837389e-01
    outer loop
      vertex 5.384799e-02 -1.580717e-03 -7.916257e-02
      vertex 6.206328e-02 -3.312519e-03 -8.058367e-02
      vertex 6.312746e-02 -5.000905e-03 -8.072083e-02
    endloop
  endfacet
  facet normal -3.444759e-02 6.937038e-02 -9.969960e-01
    outer loop
      vertex 5.384799e-02 -1.580717e-03 -7.916257e-02
      vertex 5.053657e-02 -1.193109e-02 -7.976833e-02
      vertex 4.593726e-02 -4.565554e-03 -7.909693e-02
    endloop
  endfacet
  facet normal -1.084419e-01 2.663407e-01 -9.577594e-01
    outer loop
      vertex 5.384799e-02 -1.580717e-03 -7.916257e-02
      vertex 4.593726e-02 -4.565554e-03 -7.909693e-02
      vertex 4.810853e-02 -4.999014e-04 -7.821217e-02
    endloop
  endfacet
  facet normal -1.079734e-01 2.683752e-01 -9.572442e-01
    outer loop
      vertex 5.353193e-02 -6.453595e-04 -7.886469e-02
      vertex 5.384799e-02 -1.580717e-03 -7.916257e-02
      vertex 4.810853e-02 -4.999014e-04 -7.821217e-02
    endloop
  endfacet
  facet normal 3.009527e-02 -6.749813e-01 -7.372208e-01
    outer loop
      vertex 8.781905e-02 -2.579002e-03 -8.138287e-02
      vertex 8.527544e-02 -3.450890e-03 -8.068842e-02
      vertex 8.477006e-02 -2.363499e-03 -8.170464e-02
    endloop
  endfacet
  facet normal 6.721436e-02 -7.341944e-01 -6.756040e-01
    outer loop
      vertex 8.781905e-02 -2.579002e-03 -8.138287e-02
      vertex 8.581924e-02 -3.812805e-03 -8.024102e-02
      vertex 8.527544e-02 -3.450890e-03 -8.068842e-02
    endloop
  endfacet
  facet normal 1.018835e-01 -7.596106e-01 -6.423484e-01
    outer loop
      vertex 8.781905e-02 -2.579002e-03 -8.138287e-02
      vertex 9.086555e-02 -2.609143e-03 -8.086401e-02
      vertex 8.581924e-02 -3.812805e-03 -8.024102e-02
    endloop
  endfacet
  facet normal 8.654975e-02 -9.368365e-01 -3.388902e-01
    outer loop
      vertex 1.021053e-01 -1.355690e-03 -8.112270e-02
      vertex 9.721135e-02 -2.513530e-03 -7.917181e-02
      vertex 9.694125e-02 -2.417605e-03 -7.950597e-02
    endloop
  endfacet
  facet normal 8.618737e-02 -9.902407e-01 -1.095222e-01
    outer loop
      vertex 1.021053e-01 -1.355690e-03 -8.112270e-02
      vertex 1.079691e-01 -9.615342e-04 -8.007197e-02
      vertex 1.084624e-01 -1.153677e-03 -7.794652e-02
    endloop
  endfacet
  facet normal 8.890295e-02 -9.384011e-01 -3.339156e-01
    outer loop
      vertex 1.021053e-01 -1.355690e-03 -8.112270e-02
      vertex 9.775133e-02 -2.704246e-03 -7.849208e-02
      vertex 9.721135e-02 -2.513530e-03 -7.917181e-02
    endloop
  endfacet
  facet normal 1.510641e-01 -9.585993e-01 -2.413855e-01
    outer loop
      vertex 1.021053e-01 -1.355690e-03 -8.112270e-02
      vertex 1.084624e-01 -1.153677e-03 -7.794652e-02
      vertex 9.775133e-02 -2.704246e-03 -7.849208e-02
    endloop
  endfacet
  facet normal 8.840623e-02 -9.384183e-01 -3.339993e-01
    outer loop
      vertex 1.021053e-01 -1.355690e-03 -8.112270e-02
      vertex 9.694125e-02 -2.417605e-03 -7.950597e-02
      vertex 9.643901e-02 -1.876580e-03 -8.115900e-02
    endloop
  endfacet
  facet normal -2.002965e-01 -9.505172e-01 -2.374836e-01
    outer loop
      vertex 1.825119e-01 -2.391416e-03 -8.443027e-02
      vertex 1.931666e-01 -4.597640e-03 -8.458627e-02
      vertex 1.834319e-01 -3.476982e-03 -8.086125e-02
    endloop
  endfacet
  facet normal -1.857105e-01 -9.523858e-01 -2.418117e-01
    outer loop
      vertex 1.825119e-01 -2.391416e-03 -8.443027e-02
      vertex 1.834319e-01 -3.476982e-03 -8.086125e-02
      vertex 1.727224e-01 -1.558111e-03 -8.019397e-02
    endloop
  endfacet
  facet normal -2.562658e-01 -8.603419e-01 -4.406128e-01
    outer loop
      vertex 1.980368e-01 -4.975097e-03 -8.668177e-02
      vertex 1.989455e-01 -6.909413e-03 -8.343334e-02
      vertex 1.931666e-01 -4.597640e-03 -8.458627e-02
    endloop
  endfacet
  facet normal -2.614354e-01 -8.597159e-01 -4.387939e-01
    outer loop
      vertex 1.980368e-01 -4.975097e-03 -8.668177e-02
      vertex 2.035801e-01 -6.919794e-03 -8.617431e-02
      vertex 1.989455e-01 -6.909413e-03 -8.343334e-02
    endloop
  endfacet
  facet normal -1.980395e-01 -9.357837e-01 -2.917007e-01
    outer loop
      vertex 1.980368e-01 -4.975097e-03 -8.668177e-02
      vertex 1.931666e-01 -4.597640e-03 -8.458627e-02
      vertex 1.825119e-01 -2.391416e-03 -8.443027e-02
    endloop
  endfacet
  facet normal -3.345496e-01 -5.667826e-01 -7.528839e-01
    outer loop
      vertex 2.186383e-01 -9.122608e-03 -9.076675e-02
      vertex 2.352456e-01 -1.979530e-02 -9.011176e-02
      vertex 2.137669e-01 -8.876277e-03 -8.878756e-02
    endloop
  endfacet
  facet normal 5.779924e-02 -9.800530e-01 1.901455e-01
    outer loop
      vertex 2.197796e-02 -4.347768e-04 -7.712606e-02
      vertex 2.129647e-02 -3.765851e-04 -7.661897e-02
      vertex 2.129647e-02 -3.868519e-04 -7.667189e-02
    endloop
  endfacet
  facet normal 4.293534e-02 -9.847931e-01 1.683422e-01
    outer loop
      vertex 2.197796e-02 -4.347768e-04 -7.712606e-02
      vertex 2.129647e-02 -3.868519e-04 -7.667189e-02
      vertex 2.129647e-02 -4.014914e-04 -7.675753e-02
    endloop
  endfacet
  facet normal 2.863030e-02 -9.894086e-01 1.423061e-01
    outer loop
      vertex 2.197796e-02 -4.347768e-04 -7.712606e-02
      vertex 2.129647e-02 -4.014914e-04 -7.675753e-02
      vertex 2.129647e-02 -4.094317e-04 -7.681274e-02
    endloop
  endfacet
  facet normal 1.755311e-02 -9.928004e-01 1.184873e-01
    outer loop
      vertex 2.197796e-02 -4.347768e-04 -7.712606e-02
      vertex 2.129647e-02 -4.094317e-04 -7.681274e-02
      vertex 2.129647e-02 -4.158319e-04 -7.686636e-02
    endloop
  endfacet
  facet normal 7.279120e-03 -9.957562e-01 9.174225e-02
    outer loop
      vertex 2.197796e-02 -4.347768e-04 -7.712606e-02
      vertex 2.129647e-02 -4.158319e-04 -7.686636e-02
      vertex 2.129647e-02 -4.206195e-04 -7.691833e-02
    endloop
  endfacet
  facet normal -2.402380e-02 -9.996543e-01 -1.068426e-02
    outer loop
      vertex 2.197796e-02 -4.345522e-04 -7.714708e-02
      vertex 2.197796e-02 -4.347768e-04 -7.712606e-02
      vertex 2.129647e-02 -4.206195e-04 -7.691833e-02
    endloop
  endfacet
  facet normal 2.509336e-02 -9.667677e-01 2.544221e-01
    outer loop
      vertex 2.263615e-02 -3.824628e-04 -7.677344e-02
      vertex 2.260865e-02 -1.120739e-04 -7.574329e-02
      vertex 2.129647e-02 -3.765851e-04 -7.661897e-02
    endloop
  endfacet
  facet normal 1.037950e-02 -9.917509e-01 1.277593e-01
    outer loop
      vertex 2.263615e-02 -3.824628e-04 -7.677344e-02
      vertex 2.129647e-02 -3.765851e-04 -7.661897e-02
      vertex 2.197796e-02 -4.347768e-04 -7.712606e-02
    endloop
  endfacet
  facet normal -1.525624e-01 -9.876065e-01 -3.685180e-02
    outer loop
      vertex 2.189596e-02 -4.166248e-04 -7.728805e-02
      vertex 2.197796e-02 -4.332793e-04 -7.718119e-02
      vertex 2.197796e-02 -4.345522e-04 -7.714708e-02
    endloop
  endfacet
  facet normal -1.145177e-01 -9.911859e-01 -6.660467e-02
    outer loop
      vertex 2.189596e-02 -4.166248e-04 -7.728805e-02
      vertex 2.197796e-02 -4.317952e-04 -7.720328e-02
      vertex 2.197796e-02 -4.332793e-04 -7.718119e-02
    endloop
  endfacet
  facet normal -6.677378e-02 -9.905633e-01 -1.196897e-01
    outer loop
      vertex 2.189596e-02 -4.166248e-04 -7.728805e-02
      vertex 2.197796e-02 -4.272513e-04 -7.724585e-02
      vertex 2.197796e-02 -4.297901e-04 -7.722484e-02
    endloop
  endfacet
  facet normal -8.813877e-02 -9.918286e-01 -9.223676e-02
    outer loop
      vertex 2.189596e-02 -4.166248e-04 -7.728805e-02
      vertex 2.197796e-02 -4.297901e-04 -7.722484e-02
      vertex 2.197796e-02 -4.317952e-04 -7.720328e-02
    endloop
  endfacet
  facet normal -5.250244e-02 -9.940082e-01 -9.587043e-02
    outer loop
      vertex 2.189596e-02 -4.166248e-04 -7.728805e-02
      vertex 2.197796e-02 -4.345522e-04 -7.714708e-02
      vertex 2.129647e-02 -4.206195e-04 -7.691833e-02
    endloop
  endfacet
  facet normal -1.140227e-01 -9.740712e-01 -1.954077e-01
    outer loop
      vertex 2.173214e-02 -3.830673e-04 -7.735973e-02
      vertex 2.189596e-02 -4.166248e-04 -7.728805e-02
      vertex 2.129647e-02 -4.206195e-04 -7.691833e-02
    endloop
  endfacet
  facet normal 1.466126e-02 -9.974123e-01 -7.038317e-02
    outer loop
      vertex 2.173214e-02 -3.830673e-04 -7.735973e-02
      vertex 2.129647e-02 -4.206195e-04 -7.691833e-02
      vertex 2.097087e-02 -4.111635e-04 -7.712016e-02
    endloop
  endfacet
  facet normal -1.384080e-01 -1.849692e-01 -9.729489e-01
    outer loop
      vertex 2.124214e-02 -1.829841e-04 -7.747237e-02
      vertex 2.032263e-02 -2.109138e-04 -7.733626e-02
      vertex 2.000000e-02 0.000000e+00 -7.733046e-02
    endloop
  endfacet
  facet normal -1.231362e-01 -8.529070e-01 -5.073334e-01
    outer loop
      vertex 2.480145e-02 -7.989278e-05 -7.533299e-02
      vertex 2.460552e-02 -2.719073e-04 -7.496263e-02
      vertex 2.393615e-02 -1.125775e-04 -7.506802e-02
    endloop
  endfacet
  facet normal -6.416430e-02 -9.438231e-01 -3.241619e-01
    outer loop
      vertex 2.480145e-02 -7.989278e-05 -7.533299e-02
      vertex 2.393615e-02 -1.056542e-04 -7.508671e-02
      vertex 2.393615e-02 -9.891990e-05 -7.510632e-02
    endloop
  endfacet
  facet normal -7.079706e-02 -9.353453e-01 -3.465790e-01
    outer loop
      vertex 2.480145e-02 -7.989278e-05 -7.533299e-02
      vertex 2.393615e-02 -1.125775e-04 -7.506802e-02
      vertex 2.393615e-02 -1.056542e-04 -7.508671e-02
    endloop
  endfacet
  facet normal 1.873026e-02 -9.997475e-01 -1.241805e-02
    outer loop
      vertex 2.480145e-02 -7.989278e-05 -7.533299e-02
      vertex 2.393615e-02 -9.891990e-05 -7.510632e-02
      vertex 2.499770e-02 -6.939790e-05 -7.588191e-02
    endloop
  endfacet
  facet normal -2.906349e-02 -9.991424e-01 -2.949331e-02
    outer loop
      vertex 2.480145e-02 -7.989278e-05 -7.533299e-02
      vertex 2.499770e-02 -6.939790e-05 -7.588191e-02
      vertex 2.584226e-02 -1.073198e-04 -7.542949e-02
    endloop
  endfacet
  facet normal -1.732464e-01 -4.823830e-01 -8.586573e-01
    outer loop
      vertex 2.556011e-02 -2.918346e-04 -7.513952e-02
      vertex 2.635171e-02 -2.421469e-04 -7.532715e-02
      vertex 2.527859e-02 -5.947213e-04 -7.491256e-02
    endloop
  endfacet
  facet normal -1.195054e-01 -7.113817e-01 -6.925709e-01
    outer loop
      vertex 2.556011e-02 -2.918346e-04 -7.513952e-02
      vertex 2.618167e-02 -1.885509e-04 -7.535286e-02
      vertex 2.635171e-02 -2.421469e-04 -7.532715e-02
    endloop
  endfacet
  facet normal -6.374515e-02 -8.127095e-01 -5.791716e-01
    outer loop
      vertex 2.556011e-02 -2.918346e-04 -7.513952e-02
      vertex 2.584226e-02 -1.073198e-04 -7.542949e-02
      vertex 2.618167e-02 -1.885509e-04 -7.535286e-02
    endloop
  endfacet
  facet normal -3.038027e-01 -3.741697e-01 -8.761855e-01
    outer loop
      vertex 2.556011e-02 -2.918346e-04 -7.513952e-02
      vertex 2.527859e-02 -5.947213e-04 -7.491256e-02
      vertex 2.527859e-02 -5.581861e-04 -7.492816e-02
    endloop
  endfacet
  facet normal -8.549960e-02 -7.529402e-01 -6.525112e-01
    outer loop
      vertex 2.376938e-02 -4.169217e-04 -7.761510e-02
      vertex 2.266366e-02 -3.766205e-04 -7.751672e-02
      vertex 2.249871e-02 -3.177898e-04 -7.756299e-02
    endloop
  endfacet
  facet normal 5.916963e-03 -9.972068e-01 -7.445570e-02
    outer loop
      vertex 2.663560e-02 -7.794324e-05 -7.563730e-02
      vertex 2.499770e-02 -6.939790e-05 -7.588191e-02
      vertex 2.709111e-02 -4.798987e-05 -7.600227e-02
    endloop
  endfacet
  facet normal -1.654354e-01 -8.009201e-01 -5.754634e-01
    outer loop
      vertex 2.663560e-02 -7.794324e-05 -7.563730e-02
      vertex 2.635171e-02 -2.421469e-04 -7.532715e-02
      vertex 2.618167e-02 -1.885509e-04 -7.535286e-02
    endloop
  endfacet
  facet normal -9.646839e-02 -8.659737e-01 -4.906969e-01
    outer loop
      vertex 2.663560e-02 -7.794324e-05 -7.563730e-02
      vertex 2.618167e-02 -1.885509e-04 -7.535286e-02
      vertex 2.584226e-02 -1.073198e-04 -7.542949e-02
    endloop
  endfacet
  facet normal 1.006958e-02 -9.947156e-01 -1.021741e-01
    outer loop
      vertex 2.663560e-02 -7.794324e-05 -7.563730e-02
      vertex 2.584226e-02 -1.073198e-04 -7.542949e-02
      vertex 2.499770e-02 -6.939790e-05 -7.588191e-02
    endloop
  endfacet
  facet normal -8.938423e-02 -9.773614e-01 -1.917687e-01
    outer loop
      vertex 2.672089e-02 -9.091235e-05 -7.561095e-02
      vertex 2.663560e-02 -7.794324e-05 -7.563730e-02
      vertex 2.709111e-02 -4.798987e-05 -7.600227e-02
    endloop
  endfacet
  facet normal 7.930373e-03 -8.867360e-01 -4.622081e-01
    outer loop
      vertex 2.672089e-02 -9.091235e-05 -7.561095e-02
      vertex 2.635171e-02 -2.421469e-04 -7.532715e-02
      vertex 2.663560e-02 -7.794324e-05 -7.563730e-02
    endloop
  endfacet
  facet normal -9.629668e-02 -7.864347e-01 -6.101209e-01
    outer loop
      vertex 2.689163e-02 -1.237189e-04 -7.556502e-02
      vertex 2.794939e-02 -2.094977e-04 -7.562140e-02
      vertex 2.635171e-02 -2.421469e-04 -7.532715e-02
    endloop
  endfacet
  facet normal -9.644926e-02 -8.008772e-01 -5.910103e-01
    outer loop
      vertex 2.689163e-02 -1.237189e-04 -7.556502e-02
      vertex 2.769134e-02 -1.096479e-04 -7.571459e-02
      vertex 2.794939e-02 -2.094977e-04 -7.562140e-02
    endloop
  endfacet
  facet normal -1.252753e-01 -9.663833e-01 -2.245206e-01
    outer loop
      vertex 2.689163e-02 -1.237189e-04 -7.556502e-02
      vertex 2.672089e-02 -9.091235e-05 -7.561095e-02
      vertex 2.709111e-02 -4.798987e-05 -7.600227e-02
    endloop
  endfacet
  facet normal -3.123962e-02 -8.646545e-01 -5.013947e-01
    outer loop
      vertex 2.689163e-02 -1.237189e-04 -7.556502e-02
      vertex 2.635171e-02 -2.421469e-04 -7.532715e-02
      vertex 2.672089e-02 -9.091235e-05 -7.561095e-02
    endloop
  endfacet
  facet normal 4.314565e-02 -9.875382e-01 -1.513501e-01
    outer loop
      vertex 2.689163e-02 -1.237189e-04 -7.556502e-02
      vertex 2.709111e-02 -4.798987e-05 -7.600227e-02
      vertex 2.743377e-02 -5.587732e-05 -7.585313e-02
    endloop
  endfacet
  facet normal -3.892519e-02 -9.538206e-01 -2.978440e-01
    outer loop
      vertex 2.689163e-02 -1.237189e-04 -7.556502e-02
      vertex 2.743377e-02 -5.587732e-05 -7.585313e-02
      vertex 2.769134e-02 -1.096479e-04 -7.571459e-02
    endloop
  endfacet
  facet normal -1.521900e-01 -4.558901e-01 -8.769278e-01
    outer loop
      vertex 2.863991e-02 -4.702170e-04 -7.560570e-02
      vertex 2.635171e-02 -2.421469e-04 -7.532715e-02
      vertex 2.794939e-02 -2.094977e-04 -7.562140e-02
    endloop
  endfacet
  facet normal -1.532304e-01 -4.875804e-01 -8.595265e-01
    outer loop
      vertex 2.863991e-02 -4.702170e-04 -7.560570e-02
      vertex 2.527859e-02 -7.259608e-04 -7.486139e-02
      vertex 2.635171e-02 -2.421469e-04 -7.532715e-02
    endloop
  endfacet
  facet normal -2.039929e-01 -1.391107e-01 -9.690382e-01
    outer loop
      vertex 2.863991e-02 -4.702170e-04 -7.560570e-02
      vertex 2.889974e-02 -2.661274e-03 -7.534586e-02
      vertex 2.527859e-02 -7.259608e-04 -7.486139e-02
    endloop
  endfacet
  facet normal -1.940930e-01 -1.381932e-01 -9.712006e-01
    outer loop
      vertex 2.863991e-02 -4.702170e-04 -7.560570e-02
      vertex 2.933385e-02 -8.367095e-04 -7.569223e-02
      vertex 2.889974e-02 -2.661274e-03 -7.534586e-02
    endloop
  endfacet
  facet normal -1.019955e-01 -7.794757e-01 -6.180732e-01
    outer loop
      vertex 2.862549e-02 -1.137321e-04 -7.584442e-02
      vertex 2.794939e-02 -1.654754e-04 -7.566759e-02
      vertex 2.794939e-02 -1.540658e-04 -7.568198e-02
    endloop
  endfacet
  facet normal 2.194903e-03 -9.974715e-01 -7.103419e-02
    outer loop
      vertex 2.853900e-02 -6.934364e-05 -7.594284e-02
      vertex 2.913110e-02 -4.510388e-05 -7.626492e-02
      vertex 2.930486e-02 -5.604814e-05 -7.610587e-02
    endloop
  endfacet
  facet normal -6.155079e-02 -9.290083e-01 -3.649041e-01
    outer loop
      vertex 2.853900e-02 -6.934364e-05 -7.594284e-02
      vertex 2.930486e-02 -5.604814e-05 -7.610587e-02
      vertex 2.862549e-02 -1.137321e-04 -7.584442e-02
    endloop
  endfacet
  facet normal -3.710651e-02 -9.227657e-01 -3.835707e-01
    outer loop
      vertex 2.853900e-02 -6.934364e-05 -7.594284e-02
      vertex 2.862549e-02 -1.137321e-04 -7.584442e-02
      vertex 2.794939e-02 -1.540658e-04 -7.568198e-02
    endloop
  endfacet
  facet normal 4.783680e-02 -9.987735e-01 1.277357e-02
    outer loop
      vertex 2.853900e-02 -6.934364e-05 -7.594284e-02
      vertex 2.904430e-02 -5.004148e-05 -7.632592e-02
      vertex 2.913110e-02 -4.510388e-05 -7.626492e-02
    endloop
  endfacet
  facet normal -7.883271e-02 -9.849814e-01 -1.536135e-01
    outer loop
      vertex 2.849577e-02 -6.257849e-05 -7.596404e-02
      vertex 2.904430e-02 -5.004148e-05 -7.632592e-02
      vertex 2.853900e-02 -6.934364e-05 -7.594284e-02
    endloop
  endfacet
  facet normal -9.538081e-03 -9.994756e-01 -3.094270e-02
    outer loop
      vertex 2.849577e-02 -6.257849e-05 -7.596404e-02
      vertex 2.743377e-02 -5.587732e-05 -7.585313e-02
      vertex 2.709111e-02 -4.798987e-05 -7.600227e-02
    endloop
  endfacet
  facet normal 1.237537e-03 -9.519120e-01 -3.063689e-01
    outer loop
      vertex 2.849577e-02 -6.257849e-05 -7.596404e-02
      vertex 2.853900e-02 -6.934364e-05 -7.594284e-02
      vertex 2.794939e-02 -1.540658e-04 -7.568198e-02
    endloop
  endfacet
  facet normal -3.628470e-02 -9.564433e-01 -2.896545e-01
    outer loop
      vertex 2.849577e-02 -6.257849e-05 -7.596404e-02
      vertex 2.777730e-02 -1.024473e-04 -7.574239e-02
      vertex 2.743377e-02 -5.587732e-05 -7.585313e-02
    endloop
  endfacet
  facet normal -9.705754e-02 -8.761308e-01 -4.722019e-01
    outer loop
      vertex 2.849577e-02 -6.257849e-05 -7.596404e-02
      vertex 2.794939e-02 -1.540658e-04 -7.568198e-02
      vertex 2.777730e-02 -1.024473e-04 -7.574239e-02
    endloop
  endfacet
  facet normal -1.968907e-01 -1.438164e-01 -9.698200e-01
    outer loop
      vertex 2.931935e-02 -3.110790e-04 -7.576723e-02
      vertex 2.933385e-02 -8.367095e-04 -7.569223e-02
      vertex 2.863991e-02 -4.702170e-04 -7.560570e-02
    endloop
  endfacet
  facet normal -2.002977e-01 -1.498812e-01 -9.682027e-01
    outer loop
      vertex 3.121532e-02 -2.623560e-04 -7.607161e-02
      vertex 3.105396e-02 -6.692269e-04 -7.597524e-02
      vertex 3.070250e-02 -4.377777e-04 -7.593836e-02
    endloop
  endfacet
  facet normal -1.342381e-01 -1.239679e-01 -9.831643e-01
    outer loop
      vertex 3.139155e-02 -3.488703e-04 -7.606173e-02
      vertex 3.243830e-02 -4.288578e-04 -7.619456e-02
      vertex 3.105396e-02 -6.692269e-04 -7.597524e-02
    endloop
  endfacet
  facet normal -4.919453e-02 -2.116781e-01 -9.761005e-01
    outer loop
      vertex 3.139155e-02 -3.488703e-04 -7.606173e-02
      vertex 3.105396e-02 -6.692269e-04 -7.597524e-02
      vertex 3.121532e-02 -2.623560e-04 -7.607161e-02
    endloop
  endfacet
  facet normal -1.425555e-01 -2.981776e-01 -9.438051e-01
    outer loop
      vertex 3.139155e-02 -3.488703e-04 -7.606173e-02
      vertex 3.208369e-02 -2.668792e-04 -7.619218e-02
      vertex 3.243830e-02 -4.288578e-04 -7.619456e-02
    endloop
  endfacet
  facet normal 2.945204e-02 -9.991989e-01 2.709604e-02
    outer loop
      vertex 3.202467e-02 -4.922769e-05 -7.671252e-02
      vertex 3.137685e-02 -5.896960e-05 -7.636763e-02
      vertex 3.067324e-02 -9.098276e-05 -7.678336e-02
    endloop
  endfacet
  facet normal -1.033133e-01 -5.883913e-01 -8.019489e-01
    outer loop
      vertex 3.309047e-02 -2.515891e-04 -7.633926e-02
      vertex 3.392429e-02 -1.737618e-04 -7.650378e-02
      vertex 3.401387e-02 -2.129610e-04 -7.648656e-02
    endloop
  endfacet
  facet normal -7.519816e-02 -6.985711e-01 -7.115783e-01
    outer loop
      vertex 3.309047e-02 -2.515891e-04 -7.633926e-02
      vertex 3.374526e-02 -1.242205e-04 -7.653349e-02
      vertex 3.392429e-02 -1.737618e-04 -7.650378e-02
    endloop
  endfacet
  facet normal -1.419562e-01 -1.432755e-03 -9.898719e-01
    outer loop
      vertex 3.500243e-02 -7.322242e-04 -7.656184e-02
      vertex 3.076101e-02 -2.865282e-03 -7.595050e-02
      vertex 3.243830e-02 -4.288578e-04 -7.619456e-02
    endloop
  endfacet
  facet normal -1.586812e-01 2.035856e-01 -9.661124e-01
    outer loop
      vertex 3.500243e-02 -7.322242e-04 -7.656184e-02
      vertex 3.599665e-02 -1.512061e-03 -7.688947e-02
      vertex 3.638983e-02 -3.383489e-03 -7.734841e-02
    endloop
  endfacet
  facet normal -2.229824e-01 1.681844e-01 -9.602046e-01
    outer loop
      vertex 3.500243e-02 -7.322242e-04 -7.656184e-02
      vertex 3.638983e-02 -3.383489e-03 -7.734841e-02
      vertex 3.076101e-02 -2.865282e-03 -7.595050e-02
    endloop
  endfacet
  facet normal -5.629286e-03 -9.590089e-01 -2.833201e-01
    outer loop
      vertex 3.480727e-02 -1.339321e-04 -7.666187e-02
      vertex 3.542354e-02 -5.280096e-05 -7.694874e-02
      vertex 3.560432e-02 -7.939942e-05 -7.686230e-02
    endloop
  endfacet
  facet normal -1.154480e-01 -8.628753e-01 -4.920549e-01
    outer loop
      vertex 3.471726e-02 -1.057883e-04 -7.669011e-02
      vertex 3.542354e-02 -5.280096e-05 -7.694874e-02
      vertex 3.480727e-02 -1.339321e-04 -7.666187e-02
    endloop
  endfacet
  facet normal -1.356569e-01 -6.416447e-01 -7.549101e-01
    outer loop
      vertex 3.467228e-02 -9.371164e-05 -7.670623e-02
      vertex 3.401387e-02 -2.129610e-04 -7.648656e-02
      vertex 3.392429e-02 -1.737618e-04 -7.650378e-02
    endloop
  endfacet
  facet normal -9.781475e-02 -7.475447e-01 -6.569697e-01
    outer loop
      vertex 3.467228e-02 -9.371164e-05 -7.670623e-02
      vertex 3.392429e-02 -1.737618e-04 -7.650378e-02
      vertex 3.374526e-02 -1.242205e-04 -7.653349e-02
    endloop
  endfacet
  facet normal -8.872127e-02 -9.000393e-01 -4.266824e-01
    outer loop
      vertex 3.467228e-02 -9.371164e-05 -7.670623e-02
      vertex 3.542354e-02 -5.280096e-05 -7.694874e-02
      vertex 3.471726e-02 -1.057883e-04 -7.669011e-02
    endloop
  endfacet
  facet normal -2.987479e-02 -8.381936e-01 -5.445540e-01
    outer loop
      vertex 3.467228e-02 -9.371164e-05 -7.670623e-02
      vertex 3.471726e-02 -1.057883e-04 -7.669011e-02
      vertex 3.401387e-02 -2.129610e-04 -7.648656e-02
    endloop
  endfacet
  facet normal -1.563994e-01 2.064002e-01 -9.658873e-01
    outer loop
      vertex 3.580038e-02 -5.707316e-04 -7.665654e-02
      vertex 3.599665e-02 -1.512061e-03 -7.688947e-02
      vertex 3.500243e-02 -7.322242e-04 -7.656184e-02
    endloop
  endfacet
  facet normal -1.608066e-01 2.030790e-01 -9.658676e-01
    outer loop
      vertex 3.725477e-02 -1.754205e-03 -7.714985e-02
      vertex 3.638983e-02 -3.383489e-03 -7.734841e-02
      vertex 3.599665e-02 -1.512061e-03 -7.688947e-02
    endloop
  endfacet
  facet normal -6.492720e-02 1.546133e-01 -9.858393e-01
    outer loop
      vertex 3.725477e-02 -1.754205e-03 -7.714985e-02
      vertex 3.675352e-02 -3.730311e-03 -7.742676e-02
      vertex 3.638983e-02 -3.383489e-03 -7.734841e-02
    endloop
  endfacet
  facet normal -1.479441e-01 2.579655e-01 -9.547598e-01
    outer loop
      vertex 3.705714e-02 -7.377988e-04 -7.684460e-02
      vertex 3.725477e-02 -1.754205e-03 -7.714985e-02
      vertex 3.599665e-02 -1.512061e-03 -7.688947e-02
    endloop
  endfacet
  facet normal -1.182704e-01 2.152141e-01 -9.693787e-01
    outer loop
      vertex 3.701157e-02 -6.967492e-04 -7.683229e-02
      vertex 3.599665e-02 -1.512061e-03 -7.688947e-02
      vertex 3.580038e-02 -5.707316e-04 -7.665654e-02
    endloop
  endfacet
  facet normal -9.541285e-02 1.873406e-01 -9.776502e-01
    outer loop
      vertex 3.701157e-02 -6.967492e-04 -7.683229e-02
      vertex 3.705714e-02 -7.377988e-04 -7.684460e-02
      vertex 3.599665e-02 -1.512061e-03 -7.688947e-02
    endloop
  endfacet
  facet normal 1.175733e-01 -9.099661e-01 -3.976660e-01
    outer loop
      vertex 9.346643e-02 -1.974255e-03 -8.154784e-02
      vertex 9.694125e-02 -2.417605e-03 -7.950597e-02
      vertex 9.086555e-02 -2.609143e-03 -8.086401e-02
    endloop
  endfacet
  facet normal 7.414590e-02 -9.408968e-01 -3.304778e-01
    outer loop
      vertex 9.346643e-02 -1.974255e-03 -8.154784e-02
      vertex 9.643901e-02 -1.876580e-03 -8.115900e-02
      vertex 9.694125e-02 -2.417605e-03 -7.950597e-02
    endloop
  endfacet
  facet normal 7.042893e-02 -8.502938e-01 -5.215748e-01
    outer loop
      vertex 9.346643e-02 -1.974255e-03 -8.154784e-02
      vertex 9.086555e-02 -2.609143e-03 -8.086401e-02
      vertex 9.061325e-02 -2.216402e-03 -8.153835e-02
    endloop
  endfacet
  facet normal 7.320015e-02 -9.888054e-01 -1.300214e-01
    outer loop
      vertex 1.018559e-01 -1.158009e-03 -8.201944e-02
      vertex 1.190292e-01 -1.357021e-04 -8.012574e-02
      vertex 1.079691e-01 -9.615342e-04 -8.007197e-02
    endloop
  endfacet
  facet normal 1.082793e-01 -9.640563e-01 -2.426336e-01
    outer loop
      vertex 1.018559e-01 -1.158009e-03 -8.201944e-02
      vertex 1.079691e-01 -9.615342e-04 -8.007197e-02
      vertex 1.021053e-01 -1.355690e-03 -8.112270e-02
    endloop
  endfacet
  facet normal 9.041802e-02 -9.669713e-01 -2.383087e-01
    outer loop
      vertex 1.018559e-01 -1.158009e-03 -8.201944e-02
      vertex 1.021053e-01 -1.355690e-03 -8.112270e-02
      vertex 9.643901e-02 -1.876580e-03 -8.115900e-02
    endloop
  endfacet
  facet normal 4.102351e-02 -9.862038e-01 1.603718e-01
    outer loop
      vertex 1.352451e-01 4.257192e-04 -8.082137e-02
      vertex 1.190292e-01 -1.357021e-04 -8.012574e-02
      vertex 1.018559e-01 -1.158009e-03 -8.201944e-02
    endloop
  endfacet
  facet normal 3.709773e-02 -9.984028e-01 4.261016e-02
    outer loop
      vertex 1.352451e-01 4.257192e-04 -8.082137e-02
      vertex 1.313461e-01 5.594159e-04 -7.429415e-02
      vertex 1.192711e-01 -8.523161e-05 -7.888602e-02
    endloop
  endfacet
  facet normal 3.602228e-02 -9.987849e-01 3.363270e-02
    outer loop
      vertex 1.352451e-01 4.257192e-04 -8.082137e-02
      vertex 1.192711e-01 -8.523161e-05 -7.888602e-02
      vertex 1.190292e-01 -1.357021e-04 -8.012574e-02
    endloop
  endfacet
  facet normal -3.600653e-03 -9.998255e-01 1.832859e-02
    outer loop
      vertex 1.352451e-01 4.257192e-04 -8.082137e-02
      vertex 1.515563e-01 3.913332e-04 -7.949279e-02
      vertex 1.313461e-01 5.594159e-04 -7.429415e-02
    endloop
  endfacet
  facet normal -2.510780e-01 -8.408277e-01 -4.795505e-01
    outer loop
      vertex 2.133167e-01 -7.517141e-03 -9.022477e-02
      vertex 2.035801e-01 -6.919794e-03 -8.617431e-02
      vertex 1.980368e-01 -4.975097e-03 -8.668177e-02
    endloop
  endfacet
  facet normal -2.906261e-01 -7.554628e-01 -5.872073e-01
    outer loop
      vertex 2.133167e-01 -7.517141e-03 -9.022477e-02
      vertex 2.089065e-01 -8.358789e-03 -8.695920e-02
      vertex 2.035801e-01 -6.919794e-03 -8.617431e-02
    endloop
  endfacet
  facet normal -3.050692e-01 -7.377923e-01 -6.021588e-01
    outer loop
      vertex 2.133167e-01 -7.517141e-03 -9.022477e-02
      vertex 2.137669e-01 -8.876277e-03 -8.878756e-02
      vertex 2.089065e-01 -8.358789e-03 -8.695920e-02
    endloop
  endfacet
  facet normal -2.851837e-01 -7.393888e-01 -6.098971e-01
    outer loop
      vertex 2.133167e-01 -7.517141e-03 -9.022477e-02
      vertex 2.186383e-01 -9.122608e-03 -9.076675e-02
      vertex 2.137669e-01 -8.876277e-03 -8.878756e-02
    endloop
  endfacet
  facet normal -3.208313e-01 -5.466969e-01 -7.734273e-01
    outer loop
      vertex 2.210753e-01 -9.210036e-03 -9.171585e-02
      vertex 2.352456e-01 -1.979530e-02 -9.011176e-02
      vertex 2.186383e-01 -9.122608e-03 -9.076675e-02
    endloop
  endfacet
  facet normal -2.855695e-01 -5.056563e-01 -8.141018e-01
    outer loop
      vertex 2.210753e-01 -9.210036e-03 -9.171585e-02
      vertex 2.344099e-01 -1.377456e-02 -9.355824e-02
      vertex 2.352456e-01 -1.979530e-02 -9.011176e-02
    endloop
  endfacet
  facet normal -2.533252e-02 -9.440443e-01 -3.288443e-01
    outer loop
      vertex 2.110642e-02 -3.387565e-04 -7.733846e-02
      vertex 2.097087e-02 -4.111635e-04 -7.712016e-02
      vertex 2.064625e-02 -3.747181e-04 -7.719978e-02
    endloop
  endfacet
  facet normal -5.129020e-02 -9.121230e-01 -4.066953e-01
    outer loop
      vertex 2.110642e-02 -3.387565e-04 -7.733846e-02
      vertex 2.064625e-02 -3.747181e-04 -7.719978e-02
      vertex 2.064625e-02 -3.603524e-04 -7.723199e-02
    endloop
  endfacet
  facet normal -7.185895e-02 -8.703701e-01 -4.871265e-01
    outer loop
      vertex 2.110642e-02 -3.387565e-04 -7.733846e-02
      vertex 2.064625e-02 -3.603524e-04 -7.723199e-02
      vertex 2.064625e-02 -3.436524e-04 -7.726183e-02
    endloop
  endfacet
  facet normal -7.805484e-02 -9.307695e-01 -3.571773e-01
    outer loop
      vertex 2.110642e-02 -3.387565e-04 -7.733846e-02
      vertex 2.173214e-02 -3.830673e-04 -7.735973e-02
      vertex 2.097087e-02 -4.111635e-04 -7.712016e-02
    endloop
  endfacet
  facet normal -1.134940e-01 -4.861873e-01 -8.664531e-01
    outer loop
      vertex 2.094378e-02 -2.768629e-04 -7.738062e-02
      vertex 2.032263e-02 -2.109138e-04 -7.733626e-02
      vertex 2.124214e-02 -1.829841e-04 -7.747237e-02
    endloop
  endfacet
  facet normal -1.042717e-01 -7.323047e-01 -6.729466e-01
    outer loop
      vertex 2.094378e-02 -2.768629e-04 -7.738062e-02
      vertex 2.110642e-02 -3.387565e-04 -7.733846e-02
      vertex 2.064625e-02 -3.436524e-04 -7.726183e-02
    endloop
  endfacet
  facet normal -3.953534e-02 -6.313504e-01 -7.744892e-01
    outer loop
      vertex 2.094378e-02 -2.768629e-04 -7.738062e-02
      vertex 2.124214e-02 -1.829841e-04 -7.747237e-02
      vertex 2.110642e-02 -3.387565e-04 -7.733846e-02
    endloop
  endfacet
  facet normal -1.244874e-01 -6.985795e-01 -7.046201e-01
    outer loop
      vertex 2.094378e-02 -2.768629e-04 -7.738062e-02
      vertex 2.064625e-02 -3.436524e-04 -7.726183e-02
      vertex 2.032263e-02 -2.109138e-04 -7.733626e-02
    endloop
  endfacet
  facet normal -1.158697e-01 -5.052313e-01 -8.551699e-01
    outer loop
      vertex 2.148686e-02 -3.017800e-04 -7.743535e-02
      vertex 2.124214e-02 -1.829841e-04 -7.747237e-02
      vertex 2.249871e-02 -3.177898e-04 -7.756299e-02
    endloop
  endfacet
  facet normal -7.670957e-02 -7.932976e-01 -6.039823e-01
    outer loop
      vertex 2.148686e-02 -3.017800e-04 -7.743535e-02
      vertex 2.173214e-02 -3.830673e-04 -7.735973e-02
      vertex 2.110642e-02 -3.387565e-04 -7.733846e-02
    endloop
  endfacet
  facet normal -1.516070e-01 -5.650811e-01 -8.109862e-01
    outer loop
      vertex 2.148686e-02 -3.017800e-04 -7.743535e-02
      vertex 2.110642e-02 -3.387565e-04 -7.733846e-02
      vertex 2.124214e-02 -1.829841e-04 -7.747237e-02
    endloop
  endfacet
  facet normal -1.845875e-01 -6.678125e-01 -7.210783e-01
    outer loop
      vertex 2.518020e-02 -1.609219e-04 -7.521207e-02
      vertex 2.460552e-02 -2.942178e-04 -7.494151e-02
      vertex 2.460552e-02 -2.852714e-04 -7.494979e-02
    endloop
  endfacet
  facet normal -1.788946e-01 -6.776672e-01 -7.132768e-01
    outer loop
      vertex 2.518020e-02 -1.609219e-04 -7.521207e-02
      vertex 2.460552e-02 -2.852714e-04 -7.494979e-02
      vertex 2.460552e-02 -2.786464e-04 -7.495609e-02
    endloop
  endfacet
  facet normal -1.740808e-01 -6.861174e-01 -7.063560e-01
    outer loop
      vertex 2.518020e-02 -1.609219e-04 -7.521207e-02
      vertex 2.460552e-02 -2.786464e-04 -7.495609e-02
      vertex 2.460552e-02 -2.719073e-04 -7.496263e-02
    endloop
  endfacet
  facet normal -1.439976e-01 -7.654444e-01 -6.271839e-01
    outer loop
      vertex 2.518020e-02 -1.609219e-04 -7.521207e-02
      vertex 2.584226e-02 -1.073198e-04 -7.542949e-02
      vertex 2.556011e-02 -2.918346e-04 -7.513952e-02
    endloop
  endfacet
  facet normal -2.229723e-01 -6.027462e-01 -7.661465e-01
    outer loop
      vertex 2.518020e-02 -1.609219e-04 -7.521207e-02
      vertex 2.527859e-02 -5.581861e-04 -7.492816e-02
      vertex 2.460552e-02 -3.089779e-04 -7.492834e-02
    endloop
  endfacet
  facet normal -4.878327e-02 -5.887112e-01 -8.068701e-01
    outer loop
      vertex 2.518020e-02 -1.609219e-04 -7.521207e-02
      vertex 2.556011e-02 -2.918346e-04 -7.513952e-02
      vertex 2.527859e-02 -5.581861e-04 -7.492816e-02
    endloop
  endfacet
  facet normal -1.931879e-01 -6.531847e-01 -7.321394e-01
    outer loop
      vertex 2.518020e-02 -1.609219e-04 -7.521207e-02
      vertex 2.460552e-02 -3.089779e-04 -7.492834e-02
      vertex 2.460552e-02 -2.942178e-04 -7.494151e-02
    endloop
  endfacet
  facet normal -3.641042e-02 -8.791893e-01 -4.750794e-01
    outer loop
      vertex 2.518020e-02 -1.609219e-04 -7.521207e-02
      vertex 2.460552e-02 -2.719073e-04 -7.496263e-02
      vertex 2.480145e-02 -7.989278e-05 -7.533299e-02
    endloop
  endfacet
  facet normal -6.228055e-02 -9.083346e-01 -4.135811e-01
    outer loop
      vertex 2.518020e-02 -1.609219e-04 -7.521207e-02
      vertex 2.480145e-02 -7.989278e-05 -7.533299e-02
      vertex 2.584226e-02 -1.073198e-04 -7.542949e-02
    endloop
  endfacet
  facet normal -1.769178e-02 -9.991481e-01 -3.728247e-02
    outer loop
      vertex 2.264990e-02 -4.440596e-04 -7.721114e-02
      vertex 2.197796e-02 -4.345522e-04 -7.714708e-02
      vertex 2.197796e-02 -4.332793e-04 -7.718119e-02
    endloop
  endfacet
  facet normal 3.980952e-03 -9.902176e-01 1.394750e-01
    outer loop
      vertex 2.264990e-02 -4.440596e-04 -7.721114e-02
      vertex 2.263615e-02 -3.824628e-04 -7.677344e-02
      vertex 2.197796e-02 -4.347768e-04 -7.712606e-02
    endloop
  endfacet
  facet normal -1.516565e-02 -9.998279e-01 -1.068611e-02
    outer loop
      vertex 2.264990e-02 -4.440596e-04 -7.721114e-02
      vertex 2.197796e-02 -4.347768e-04 -7.712606e-02
      vertex 2.197796e-02 -4.345522e-04 -7.714708e-02
    endloop
  endfacet
  facet normal 9.740972e-02 -9.930050e-01 -6.672690e-02
    outer loop
      vertex 2.223803e-02 -3.914860e-04 -7.742348e-02
      vertex 2.197796e-02 -4.332793e-04 -7.718119e-02
      vertex 2.197796e-02 -4.317952e-04 -7.720328e-02
    endloop
  endfacet
  facet normal 5.451296e-02 -9.913028e-01 -1.197791e-01
    outer loop
      vertex 2.223803e-02 -3.914860e-04 -7.742348e-02
      vertex 2.197796e-02 -4.297901e-04 -7.722484e-02
      vertex 2.197796e-02 -4.272513e-04 -7.724585e-02
    endloop
  endfacet
  facet normal 7.570527e-02 -9.928462e-01 -9.233139e-02
    outer loop
      vertex 2.223803e-02 -3.914860e-04 -7.742348e-02
      vertex 2.197796e-02 -4.317952e-04 -7.720328e-02
      vertex 2.197796e-02 -4.297901e-04 -7.722484e-02
    endloop
  endfacet
  facet normal -1.070263e-01 -7.825100e-01 -6.133706e-01
    outer loop
      vertex 2.223803e-02 -3.914860e-04 -7.742348e-02
      vertex 2.249871e-02 -3.177898e-04 -7.756299e-02
      vertex 2.266366e-02 -3.766205e-04 -7.751672e-02
    endloop
  endfacet
  facet normal -2.443740e-02 -9.804302e-01 -1.953446e-01
    outer loop
      vertex 2.223803e-02 -3.914860e-04 -7.742348e-02
      vertex 2.264990e-02 -4.440596e-04 -7.721114e-02
      vertex 2.197796e-02 -4.332793e-04 -7.718119e-02
    endloop
  endfacet
  facet normal -1.322881e-02 -9.762904e-01 -2.160604e-01
    outer loop
      vertex 2.223803e-02 -3.914860e-04 -7.742348e-02
      vertex 2.266366e-02 -3.766205e-04 -7.751672e-02
      vertex 2.264990e-02 -4.440596e-04 -7.721114e-02
    endloop
  endfacet
  facet normal -2.792931e-03 -9.709932e-01 -2.390909e-01
    outer loop
      vertex 2.219693e-02 -3.803936e-04 -7.743871e-02
      vertex 2.197796e-02 -4.272513e-04 -7.724585e-02
      vertex 2.189596e-02 -4.166248e-04 -7.728805e-02
    endloop
  endfacet
  facet normal -1.173058e-01 -9.262334e-01 -3.582331e-01
    outer loop
      vertex 2.219693e-02 -3.803936e-04 -7.743871e-02
      vertex 2.223803e-02 -3.914860e-04 -7.742348e-02
      vertex 2.197796e-02 -4.272513e-04 -7.724585e-02
    endloop
  endfacet
  facet normal -5.015313e-02 -9.436488e-01 -3.271262e-01
    outer loop
      vertex 2.219693e-02 -3.803936e-04 -7.743871e-02
      vertex 2.189596e-02 -4.166248e-04 -7.728805e-02
      vertex 2.173214e-02 -3.830673e-04 -7.735973e-02
    endloop
  endfacet
  facet normal -8.978024e-02 -7.847383e-01 -6.132906e-01
    outer loop
      vertex 2.219693e-02 -3.803936e-04 -7.743871e-02
      vertex 2.148686e-02 -3.017800e-04 -7.743535e-02
      vertex 2.249871e-02 -3.177898e-04 -7.756299e-02
    endloop
  endfacet
  facet normal -9.280529e-02 -8.137497e-01 -5.737583e-01
    outer loop
      vertex 2.219693e-02 -3.803936e-04 -7.743871e-02
      vertex 2.173214e-02 -3.830673e-04 -7.735973e-02
      vertex 2.148686e-02 -3.017800e-04 -7.743535e-02
    endloop
  endfacet
  facet normal -3.743149e-02 -8.530016e-01 -5.205642e-01
    outer loop
      vertex 2.219693e-02 -3.803936e-04 -7.743871e-02
      vertex 2.249871e-02 -3.177898e-04 -7.756299e-02
      vertex 2.223803e-02 -3.914860e-04 -7.742348e-02
    endloop
  endfacet
  facet normal -4.380473e-02 -9.866790e-01 -1.566708e-01
    outer loop
      vertex 2.320138e-02 -4.504209e-04 -7.724532e-02
      vertex 2.376938e-02 -4.169217e-04 -7.761510e-02
      vertex 2.505383e-02 -4.729684e-04 -7.762125e-02
    endloop
  endfacet
  facet normal 9.730462e-02 -9.620061e-01 2.551000e-01
    outer loop
      vertex 2.320138e-02 -4.504209e-04 -7.724532e-02
      vertex 2.260865e-02 -1.120739e-04 -7.574329e-02
      vertex 2.263615e-02 -3.824628e-04 -7.677344e-02
    endloop
  endfacet
  facet normal -2.467318e-02 -9.759697e-01 -2.165048e-01
    outer loop
      vertex 2.320138e-02 -4.504209e-04 -7.724532e-02
      vertex 2.264990e-02 -4.440596e-04 -7.721114e-02
      vertex 2.266366e-02 -3.766205e-04 -7.751672e-02
    endloop
  endfacet
  facet normal 3.078581e-02 -9.724200e-01 2.311960e-01
    outer loop
      vertex 2.320138e-02 -4.504209e-04 -7.724532e-02
      vertex 2.499770e-02 -6.939790e-05 -7.588191e-02
      vertex 2.260865e-02 -1.120739e-04 -7.574329e-02
    endloop
  endfacet
  facet normal 3.420790e-02 -9.733088e-01 2.269357e-01
    outer loop
      vertex 2.320138e-02 -4.504209e-04 -7.724532e-02
      vertex 2.505383e-02 -4.729684e-04 -7.762125e-02
      vertex 2.499770e-02 -6.939790e-05 -7.588191e-02
    endloop
  endfacet
  facet normal -5.076095e-02 -9.846206e-01 -1.671693e-01
    outer loop
      vertex 2.320138e-02 -4.504209e-04 -7.724532e-02
      vertex 2.266366e-02 -3.766205e-04 -7.751672e-02
      vertex 2.376938e-02 -4.169217e-04 -7.761510e-02
    endloop
  endfacet
  facet normal -2.792836e-03 -9.902510e-01 1.392668e-01
    outer loop
      vertex 2.320138e-02 -4.504209e-04 -7.724532e-02
      vertex 2.263615e-02 -3.824628e-04 -7.677344e-02
      vertex 2.264990e-02 -4.440596e-04 -7.721114e-02
    endloop
  endfacet
  facet normal -1.208827e-01 -7.277154e-01 -6.751427e-01
    outer loop
      vertex 2.863270e-02 -2.571386e-04 -7.569114e-02
      vertex 2.794939e-02 -1.654754e-04 -7.566759e-02
      vertex 2.862549e-02 -1.137321e-04 -7.584442e-02
    endloop
  endfacet
  facet normal -1.206438e-01 -6.999999e-01 -7.038787e-01
    outer loop
      vertex 2.863270e-02 -2.571386e-04 -7.569114e-02
      vertex 2.794939e-02 -2.094977e-04 -7.562140e-02
      vertex 2.794939e-02 -1.815191e-04 -7.564922e-02
    endloop
  endfacet
  facet normal -1.227689e-01 -7.475155e-01 -6.528004e-01
    outer loop
      vertex 2.863270e-02 -2.571386e-04 -7.569114e-02
      vertex 2.794939e-02 -1.815191e-04 -7.564922e-02
      vertex 2.794939e-02 -1.654754e-04 -7.566759e-02
    endloop
  endfacet
  facet normal -1.199078e-01 -3.729872e-01 -9.200558e-01
    outer loop
      vertex 2.863270e-02 -2.571386e-04 -7.569114e-02
      vertex 2.863991e-02 -4.702170e-04 -7.560570e-02
      vertex 2.794939e-02 -2.094977e-04 -7.562140e-02
    endloop
  endfacet
  facet normal -9.791221e-02 -4.715585e-01 -8.763822e-01
    outer loop
      vertex 2.897200e-02 -1.963623e-04 -7.579015e-02
      vertex 2.931935e-02 -3.110790e-04 -7.576723e-02
      vertex 2.863991e-02 -4.702170e-04 -7.560570e-02
    endloop
  endfacet
  facet normal -1.984150e-01 -3.705566e-01 -9.073695e-01
    outer loop
      vertex 2.897200e-02 -1.963623e-04 -7.579015e-02
      vertex 2.863991e-02 -4.702170e-04 -7.560570e-02
      vertex 2.863270e-02 -2.571386e-04 -7.569114e-02
    endloop
  endfacet
  facet normal -1.234772e-01 -8.519709e-01 -5.088211e-01
    outer loop
      vertex 2.897200e-02 -1.963623e-04 -7.579015e-02
      vertex 2.862549e-02 -1.137321e-04 -7.584442e-02
      vertex 2.930486e-02 -5.604814e-05 -7.610587e-02
    endloop
  endfacet
  facet normal -6.763009e-02 -7.301529e-01 -6.799286e-01
    outer loop
      vertex 2.897200e-02 -1.963623e-04 -7.579015e-02
      vertex 2.863270e-02 -2.571386e-04 -7.569114e-02
      vertex 2.862549e-02 -1.137321e-04 -7.584442e-02
    endloop
  endfacet
  facet normal -1.332705e-01 -4.253104e-01 -8.951816e-01
    outer loop
      vertex 2.966755e-02 -4.573475e-04 -7.577499e-02
      vertex 3.000202e-02 -1.800662e-04 -7.595652e-02
      vertex 3.070250e-02 -4.377777e-04 -7.593836e-02
    endloop
  endfacet
  facet normal -8.202945e-02 -1.430036e-01 -9.863170e-01
    outer loop
      vertex 2.966755e-02 -4.573475e-04 -7.577499e-02
      vertex 2.933385e-02 -8.367095e-04 -7.569223e-02
      vertex 2.931935e-02 -3.110790e-04 -7.576723e-02
    endloop
  endfacet
  facet normal -1.539708e-01 -7.940714e-02 -9.848794e-01
    outer loop
      vertex 2.966755e-02 -4.573475e-04 -7.577499e-02
      vertex 3.070250e-02 -4.377777e-04 -7.593836e-02
      vertex 2.933385e-02 -8.367095e-04 -7.569223e-02
    endloop
  endfacet
  facet normal -1.791780e-01 -3.784117e-01 -9.081299e-01
    outer loop
      vertex 2.966755e-02 -4.573475e-04 -7.577499e-02
      vertex 2.931935e-02 -3.110790e-04 -7.576723e-02
      vertex 3.000202e-02 -1.800662e-04 -7.595652e-02
    endloop
  endfacet
  facet normal -1.507646e-01 -6.116605e-01 -7.766218e-01
    outer loop
      vertex 2.931211e-02 -1.439364e-04 -7.589747e-02
      vertex 2.931935e-02 -3.110790e-04 -7.576723e-02
      vertex 2.897200e-02 -1.963623e-04 -7.579015e-02
    endloop
  endfacet
  facet normal 1.920298e-02 -9.210064e-01 -3.890738e-01
    outer loop
      vertex 2.931211e-02 -1.439364e-04 -7.589747e-02
      vertex 2.897200e-02 -1.963623e-04 -7.579015e-02
      vertex 2.930486e-02 -5.604814e-05 -7.610587e-02
    endloop
  endfacet
  facet normal -1.881804e-01 -6.087096e-01 -7.707534e-01
    outer loop
      vertex 2.965302e-02 -1.011676e-04 -7.601448e-02
      vertex 2.931935e-02 -3.110790e-04 -7.576723e-02
      vertex 2.931211e-02 -1.439364e-04 -7.589747e-02
    endloop
  endfacet
  facet normal -5.050239e-02 -7.266858e-01 -6.851111e-01
    outer loop
      vertex 2.965302e-02 -1.011676e-04 -7.601448e-02
      vertex 3.000202e-02 -1.800662e-04 -7.595652e-02
      vertex 2.931935e-02 -3.110790e-04 -7.576723e-02
    endloop
  endfacet
  facet normal -3.785776e-02 -8.979333e-01 -4.385004e-01
    outer loop
      vertex 2.965302e-02 -9.659235e-05 -7.602385e-02
      vertex 2.965302e-02 -1.011676e-04 -7.601448e-02
      vertex 2.931211e-02 -1.439364e-04 -7.589747e-02
    endloop
  endfacet
  facet normal -1.291756e-01 -8.910489e-01 -4.351385e-01
    outer loop
      vertex 2.965302e-02 -9.659235e-05 -7.602385e-02
      vertex 3.000202e-02 -1.800662e-04 -7.595652e-02
      vertex 2.965302e-02 -1.011676e-04 -7.601448e-02
    endloop
  endfacet
  facet normal -1.342954e-01 -8.985261e-01 -4.178703e-01
    outer loop
      vertex 2.965302e-02 -9.386028e-05 -7.602972e-02
      vertex 3.000202e-02 -1.800662e-04 -7.595652e-02
      vertex 2.965302e-02 -9.659235e-05 -7.602385e-02
    endloop
  endfacet
  facet normal -3.038900e-02 -9.063212e-01 -4.214954e-01
    outer loop
      vertex 2.965302e-02 -9.386028e-05 -7.602972e-02
      vertex 2.965302e-02 -9.659235e-05 -7.602385e-02
      vertex 2.931211e-02 -1.439364e-04 -7.589747e-02
    endloop
  endfacet
  facet normal -8.258067e-02 -9.901048e-01 -1.134593e-01
    outer loop
      vertex 2.965302e-02 -9.185752e-05 -7.603418e-02
      vertex 2.930486e-02 -5.011742e-05 -7.614502e-02
      vertex 2.930486e-02 -4.879114e-05 -7.615659e-02
    endloop
  endfacet
  facet normal -7.649439e-02 -9.883071e-01 -1.319000e-01
    outer loop
      vertex 2.965302e-02 -9.185752e-05 -7.603418e-02
      vertex 2.930486e-02 -5.214368e-05 -7.612984e-02
      vertex 2.930486e-02 -5.011742e-05 -7.614502e-02
    endloop
  endfacet
  facet normal -6.824106e-02 -9.846846e-01 -1.604353e-01
    outer loop
      vertex 2.965302e-02 -9.185752e-05 -7.603418e-02
      vertex 2.930486e-02 -5.604814e-05 -7.610587e-02
      vertex 2.930486e-02 -5.214368e-05 -7.612984e-02
    endloop
  endfacet
  facet normal -1.379690e-01 -9.033706e-01 -4.060618e-01
    outer loop
      vertex 2.965302e-02 -9.185752e-05 -7.603418e-02
      vertex 3.000202e-02 -1.800662e-04 -7.595652e-02
      vertex 2.965302e-02 -9.386028e-05 -7.602972e-02
    endloop
  endfacet
  facet normal -1.486179e-02 -9.214986e-01 -3.880973e-01
    outer loop
      vertex 2.965302e-02 -9.185752e-05 -7.603418e-02
      vertex 2.931211e-02 -1.439364e-04 -7.589747e-02
      vertex 2.930486e-02 -5.604814e-05 -7.610587e-02
    endloop
  endfacet
  facet normal -2.506695e-02 -9.118067e-01 -4.098538e-01
    outer loop
      vertex 2.965302e-02 -9.185752e-05 -7.603418e-02
      vertex 2.965302e-02 -9.386028e-05 -7.602972e-02
      vertex 2.931211e-02 -1.439364e-04 -7.589747e-02
    endloop
  endfacet
  facet normal -1.088957e-01 -3.612363e-01 -9.260940e-01
    outer loop
      vertex 3.069518e-02 -2.221609e-04 -7.602161e-02
      vertex 3.070250e-02 -4.377777e-04 -7.593836e-02
      vertex 3.000202e-02 -1.800662e-04 -7.595652e-02
    endloop
  endfacet
  facet normal -1.057878e-01 -7.710123e-01 -6.279721e-01
    outer loop
      vertex 3.069518e-02 -2.221609e-04 -7.602161e-02
      vertex 3.000202e-02 -1.800662e-04 -7.595652e-02
      vertex 3.068787e-02 -8.815996e-05 -7.618490e-02
    endloop
  endfacet
  facet normal -1.168472e-01 -3.611454e-01 -9.251598e-01
    outer loop
      vertex 3.069518e-02 -2.221609e-04 -7.602161e-02
      vertex 3.121532e-02 -2.623560e-04 -7.607161e-02
      vertex 3.070250e-02 -4.377777e-04 -7.593836e-02
    endloop
  endfacet
  facet normal -6.270322e-02 -7.728860e-01 -6.314392e-01
    outer loop
      vertex 3.069518e-02 -2.221609e-04 -7.602161e-02
      vertex 3.068787e-02 -8.815996e-05 -7.618490e-02
      vertex 3.103930e-02 -1.899292e-04 -7.609523e-02
    endloop
  endfacet
  facet normal -1.220883e-01 -5.632379e-01 -8.172255e-01
    outer loop
      vertex 3.069518e-02 -2.221609e-04 -7.602161e-02
      vertex 3.103930e-02 -1.899292e-04 -7.609523e-02
      vertex 3.121532e-02 -2.623560e-04 -7.607161e-02
    endloop
  endfacet
  facet normal 2.132801e-02 -9.831949e-01 1.813089e-01
    outer loop
      vertex 3.033725e-02 -4.972977e-05 -7.628313e-02
      vertex 2.930486e-02 -4.879114e-05 -7.615659e-02
      vertex 3.032266e-02 -2.050594e-04 -7.712373e-02
    endloop
  endfacet
  facet normal 1.583220e-03 -9.293339e-01 -3.692370e-01
    outer loop
      vertex 3.033725e-02 -4.972977e-05 -7.628313e-02
      vertex 3.068787e-02 -8.815996e-05 -7.618490e-02
      vertex 3.000202e-02 -1.800662e-04 -7.595652e-02
    endloop
  endfacet
  facet normal -1.168254e-01 -8.753204e-01 -4.692185e-01
    outer loop
      vertex 3.033725e-02 -4.972977e-05 -7.628313e-02
      vertex 3.000202e-02 -1.800662e-04 -7.595652e-02
      vertex 2.965302e-02 -9.185752e-05 -7.603418e-02
    endloop
  endfacet
  facet normal 1.445576e-01 -9.734691e-01 1.773727e-01
    outer loop
      vertex 3.033725e-02 -4.972977e-05 -7.628313e-02
      vertex 3.032266e-02 -2.050594e-04 -7.712373e-02
      vertex 3.067324e-02 -9.098276e-05 -7.678336e-02
    endloop
  endfacet
  facet normal -3.158953e-02 -9.675851e-01 -2.505618e-01
    outer loop
      vertex 3.033725e-02 -4.972977e-05 -7.628313e-02
      vertex 2.965302e-02 -9.185752e-05 -7.603418e-02
      vertex 2.930486e-02 -4.879114e-05 -7.615659e-02
    endloop
  endfacet
  facet normal -8.398017e-02 -7.077234e-01 -7.014805e-01
    outer loop
      vertex 2.841343e-02 -5.128935e-04 -7.807425e-02
      vertex 2.376938e-02 -4.169217e-04 -7.761510e-02
      vertex 2.249871e-02 -3.177898e-04 -7.756299e-02
    endloop
  endfacet
  facet normal -9.074497e-02 -1.885646e-01 -9.778593e-01
    outer loop
      vertex 2.841343e-02 -5.128935e-04 -7.807425e-02
      vertex 2.249871e-02 -3.177898e-04 -7.756299e-02
      vertex 2.124214e-02 -1.829841e-04 -7.747237e-02
    endloop
  endfacet
  facet normal -4.348557e-02 -9.705438e-01 -2.369676e-01
    outer loop
      vertex 2.841343e-02 -5.128935e-04 -7.807425e-02
      vertex 2.505383e-02 -4.729684e-04 -7.762125e-02
      vertex 2.376938e-02 -4.169217e-04 -7.761510e-02
    endloop
  endfacet
  facet normal -1.585129e-02 -9.777307e-01 2.092641e-01
    outer loop
      vertex 2.841343e-02 -5.128935e-04 -7.807425e-02
      vertex 2.849577e-02 -6.257849e-05 -7.596404e-02
      vertex 2.709111e-02 -4.798987e-05 -7.600227e-02
    endloop
  endfacet
  facet normal 3.813237e-02 -9.695561e-01 2.418819e-01
    outer loop
      vertex 2.841343e-02 -5.128935e-04 -7.807425e-02
      vertex 2.709111e-02 -4.798987e-05 -7.600227e-02
      vertex 2.539112e-02 -4.620091e-04 -7.739382e-02
    endloop
  endfacet
  facet normal 1.543471e-01 -9.674726e-01 2.004338e-01
    outer loop
      vertex 2.841343e-02 -5.128935e-04 -7.807425e-02
      vertex 2.904430e-02 -5.004148e-05 -7.632592e-02
      vertex 2.849577e-02 -6.257849e-05 -7.596404e-02
    endloop
  endfacet
  facet normal -1.321453e-02 -9.998639e-01 -9.880636e-03
    outer loop
      vertex 2.841343e-02 -5.128935e-04 -7.807425e-02
      vertex 2.522236e-02 -4.762301e-04 -7.751659e-02
      vertex 2.505383e-02 -4.729684e-04 -7.762125e-02
    endloop
  endfacet
  facet normal 7.019108e-03 -9.943902e-01 1.055408e-01
    outer loop
      vertex 2.841343e-02 -5.128935e-04 -7.807425e-02
      vertex 2.539112e-02 -4.620091e-04 -7.739382e-02
      vertex 2.522236e-02 -4.762301e-04 -7.751659e-02
    endloop
  endfacet
  facet normal -6.706232e-02 2.860843e-01 -9.558548e-01
    outer loop
      vertex 2.841343e-02 -5.128935e-04 -7.807425e-02
      vertex 2.124214e-02 -1.829841e-04 -7.747237e-02
      vertex 2.000000e-02 0.000000e+00 -7.733046e-02
    endloop
  endfacet
  facet normal -3.563773e-02 -9.899921e-01 1.365488e-01
    outer loop
      vertex 3.068056e-02 -4.353400e-05 -7.643745e-02
      vertex 3.067324e-02 -9.098276e-05 -7.678336e-02
      vertex 3.137685e-02 -5.896960e-05 -7.636763e-02
    endloop
  endfacet
  facet normal -5.958188e-02 -9.832891e-01 -1.720247e-01
    outer loop
      vertex 3.068056e-02 -4.353400e-05 -7.643745e-02
      vertex 3.068787e-02 -8.815996e-05 -7.618490e-02
      vertex 3.033725e-02 -4.972977e-05 -7.628313e-02
    endloop
  endfacet
  facet normal 7.800325e-02 -9.879252e-01 1.338629e-01
    outer loop
      vertex 3.068056e-02 -4.353400e-05 -7.643745e-02
      vertex 3.033725e-02 -4.972977e-05 -7.628313e-02
      vertex 3.067324e-02 -9.098276e-05 -7.678336e-02
    endloop
  endfacet
  facet normal 9.045830e-03 -9.535689e-01 -3.010390e-01
    outer loop
      vertex 3.120798e-02 -1.085793e-04 -7.621556e-02
      vertex 3.068056e-02 -4.353400e-05 -7.643745e-02
      vertex 3.137685e-02 -5.896960e-05 -7.636763e-02
    endloop
  endfacet
  facet normal -6.729095e-02 -7.802588e-01 -6.218265e-01
    outer loop
      vertex 3.120798e-02 -1.085793e-04 -7.621556e-02
      vertex 3.103930e-02 -1.899292e-04 -7.609523e-02
      vertex 3.068787e-02 -8.815996e-05 -7.618490e-02
    endloop
  endfacet
  facet normal -4.878895e-02 -9.838128e-01 -1.724297e-01
    outer loop
      vertex 3.120798e-02 -1.085793e-04 -7.621556e-02
      vertex 3.068787e-02 -8.815996e-05 -7.618490e-02
      vertex 3.068056e-02 -4.353400e-05 -7.643745e-02
    endloop
  endfacet
  facet normal -5.063717e-02 -7.930097e-01 -6.071009e-01
    outer loop
      vertex 3.129607e-02 -1.325146e-04 -7.619164e-02
      vertex 3.103930e-02 -1.899292e-04 -7.609523e-02
      vertex 3.120798e-02 -1.085793e-04 -7.621556e-02
    endloop
  endfacet
  facet normal -5.624930e-02 -9.117629e-01 -4.068469e-01
    outer loop
      vertex 3.129607e-02 -1.325146e-04 -7.619164e-02
      vertex 3.137685e-02 -5.896960e-05 -7.636763e-02
      vertex 3.172987e-02 -1.330806e-04 -7.625035e-02
    endloop
  endfacet
  facet normal -1.511287e-01 -6.187201e-01 -7.709381e-01
    outer loop
      vertex 3.129607e-02 -1.325146e-04 -7.619164e-02
      vertex 3.121532e-02 -2.623560e-04 -7.607161e-02
      vertex 3.103930e-02 -1.899292e-04 -7.609523e-02
    endloop
  endfacet
  facet normal -1.257331e-01 -8.934961e-01 -4.311100e-01
    outer loop
      vertex 3.129607e-02 -1.325146e-04 -7.619164e-02
      vertex 3.120798e-02 -1.085793e-04 -7.621556e-02
      vertex 3.137685e-02 -5.896960e-05 -7.636763e-02
    endloop
  endfacet
  facet normal -1.000238e-01 -6.732661e-01 -7.326036e-01
    outer loop
      vertex 3.156062e-02 -2.262858e-04 -7.614159e-02
      vertex 3.129607e-02 -1.325146e-04 -7.619164e-02
      vertex 3.172987e-02 -1.330806e-04 -7.625035e-02
    endloop
  endfacet
  facet normal -8.596165e-02 -6.469673e-01 -7.576569e-01
    outer loop
      vertex 3.156062e-02 -2.262858e-04 -7.614159e-02
      vertex 3.121532e-02 -2.623560e-04 -7.607161e-02
      vertex 3.129607e-02 -1.325146e-04 -7.619164e-02
    endloop
  endfacet
  facet normal -1.229686e-01 -6.508974e-01 -7.491404e-01
    outer loop
      vertex 3.156062e-02 -2.262858e-04 -7.614159e-02
      vertex 3.172987e-02 -1.330806e-04 -7.625035e-02
      vertex 3.208369e-02 -2.668792e-04 -7.619218e-02
    endloop
  endfacet
  facet normal -1.427586e-01 -3.944568e-01 -9.077576e-01
    outer loop
      vertex 3.156062e-02 -2.262858e-04 -7.614159e-02
      vertex 3.139155e-02 -3.488703e-04 -7.606173e-02
      vertex 3.121532e-02 -2.623560e-04 -7.607161e-02
    endloop
  endfacet
  facet normal -1.196282e-01 -4.208031e-01 -8.992296e-01
    outer loop
      vertex 3.156062e-02 -2.262858e-04 -7.614159e-02
      vertex 3.208369e-02 -2.668792e-04 -7.619218e-02
      vertex 3.139155e-02 -3.488703e-04 -7.606173e-02
    endloop
  endfacet
  facet normal -2.118884e-02 -9.645621e-01 2.630036e-01
    outer loop
      vertex 2.907731e-02 -5.229069e-04 -7.805749e-02
      vertex 2.904430e-02 -5.004148e-05 -7.632592e-02
      vertex 2.841343e-02 -5.128935e-04 -7.807425e-02
    endloop
  endfacet
  facet normal 2.127763e-02 -2.213306e-01 -9.749667e-01
    outer loop
      vertex 2.907731e-02 -5.229069e-04 -7.805749e-02
      vertex 2.841343e-02 -5.128935e-04 -7.807425e-02
      vertex 3.736987e-02 -2.086098e-04 -7.794786e-02
    endloop
  endfacet
  facet normal -6.078352e-03 -9.646877e-01 2.633260e-01
    outer loop
      vertex 2.974430e-02 -5.183628e-04 -7.802544e-02
      vertex 2.904430e-02 -5.004148e-05 -7.632592e-02
      vertex 2.907731e-02 -5.229069e-04 -7.805749e-02
    endloop
  endfacet
  facet normal 3.705176e-02 -7.454557e-01 -6.655246e-01
    outer loop
      vertex 2.974430e-02 -5.183628e-04 -7.802544e-02
      vertex 2.907731e-02 -5.229069e-04 -7.805749e-02
      vertex 3.736987e-02 -2.086098e-04 -7.794786e-02
    endloop
  endfacet
  facet normal 6.517088e-02 -9.548193e-01 2.899532e-01
    outer loop
      vertex 2.974430e-02 -5.183628e-04 -7.802544e-02
      vertex 3.032266e-02 -2.050594e-04 -7.712373e-02
      vertex 2.904430e-02 -5.004148e-05 -7.632592e-02
    endloop
  endfacet
  facet normal -5.700012e-02 -9.772967e-01 -2.040643e-01
    outer loop
      vertex 3.187720e-02 -5.637260e-05 -7.644627e-02
      vertex 3.220181e-02 -4.429460e-05 -7.659478e-02
      vertex 3.196566e-02 -7.034969e-05 -7.640404e-02
    endloop
  endfacet
  facet normal -5.839468e-02 -9.138924e-01 -4.017348e-01
    outer loop
      vertex 3.187720e-02 -5.637260e-05 -7.644627e-02
      vertex 3.172987e-02 -1.330806e-04 -7.625035e-02
      vertex 3.137685e-02 -5.896960e-05 -7.636763e-02
    endloop
  endfacet
  facet normal 1.990774e-02 -9.359767e-01 -3.514985e-01
    outer loop
      vertex 3.187720e-02 -5.637260e-05 -7.644627e-02
      vertex 3.196566e-02 -7.034969e-05 -7.640404e-02
      vertex 3.172987e-02 -1.330806e-04 -7.625035e-02
    endloop
  endfacet
  facet normal 1.065416e-03 -9.996552e-01 -2.623517e-02
    outer loop
      vertex 3.187720e-02 -5.637260e-05 -7.644627e-02
      vertex 3.137685e-02 -5.896960e-05 -7.636763e-02
      vertex 3.202467e-02 -4.922769e-05 -7.671252e-02
    endloop
  endfacet
  facet normal 3.337262e-02 -9.994082e-01 -8.335247e-03
    outer loop
      vertex 3.187720e-02 -5.637260e-05 -7.644627e-02
      vertex 3.202467e-02 -4.922769e-05 -7.671252e-02
      vertex 3.220181e-02 -4.429460e-05 -7.659478e-02
    endloop
  endfacet
  facet normal -1.094570e-01 -9.576488e-01 -2.663231e-01
    outer loop
      vertex 3.214274e-02 -1.070177e-04 -7.634496e-02
      vertex 3.196566e-02 -7.034969e-05 -7.640404e-02
      vertex 3.220181e-02 -4.429460e-05 -7.659478e-02
    endloop
  endfacet
  facet normal -4.224097e-02 -9.006733e-01 -4.324389e-01
    outer loop
      vertex 3.214274e-02 -1.070177e-04 -7.634496e-02
      vertex 3.172987e-02 -1.330806e-04 -7.625035e-02
      vertex 3.196566e-02 -7.034969e-05 -7.640404e-02
    endloop
  endfacet
  facet normal -1.279420e-01 -6.601454e-01 -7.401614e-01
    outer loop
      vertex 3.214274e-02 -1.070177e-04 -7.634496e-02
      vertex 3.208369e-02 -2.668792e-04 -7.619218e-02
      vertex 3.172987e-02 -1.330806e-04 -7.625035e-02
    endloop
  endfacet
  facet normal 4.135857e-02 -9.570050e-01 2.871078e-01
    outer loop
      vertex 3.041436e-02 -4.981678e-04 -7.797699e-02
      vertex 3.621253e-02 -1.193151e-04 -7.754942e-02
      vertex 3.202467e-02 -4.922769e-05 -7.671252e-02
    endloop
  endfacet
  facet normal 4.171036e-02 -9.852142e-01 -1.661724e-01
    outer loop
      vertex 3.041436e-02 -4.981678e-04 -7.797699e-02
      vertex 2.974430e-02 -5.183628e-04 -7.802544e-02
      vertex 3.736987e-02 -2.086098e-04 -7.794786e-02
    endloop
  endfacet
  facet normal 4.971498e-03 -9.455791e-01 3.253543e-01
    outer loop
      vertex 3.041436e-02 -4.981678e-04 -7.797699e-02
      vertex 3.032266e-02 -2.050594e-04 -7.712373e-02
      vertex 2.974430e-02 -5.183628e-04 -7.802544e-02
    endloop
  endfacet
  facet normal -6.945970e-03 -9.459614e-01 3.242049e-01
    outer loop
      vertex 3.041436e-02 -4.981678e-04 -7.797699e-02
      vertex 3.067324e-02 -9.098276e-05 -7.678336e-02
      vertex 3.032266e-02 -2.050594e-04 -7.712373e-02
    endloop
  endfacet
  facet normal 3.802478e-02 -9.458335e-01 3.224176e-01
    outer loop
      vertex 3.041436e-02 -4.981678e-04 -7.797699e-02
      vertex 3.736987e-02 -2.086098e-04 -7.794786e-02
      vertex 3.621253e-02 -1.193151e-04 -7.754942e-02
    endloop
  endfacet
  facet normal 1.247010e-02 -9.471953e-01 3.204147e-01
    outer loop
      vertex 3.041436e-02 -4.981678e-04 -7.797699e-02
      vertex 3.202467e-02 -4.922769e-05 -7.671252e-02
      vertex 3.067324e-02 -9.098276e-05 -7.678336e-02
    endloop
  endfacet
  facet normal -1.053178e-01 -6.664804e-01 -7.380461e-01
    outer loop
      vertex 3.264553e-02 -1.019995e-04 -7.642124e-02
      vertex 3.208369e-02 -2.668792e-04 -7.619218e-02
      vertex 3.214274e-02 -1.070177e-04 -7.634496e-02
    endloop
  endfacet
  facet normal -2.822056e-02 -9.679138e-01 -2.496929e-01
    outer loop
      vertex 3.264553e-02 -1.019995e-04 -7.642124e-02
      vertex 3.214274e-02 -1.070177e-04 -7.634496e-02
      vertex 3.220181e-02 -4.429460e-05 -7.659478e-02
    endloop
  endfacet
  facet normal -3.349599e-02 -5.551273e-01 -8.310907e-01
    outer loop
      vertex 3.264553e-02 -1.019995e-04 -7.642124e-02
      vertex 3.309047e-02 -2.515891e-04 -7.633926e-02
      vertex 3.243830e-02 -4.288578e-04 -7.619456e-02
    endloop
  endfacet
  facet normal -2.160211e-01 -4.602325e-01 -8.611161e-01
    outer loop
      vertex 3.264553e-02 -1.019995e-04 -7.642124e-02
      vertex 3.243830e-02 -4.288578e-04 -7.619456e-02
      vertex 3.208369e-02 -2.668792e-04 -7.619218e-02
    endloop
  endfacet
  facet normal -1.904522e-01 -8.425864e-01 -5.037620e-01
    outer loop
      vertex 3.288268e-02 -5.438550e-05 -7.659054e-02
      vertex 3.309047e-02 -2.515891e-04 -7.633926e-02
      vertex 3.264553e-02 -1.019995e-04 -7.642124e-02
    endloop
  endfacet
  facet normal -4.656036e-02 -9.105807e-01 -4.107004e-01
    outer loop
      vertex 3.288268e-02 -5.438550e-05 -7.659054e-02
      vertex 3.467228e-02 -9.371164e-05 -7.670623e-02
      vertex 3.374526e-02 -1.242205e-04 -7.653349e-02
    endloop
  endfacet
  facet normal -2.447512e-02 -7.961654e-01 -6.045839e-01
    outer loop
      vertex 3.288268e-02 -5.438550e-05 -7.659054e-02
      vertex 3.374526e-02 -1.242205e-04 -7.653349e-02
      vertex 3.309047e-02 -2.515891e-04 -7.633926e-02
    endloop
  endfacet
  facet normal -1.240998e-02 -9.579121e-01 -2.867934e-01
    outer loop
      vertex 3.288268e-02 -5.438550e-05 -7.659054e-02
      vertex 3.264553e-02 -1.019995e-04 -7.642124e-02
      vertex 3.220181e-02 -4.429460e-05 -7.659478e-02
    endloop
  endfacet
  facet normal -1.519061e-02 -9.977919e-01 6.465744e-02
    outer loop
      vertex 3.288268e-02 -5.438550e-05 -7.659054e-02
      vertex 3.220181e-02 -4.429460e-05 -7.659478e-02
      vertex 3.202467e-02 -4.922769e-05 -7.671252e-02
    endloop
  endfacet
  facet normal -1.361004e-01 -3.208103e-01 -9.373139e-01
    outer loop
      vertex 3.450744e-02 -4.309342e-04 -7.648362e-02
      vertex 3.309047e-02 -2.515891e-04 -7.633926e-02
      vertex 3.401387e-02 -2.129610e-04 -7.648656e-02
    endloop
  endfacet
  facet normal -1.382639e-01 2.986393e-02 -9.899451e-01
    outer loop
      vertex 3.450744e-02 -4.309342e-04 -7.648362e-02
      vertex 3.500243e-02 -7.322242e-04 -7.656184e-02
      vertex 3.243830e-02 -4.288578e-04 -7.619456e-02
    endloop
  endfacet
  facet normal -1.328648e-01 -2.858160e-01 -9.490291e-01
    outer loop
      vertex 3.450744e-02 -4.309342e-04 -7.648362e-02
      vertex 3.243830e-02 -4.288578e-04 -7.619456e-02
      vertex 3.309047e-02 -2.515891e-04 -7.633926e-02
    endloop
  endfacet
  facet normal -1.878824e-01 -4.372838e-01 -8.794789e-01
    outer loop
      vertex 3.450744e-02 -4.309342e-04 -7.648362e-02
      vertex 3.401387e-02 -2.129610e-04 -7.648656e-02
      vertex 3.471726e-02 -1.057883e-04 -7.669011e-02
    endloop
  endfacet
  facet normal 7.836181e-02 -5.699929e-01 -8.179044e-01
    outer loop
      vertex 3.450744e-02 -4.309342e-04 -7.648362e-02
      vertex 3.471726e-02 -1.057883e-04 -7.669011e-02
      vertex 3.480727e-02 -1.339321e-04 -7.666187e-02
    endloop
  endfacet
  facet normal -1.579047e-01 -3.052182e-03 -9.874496e-01
    outer loop
      vertex 3.490482e-02 -3.671431e-04 -7.654736e-02
      vertex 3.500243e-02 -7.322242e-04 -7.656184e-02
      vertex 3.450744e-02 -4.309342e-04 -7.648362e-02
    endloop
  endfacet
  facet normal -6.759209e-02 -4.623804e-01 -8.841016e-01
    outer loop
      vertex 3.490482e-02 -3.671431e-04 -7.654736e-02
      vertex 3.450744e-02 -4.309342e-04 -7.648362e-02
      vertex 3.480727e-02 -1.339321e-04 -7.666187e-02
    endloop
  endfacet
  facet normal -8.190834e-02 -4.666659e-01 -8.806327e-01
    outer loop
      vertex 3.530312e-02 -3.079946e-04 -7.661575e-02
      vertex 3.490482e-02 -3.671431e-04 -7.654736e-02
      vertex 3.480727e-02 -1.339321e-04 -7.666187e-02
    endloop
  endfacet
  facet normal -1.683725e-01 -5.920098e-03 -9.857057e-01
    outer loop
      vertex 3.530312e-02 -3.079946e-04 -7.661575e-02
      vertex 3.500243e-02 -7.322242e-04 -7.656184e-02
      vertex 3.490482e-02 -3.671431e-04 -7.654736e-02
    endloop
  endfacet
  facet normal -1.492155e-01 -6.275413e-01 -7.641510e-01
    outer loop
      vertex 3.530312e-02 -3.079946e-04 -7.661575e-02
      vertex 3.480727e-02 -1.339321e-04 -7.666187e-02
      vertex 3.560432e-02 -7.939942e-05 -7.686230e-02
    endloop
  endfacet
  facet normal -1.077570e-01 -4.980112e-02 -9.929291e-01
    outer loop
      vertex 3.530312e-02 -3.079946e-04 -7.661575e-02
      vertex 3.580038e-02 -5.707316e-04 -7.665654e-02
      vertex 3.500243e-02 -7.322242e-04 -7.656184e-02
    endloop
  endfacet
  facet normal -3.266293e-02 -7.126945e-01 -7.007136e-01
    outer loop
      vertex 3.570232e-02 -2.539791e-04 -7.668930e-02
      vertex 3.530312e-02 -3.079946e-04 -7.661575e-02
      vertex 3.560432e-02 -7.939942e-05 -7.686230e-02
    endloop
  endfacet
  facet normal -1.594282e-01 -1.502679e-01 -9.757060e-01
    outer loop
      vertex 3.570232e-02 -2.539791e-04 -7.668930e-02
      vertex 3.580038e-02 -5.707316e-04 -7.665654e-02
      vertex 3.530312e-02 -3.079946e-04 -7.661575e-02
    endloop
  endfacet
  facet normal -1.525624e-01 -9.428311e-02 -9.837863e-01
    outer loop
      vertex 3.626119e-02 -2.678736e-04 -7.675703e-02
      vertex 3.701157e-02 -6.967492e-04 -7.683229e-02
      vertex 3.580038e-02 -5.707316e-04 -7.665654e-02
    endloop
  endfacet
  facet normal -1.225449e-01 -1.395631e-01 -9.826011e-01
    outer loop
      vertex 3.626119e-02 -2.678736e-04 -7.675703e-02
      vertex 3.580038e-02 -5.707316e-04 -7.665654e-02
      vertex 3.570232e-02 -2.539791e-04 -7.668930e-02
    endloop
  endfacet
  facet normal -1.002692e-01 -7.281650e-01 -6.780279e-01
    outer loop
      vertex 3.626119e-02 -2.678736e-04 -7.675703e-02
      vertex 3.570232e-02 -2.539791e-04 -7.668930e-02
      vertex 3.560432e-02 -7.939942e-05 -7.686230e-02
    endloop
  endfacet
  facet normal 1.846676e-02 -9.844216e-01 1.748516e-01
    outer loop
      vertex 3.544073e-02 -4.824033e-05 -7.706775e-02
      vertex 3.202467e-02 -4.922769e-05 -7.671252e-02
      vertex 3.621253e-02 -1.193151e-04 -7.754942e-02
    endloop
  endfacet
  facet normal -2.371683e-03 -9.996698e-01 -2.558620e-02
    outer loop
      vertex 3.544073e-02 -4.824033e-05 -7.706775e-02
      vertex 3.288268e-02 -5.438550e-05 -7.659054e-02
      vertex 3.202467e-02 -4.922769e-05 -7.671252e-02
    endloop
  endfacet
  facet normal -3.420447e-02 -9.800132e-01 -1.959699e-01
    outer loop
      vertex 3.544073e-02 -4.824033e-05 -7.706775e-02
      vertex 3.467228e-02 -9.371164e-05 -7.670623e-02
      vertex 3.288268e-02 -5.438550e-05 -7.659054e-02
    endloop
  endfacet
  facet normal -1.194380e-01 -9.913038e-01 -5.523857e-02
    outer loop
      vertex 3.544073e-02 -4.824033e-05 -7.706775e-02
      vertex 3.560432e-02 -7.939942e-05 -7.686230e-02
      vertex 3.542354e-02 -5.280096e-05 -7.694874e-02
    endloop
  endfacet
  facet normal 4.407878e-02 -9.985187e-01 -3.189794e-02
    outer loop
      vertex 3.544073e-02 -4.824033e-05 -7.706775e-02
      vertex 3.542354e-02 -5.280096e-05 -7.694874e-02
      vertex 3.467228e-02 -9.371164e-05 -7.670623e-02
    endloop
  endfacet
  facet normal -1.086546e-01 -1.567562e-02 -9.939560e-01
    outer loop
      vertex 3.686732e-02 -3.078890e-04 -7.682265e-02
      vertex 3.701157e-02 -6.967492e-04 -7.683229e-02
      vertex 3.626119e-02 -2.678736e-04 -7.675703e-02
    endloop
  endfacet
  facet normal -1.243161e-01 -6.413481e-01 -7.571117e-01
    outer loop
      vertex 3.686732e-02 -3.078890e-04 -7.682265e-02
      vertex 3.626119e-02 -2.678736e-04 -7.675703e-02
      vertex 3.672318e-02 -9.127257e-05 -7.698248e-02
    endloop
  endfacet
  facet normal -2.926661e-02 -9.914628e-01 -1.270626e-01
    outer loop
      vertex 3.590817e-02 -5.073177e-05 -7.715598e-02
      vertex 3.560432e-02 -7.939942e-05 -7.686230e-02
      vertex 3.544073e-02 -4.824033e-05 -7.706775e-02
    endloop
  endfacet
  facet normal 3.164655e-02 -9.802227e-01 1.953507e-01
    outer loop
      vertex 3.590817e-02 -5.073177e-05 -7.715598e-02
      vertex 3.544073e-02 -4.824033e-05 -7.706775e-02
      vertex 3.621253e-02 -1.193151e-04 -7.754942e-02
    endloop
  endfacet
  facet normal -2.152551e-01 -9.250360e-01 -3.130074e-01
    outer loop
      vertex 3.590817e-02 -5.073177e-05 -7.715598e-02
      vertex 3.626119e-02 -2.678736e-04 -7.675703e-02
      vertex 3.560432e-02 -7.939942e-05 -7.686230e-02
    endloop
  endfacet
  facet normal -1.156355e-01 2.650066e-01 -9.572878e-01
    outer loop
      vertex 3.768874e-02 -8.288286e-04 -7.694610e-02
      vertex 3.725477e-02 -1.754205e-03 -7.714985e-02
      vertex 3.705714e-02 -7.377988e-04 -7.684460e-02
    endloop
  endfacet
  facet normal -2.630159e-02 -4.774809e-01 -8.782484e-01
    outer loop
      vertex 3.758968e-02 -4.266960e-04 -7.689602e-02
      vertex 3.803206e-02 -1.648043e-04 -7.705165e-02
      vertex 3.812371e-02 -2.032376e-04 -7.703350e-02
    endloop
  endfacet
  facet normal -1.458522e-01 8.679744e-02 -9.854914e-01
    outer loop
      vertex 3.758968e-02 -4.266960e-04 -7.689602e-02
      vertex 3.768874e-02 -8.288286e-04 -7.694610e-02
      vertex 3.705714e-02 -7.377988e-04 -7.684460e-02
    endloop
  endfacet
  facet normal -7.945459e-02 -2.866688e-02 -9.964262e-01
    outer loop
      vertex 3.754398e-02 -3.954886e-04 -7.689327e-02
      vertex 3.758968e-02 -4.266960e-04 -7.689602e-02
      vertex 3.705714e-02 -7.377988e-04 -7.684460e-02
    endloop
  endfacet
  facet normal -2.063512e-01 -2.182592e-01 -9.538250e-01
    outer loop
      vertex 3.754398e-02 -3.954886e-04 -7.689327e-02
      vertex 3.803206e-02 -1.648043e-04 -7.705165e-02
      vertex 3.758968e-02 -4.266960e-04 -7.689602e-02
    endloop
  endfacet
  facet normal -1.076988e-01 -1.531835e-02 -9.940656e-01
    outer loop
      vertex 3.752113e-02 -3.803708e-04 -7.689237e-02
      vertex 3.701157e-02 -6.967492e-04 -7.683229e-02
      vertex 3.686732e-02 -3.078890e-04 -7.682265e-02
    endloop
  endfacet
  facet normal -1.763460e-01 9.802247e-02 -9.794354e-01
    outer loop
      vertex 3.752113e-02 -3.803708e-04 -7.689237e-02
      vertex 3.705714e-02 -7.377988e-04 -7.684460e-02
      vertex 3.701157e-02 -6.967492e-04 -7.683229e-02
    endloop
  endfacet
  facet normal -1.514711e-01 -6.501513e-01 -7.445535e-01
    outer loop
      vertex 3.752113e-02 -3.803708e-04 -7.689237e-02
      vertex 3.686732e-02 -3.078890e-04 -7.682265e-02
      vertex 3.672318e-02 -9.127257e-05 -7.698248e-02
    endloop
  endfacet
  facet normal -6.853312e-02 -4.423368e-02 -9.966677e-01
    outer loop
      vertex 3.752113e-02 -3.803708e-04 -7.689237e-02
      vertex 3.754398e-02 -3.954886e-04 -7.689327e-02
      vertex 3.705714e-02 -7.377988e-04 -7.684460e-02
    endloop
  endfacet
  facet normal -1.956348e-01 -2.390576e-01 -9.510933e-01
    outer loop
      vertex 3.752113e-02 -3.803708e-04 -7.689237e-02
      vertex 3.803206e-02 -1.648043e-04 -7.705165e-02
      vertex 3.754398e-02 -3.954886e-04 -7.689327e-02
    endloop
  endfacet
  facet normal 1.760680e-01 -9.171262e-01 -3.576025e-01
    outer loop
      vertex 3.646768e-02 -5.126942e-05 -7.721088e-02
      vertex 3.672318e-02 -9.127257e-05 -7.698248e-02
      vertex 3.626119e-02 -2.678736e-04 -7.675703e-02
    endloop
  endfacet
  facet normal 1.716700e-02 -9.826683e-01 1.845759e-01
    outer loop
      vertex 3.646768e-02 -5.126942e-05 -7.721088e-02
      vertex 3.590817e-02 -5.073177e-05 -7.715598e-02
      vertex 3.621253e-02 -1.193151e-04 -7.754942e-02
    endloop
  endfacet
  facet normal -4.469834e-02 -8.935264e-01 -4.467802e-01
    outer loop
      vertex 3.646768e-02 -5.126942e-05 -7.721088e-02
      vertex 3.626119e-02 -2.678736e-04 -7.675703e-02
      vertex 3.590817e-02 -5.073177e-05 -7.715598e-02
    endloop
  endfacet
  facet normal -1.465305e-01 2.190689e-01 -9.646438e-01
    outer loop
      vertex 3.829951e-02 -9.014782e-04 -7.704362e-02
      vertex 4.067641e-02 -4.161898e-04 -7.729446e-02
      vertex 4.216711e-02 -1.729398e-03 -7.781913e-02
    endloop
  endfacet
  facet normal -1.483317e-01 2.118969e-01 -9.659697e-01
    outer loop
      vertex 3.829951e-02 -9.014782e-04 -7.704362e-02
      vertex 4.216711e-02 -1.729398e-03 -7.781913e-02
      vertex 3.675352e-02 -3.730311e-03 -7.742676e-02
    endloop
  endfacet
  facet normal -1.042504e-01 -3.471994e-03 -9.945450e-01
    outer loop
      vertex 3.829951e-02 -9.014782e-04 -7.704362e-02
      vertex 3.934990e-02 -2.732919e-04 -7.715591e-02
      vertex 4.067641e-02 -4.161898e-04 -7.729446e-02
    endloop
  endfacet
  facet normal -1.208663e-01 2.671840e-01 -9.560356e-01
    outer loop
      vertex 3.829951e-02 -9.014782e-04 -7.704362e-02
      vertex 3.725477e-02 -1.754205e-03 -7.714985e-02
      vertex 3.768874e-02 -8.288286e-04 -7.694610e-02
    endloop
  endfacet
  facet normal -2.316635e-01 -4.424487e-02 -9.717893e-01
    outer loop
      vertex 3.829951e-02 -9.014782e-04 -7.704362e-02
      vertex 3.758968e-02 -4.266960e-04 -7.689602e-02
      vertex 3.812371e-02 -2.032376e-04 -7.703350e-02
    endloop
  endfacet
  facet normal -1.470394e-01 8.648640e-02 -9.853423e-01
    outer loop
      vertex 3.829951e-02 -9.014782e-04 -7.704362e-02
      vertex 3.768874e-02 -8.288286e-04 -7.694610e-02
      vertex 3.758968e-02 -4.266960e-04 -7.689602e-02
    endloop
  endfacet
  facet normal -1.583984e-02 1.426947e-01 -9.896400e-01
    outer loop
      vertex 3.829951e-02 -9.014782e-04 -7.704362e-02
      vertex 3.675352e-02 -3.730311e-03 -7.742676e-02
      vertex 3.725477e-02 -1.754205e-03 -7.714985e-02
    endloop
  endfacet
  facet normal -5.050008e-02 -9.918208e-01 -1.172229e-01
    outer loop
      vertex 3.704625e-02 -6.140180e-05 -7.737440e-02
      vertex 3.672318e-02 -9.127257e-05 -7.698248e-02
      vertex 3.646768e-02 -5.126942e-05 -7.721088e-02
    endloop
  endfacet
  facet normal 3.188482e-02 -9.842639e-01 1.738041e-01
    outer loop
      vertex 3.704625e-02 -6.140180e-05 -7.737440e-02
      vertex 3.646768e-02 -5.126942e-05 -7.721088e-02
      vertex 3.621253e-02 -1.193151e-04 -7.754942e-02
    endloop
  endfacet
  facet normal 1.346187e-02 -9.666528e-01 2.557366e-01
    outer loop
      vertex 3.704625e-02 -6.140180e-05 -7.737440e-02
      vertex 3.621253e-02 -1.193151e-04 -7.754942e-02
      vertex 3.736987e-02 -2.086098e-04 -7.794786e-02
    endloop
  endfacet
  facet normal 4.360443e-02 -9.718191e-01 2.316598e-01
    outer loop
      vertex 3.770068e-02 -5.495094e-05 -7.736552e-02
      vertex 3.736987e-02 -2.086098e-04 -7.794786e-02
      vertex 3.877518e-02 -1.061192e-04 -7.778242e-02
    endloop
  endfacet
  facet normal 1.074527e-02 -9.976828e-01 -6.718333e-02
    outer loop
      vertex 3.770068e-02 -5.495094e-05 -7.736552e-02
      vertex 3.672318e-02 -9.127257e-05 -7.698248e-02
      vertex 3.704625e-02 -6.140180e-05 -7.737440e-02
    endloop
  endfacet
  facet normal 6.124222e-03 -9.677404e-01 2.518749e-01
    outer loop
      vertex 3.770068e-02 -5.495094e-05 -7.736552e-02
      vertex 3.704625e-02 -6.140180e-05 -7.737440e-02
      vertex 3.736987e-02 -2.086098e-04 -7.794786e-02
    endloop
  endfacet
  facet normal -2.092898e-01 -7.668017e-01 -6.068055e-01
    outer loop
      vertex 3.770068e-02 -5.495094e-05 -7.736552e-02
      vertex 3.752113e-02 -3.803708e-04 -7.689237e-02
      vertex 3.672318e-02 -9.127257e-05 -7.698248e-02
    endloop
  endfacet
  facet normal 1.979459e-01 -8.410962e-01 -5.033633e-01
    outer loop
      vertex 3.770068e-02 -5.495094e-05 -7.736552e-02
      vertex 3.803206e-02 -1.648043e-04 -7.705165e-02
      vertex 3.752113e-02 -3.803708e-04 -7.689237e-02
    endloop
  endfacet
  facet normal -3.052100e-01 -6.307422e-02 -9.501939e-01
    outer loop
      vertex 3.856949e-02 -1.145898e-04 -7.718257e-02
      vertex 3.829951e-02 -9.014782e-04 -7.704362e-02
      vertex 3.812371e-02 -2.032376e-04 -7.703350e-02
    endloop
  endfacet
  facet normal -1.613323e-03 -1.733593e-01 -9.848573e-01
    outer loop
      vertex 3.856949e-02 -1.145898e-04 -7.718257e-02
      vertex 3.934990e-02 -2.732919e-04 -7.715591e-02
      vertex 3.829951e-02 -9.014782e-04 -7.704362e-02
    endloop
  endfacet
  facet normal -9.106517e-02 -8.953538e-01 -4.359458e-01
    outer loop
      vertex 3.852355e-02 -1.021795e-04 -7.719846e-02
      vertex 3.901628e-02 -6.712284e-05 -7.737339e-02
      vertex 3.856949e-02 -1.145898e-04 -7.718257e-02
    endloop
  endfacet
  facet normal -2.606445e-02 -8.230432e-01 -5.673804e-01
    outer loop
      vertex 3.852355e-02 -1.021795e-04 -7.719846e-02
      vertex 3.856949e-02 -1.145898e-04 -7.718257e-02
      vertex 3.812371e-02 -2.032376e-04 -7.703350e-02
    endloop
  endfacet
  facet normal -1.341806e-01 -6.663686e-01 -7.334496e-01
    outer loop
      vertex 3.852355e-02 -1.021795e-04 -7.719846e-02
      vertex 3.812371e-02 -2.032376e-04 -7.703350e-02
      vertex 3.803206e-02 -1.648043e-04 -7.705165e-02
    endloop
  endfacet
  facet normal -7.305167e-03 -9.950436e-01 9.917096e-02
    outer loop
      vertex 3.840326e-02 -5.920520e-05 -7.733910e-02
      vertex 3.877518e-02 -1.061192e-04 -7.778242e-02
      vertex 3.901628e-02 -6.712284e-05 -7.737339e-02
    endloop
  endfacet
  facet normal -9.681263e-03 -9.952182e-01 9.719606e-02
    outer loop
      vertex 3.840326e-02 -5.920520e-05 -7.733910e-02
      vertex 3.770068e-02 -5.495094e-05 -7.736552e-02
      vertex 3.877518e-02 -1.061192e-04 -7.778242e-02
    endloop
  endfacet
  facet normal 6.967333e-03 -9.415213e-01 -3.368814e-01
    outer loop
      vertex 3.840326e-02 -5.920520e-05 -7.733910e-02
      vertex 3.803206e-02 -1.648043e-04 -7.705165e-02
      vertex 3.770068e-02 -5.495094e-05 -7.736552e-02
    endloop
  endfacet
  facet normal -2.755773e-02 -9.623304e-01 -2.704823e-01
    outer loop
      vertex 3.840326e-02 -5.920520e-05 -7.733910e-02
      vertex 3.901628e-02 -6.712284e-05 -7.737339e-02
      vertex 3.852355e-02 -1.021795e-04 -7.719846e-02
    endloop
  endfacet
  facet normal 2.732734e-02 -9.492219e-01 -3.134183e-01
    outer loop
      vertex 3.840326e-02 -5.920520e-05 -7.733910e-02
      vertex 3.852355e-02 -1.021795e-04 -7.719846e-02
      vertex 3.803206e-02 -1.648043e-04 -7.705165e-02
    endloop
  endfacet
  facet normal -8.563973e-02 -5.595903e-01 -8.243328e-01
    outer loop
      vertex 3.918301e-02 -1.368473e-04 -7.723120e-02
      vertex 3.934990e-02 -2.732919e-04 -7.715591e-02
      vertex 3.856949e-02 -1.145898e-04 -7.718257e-02
    endloop
  endfacet
  facet normal -6.349318e-02 -9.234694e-01 -3.783818e-01
    outer loop
      vertex 3.918301e-02 -1.368473e-04 -7.723120e-02
      vertex 3.856949e-02 -1.145898e-04 -7.718257e-02
      vertex 3.901628e-02 -6.712284e-05 -7.737339e-02
    endloop
  endfacet
  facet normal -8.847420e-02 -5.619899e-01 -8.223987e-01
    outer loop
      vertex 3.984466e-02 -1.802416e-04 -7.727273e-02
      vertex 3.934990e-02 -2.732919e-04 -7.715591e-02
      vertex 3.918301e-02 -1.368473e-04 -7.723120e-02
    endloop
  endfacet
  facet normal -1.378947e-01 -4.027410e-01 -9.048672e-01
    outer loop
      vertex 3.984466e-02 -1.802416e-04 -7.727273e-02
      vertex 4.067641e-02 -4.161898e-04 -7.729446e-02
      vertex 3.934990e-02 -2.732919e-04 -7.715591e-02
    endloop
  endfacet
  facet normal -8.346708e-02 -9.299336e-01 -3.581294e-01
    outer loop
      vertex 3.984466e-02 -1.802416e-04 -7.727273e-02
      vertex 3.918301e-02 -1.368473e-04 -7.723120e-02
      vertex 3.901628e-02 -6.712284e-05 -7.737339e-02
    endloop
  endfacet
  facet normal -1.713149e-01 -5.272402e-01 -8.322674e-01
    outer loop
      vertex 4.034063e-02 -1.141146e-04 -7.741671e-02
      vertex 4.067641e-02 -4.161898e-04 -7.729446e-02
      vertex 3.984466e-02 -1.802416e-04 -7.727273e-02
    endloop
  endfacet
  facet normal 1.280357e-02 -9.960894e-01 8.741783e-02
    outer loop
      vertex 4.021925e-02 -6.751926e-05 -7.755410e-02
      vertex 3.901628e-02 -6.712284e-05 -7.737339e-02
      vertex 3.877518e-02 -1.061192e-04 -7.778242e-02
    endloop
  endfacet
  facet normal -6.746134e-02 -8.919213e-01 -4.471301e-01
    outer loop
      vertex 4.021925e-02 -6.751926e-05 -7.755410e-02
      vertex 3.984466e-02 -1.802416e-04 -7.727273e-02
      vertex 3.901628e-02 -6.712284e-05 -7.737339e-02
    endloop
  endfacet
  facet normal 2.607482e-02 -9.394648e-01 -3.416517e-01
    outer loop
      vertex 4.021925e-02 -6.751926e-05 -7.755410e-02
      vertex 4.034063e-02 -1.141146e-04 -7.741671e-02
      vertex 3.984466e-02 -1.802416e-04 -7.727273e-02
    endloop
  endfacet
  facet normal -1.777730e-01 -8.900697e-02 -9.800380e-01
    outer loop
      vertex 4.192015e-02 -7.870468e-04 -7.748639e-02
      vertex 4.067641e-02 -4.161898e-04 -7.729446e-02
      vertex 4.167347e-02 -1.959739e-04 -7.749532e-02
    endloop
  endfacet
  facet normal -8.824268e-02 -5.186372e-02 -9.947479e-01
    outer loop
      vertex 4.192015e-02 -7.870468e-04 -7.748639e-02
      vertex 4.167347e-02 -1.959739e-04 -7.749532e-02
      vertex 4.301452e-02 -3.119723e-04 -7.760824e-02
    endloop
  endfacet
  facet normal -5.030138e-02 3.207818e-01 -9.458165e-01
    outer loop
      vertex 4.192015e-02 -7.870468e-04 -7.748639e-02
      vertex 4.216711e-02 -1.729398e-03 -7.781913e-02
      vertex 4.067641e-02 -4.161898e-04 -7.729446e-02
    endloop
  endfacet
  facet normal -2.870616e-02 -9.540689e-01 -2.982089e-01
    outer loop
      vertex 4.088424e-02 -8.318743e-05 -7.756799e-02
      vertex 4.034063e-02 -1.141146e-04 -7.741671e-02
      vertex 4.021925e-02 -6.751926e-05 -7.755410e-02
    endloop
  endfacet
  facet normal -1.808430e-02 -6.278495e-01 -7.781247e-01
    outer loop
      vertex 4.088424e-02 -8.318743e-05 -7.756799e-02
      vertex 4.167347e-02 -1.959739e-04 -7.749532e-02
      vertex 4.067641e-02 -4.161898e-04 -7.729446e-02
    endloop
  endfacet
  facet normal -1.954578e-01 -5.467504e-01 -8.141623e-01
    outer loop
      vertex 4.088424e-02 -8.318743e-05 -7.756799e-02
      vertex 4.067641e-02 -4.161898e-04 -7.729446e-02
      vertex 4.034063e-02 -1.141146e-04 -7.741671e-02
    endloop
  endfacet
  facet normal -1.703255e-02 -9.625816e-01 2.704563e-01
    outer loop
      vertex 4.088424e-02 -8.318743e-05 -7.756799e-02
      vertex 4.021925e-02 -6.751926e-05 -7.755410e-02
      vertex 3.877518e-02 -1.061192e-04 -7.778242e-02
    endloop
  endfacet
  facet normal -1.485349e-01 8.956427e-02 -9.848429e-01
    outer loop
      vertex 4.259042e-02 -9.015538e-04 -7.759789e-02
      vertex 4.192015e-02 -7.870468e-04 -7.748639e-02
      vertex 4.301452e-02 -3.119723e-04 -7.760824e-02
    endloop
  endfacet
  facet normal -1.050164e-01 3.065258e-01 -9.460515e-01
    outer loop
      vertex 4.259042e-02 -9.015538e-04 -7.759789e-02
      vertex 4.216711e-02 -1.729398e-03 -7.781913e-02
      vertex 4.192015e-02 -7.870468e-04 -7.748639e-02
    endloop
  endfacet
  facet normal -2.299689e-01 1.485465e-01 -9.617943e-01
    outer loop
      vertex 4.296539e-02 -1.200673e-03 -7.773375e-02
      vertex 4.259042e-02 -9.015538e-04 -7.759789e-02
      vertex 4.301452e-02 -3.119723e-04 -7.760824e-02
    endloop
  endfacet
  facet normal -1.003319e-01 3.044456e-01 -9.472309e-01
    outer loop
      vertex 4.296539e-02 -1.200673e-03 -7.773375e-02
      vertex 4.216711e-02 -1.729398e-03 -7.781913e-02
      vertex 4.259042e-02 -9.015538e-04 -7.759789e-02
    endloop
  endfacet
  facet normal -1.268609e-01 3.419004e-01 -9.311340e-01
    outer loop
      vertex 4.296539e-02 -1.200673e-03 -7.773375e-02
      vertex 4.291628e-02 -2.411386e-03 -7.817162e-02
      vertex 4.216711e-02 -1.729398e-03 -7.781913e-02
    endloop
  endfacet
  facet normal -2.272799e-03 -9.917190e-01 1.284063e-01
    outer loop
      vertex 4.339462e-02 -1.205388e-04 -7.781203e-02
      vertex 4.088424e-02 -8.318743e-05 -7.756799e-02
      vertex 3.877518e-02 -1.061192e-04 -7.778242e-02
    endloop
  endfacet
  facet normal -1.185967e-01 -6.037216e-01 -7.883242e-01
    outer loop
      vertex 4.339462e-02 -1.205388e-04 -7.781203e-02
      vertex 4.301452e-02 -3.119723e-04 -7.760824e-02
      vertex 4.167347e-02 -1.959739e-04 -7.749532e-02
    endloop
  endfacet
  facet normal -5.240005e-01 1.474379e-01 -8.388597e-01
    outer loop
      vertex 4.339462e-02 -1.205388e-04 -7.781203e-02
      vertex 4.296539e-02 -1.200673e-03 -7.773375e-02
      vertex 4.301452e-02 -3.119723e-04 -7.760824e-02
    endloop
  endfacet
  facet normal -6.664111e-02 -8.264699e-01 -5.590228e-01
    outer loop
      vertex 4.339462e-02 -1.205388e-04 -7.781203e-02
      vertex 4.167347e-02 -1.959739e-04 -7.749532e-02
      vertex 4.088424e-02 -8.318743e-05 -7.756799e-02
    endloop
  endfacet
  facet normal -1.419002e-01 -1.533923e-02 -9.897621e-01
    outer loop
      vertex 4.531816e-02 -1.162480e-04 -7.808787e-02
      vertex 4.296539e-02 -1.200673e-03 -7.773375e-02
      vertex 4.339462e-02 -1.205388e-04 -7.781203e-02
    endloop
  endfacet
  facet normal 1.785076e-02 -9.107428e-01 4.125880e-01
    outer loop
      vertex 4.531816e-02 -1.162480e-04 -7.808787e-02
      vertex 3.877518e-02 -1.061192e-04 -7.778242e-02
      vertex 3.736987e-02 -2.086098e-04 -7.794786e-02
    endloop
  endfacet
  facet normal -3.369260e-03 -9.992320e-01 -3.903850e-02
    outer loop
      vertex 4.531816e-02 -1.162480e-04 -7.808787e-02
      vertex 4.339462e-02 -1.205388e-04 -7.781203e-02
      vertex 3.877518e-02 -1.061192e-04 -7.778242e-02
    endloop
  endfacet
  facet normal -2.236861e-01 3.394956e-01 -9.136232e-01
    outer loop
      vertex 4.604571e-02 -1.585252e-04 -7.810066e-02
      vertex 4.291628e-02 -2.411386e-03 -7.817162e-02
      vertex 4.296539e-02 -1.200673e-03 -7.773375e-02
    endloop
  endfacet
  facet normal -3.143730e-02 -2.479770e-01 -9.682557e-01
    outer loop
      vertex 4.604571e-02 -1.585252e-04 -7.810066e-02
      vertex 4.296539e-02 -1.200673e-03 -7.773375e-02
      vertex 4.531816e-02 -1.162480e-04 -7.808787e-02
    endloop
  endfacet
  facet normal -1.376565e-01 2.216220e-01 -9.653675e-01
    outer loop
      vertex 4.604571e-02 -1.585252e-04 -7.810066e-02
      vertex 4.593726e-02 -4.565554e-03 -7.909693e-02
      vertex 4.291628e-02 -2.411386e-03 -7.817162e-02
    endloop
  endfacet
  facet normal -1.616370e-02 2.208492e-01 -9.751740e-01
    outer loop
      vertex 4.604571e-02 -1.585252e-04 -7.810066e-02
      vertex 4.810853e-02 -4.999014e-04 -7.821217e-02
      vertex 4.593726e-02 -4.565554e-03 -7.909693e-02
    endloop
  endfacet
  facet normal -1.192648e-01 -4.280667e-01 -8.958431e-01
    outer loop
      vertex 4.604571e-02 -1.585252e-04 -7.810066e-02
      vertex 5.353193e-02 -6.453595e-04 -7.886469e-02
      vertex 4.810853e-02 -4.999014e-04 -7.821217e-02
    endloop
  endfacet
  facet normal -6.033424e-02 -9.240586e-01 -3.774592e-01
    outer loop
      vertex 5.878596e-02 -4.118442e-04 -7.951695e-02
      vertex 4.604571e-02 -1.585252e-04 -7.810066e-02
      vertex 4.531816e-02 -1.162480e-04 -7.808787e-02
    endloop
  endfacet
  facet normal 1.710975e-02 -9.348569e-01 3.546122e-01
    outer loop
      vertex 5.878596e-02 -4.118442e-04 -7.951695e-02
      vertex 4.531816e-02 -1.162480e-04 -7.808787e-02
      vertex 3.736987e-02 -2.086098e-04 -7.794786e-02
    endloop
  endfacet
  facet normal -1.121904e-01 -1.965327e-01 -9.740576e-01
    outer loop
      vertex 5.878596e-02 -4.118442e-04 -7.951695e-02
      vertex 5.353193e-02 -6.453595e-04 -7.886469e-02
      vertex 4.604571e-02 -1.585252e-04 -7.810066e-02
    endloop
  endfacet
  facet normal -1.213141e-01 2.189731e-01 -9.681599e-01
    outer loop
      vertex 5.878596e-02 -4.118442e-04 -7.951695e-02
      vertex 6.206328e-02 -3.312519e-03 -8.058367e-02
      vertex 5.384799e-02 -1.580717e-03 -7.916257e-02
    endloop
  endfacet
  facet normal -1.303414e-01 2.606132e-01 -9.566044e-01
    outer loop
      vertex 5.878596e-02 -4.118442e-04 -7.951695e-02
      vertex 5.384799e-02 -1.580717e-03 -7.916257e-02
      vertex 5.353193e-02 -6.453595e-04 -7.886469e-02
    endloop
  endfacet
  facet normal 2.412664e-02 -8.950897e-01 4.452329e-01
    outer loop
      vertex 5.878596e-02 -4.118442e-04 -7.951695e-02
      vertex 3.736987e-02 -2.086098e-04 -7.794786e-02
      vertex 2.841343e-02 -5.128935e-04 -7.807425e-02
    endloop
  endfacet
  facet normal -4.182518e-02 5.363504e-01 -8.429584e-01
    outer loop
      vertex 5.878596e-02 -4.118442e-04 -7.951695e-02
      vertex 2.841343e-02 -5.128935e-04 -7.807425e-02
      vertex 2.000000e-02 0.000000e+00 -7.733046e-02
    endloop
  endfacet
  facet normal -3.676678e-02 5.879157e-01 -8.080862e-01
    outer loop
      vertex 6.885371e-02 -1.363730e-03 -8.066756e-02
      vertex 5.878596e-02 -4.118442e-04 -7.951695e-02
      vertex 1.018559e-01 -1.158009e-03 -8.201944e-02
    endloop
  endfacet
  facet normal -5.862343e-02 1.618675e-01 -9.850696e-01
    outer loop
      vertex 6.885371e-02 -1.363730e-03 -8.066756e-02
      vertex 6.794231e-02 -3.966970e-03 -8.104108e-02
      vertex 6.206328e-02 -3.312519e-03 -8.058367e-02
    endloop
  endfacet
  facet normal -8.569348e-02 2.571602e-01 -9.625618e-01
    outer loop
      vertex 6.885371e-02 -1.363730e-03 -8.066756e-02
      vertex 6.206328e-02 -3.312519e-03 -8.058367e-02
      vertex 5.878596e-02 -4.118442e-04 -7.951695e-02
    endloop
  endfacet
  facet normal -7.803172e-02 1.683138e-01 -9.826401e-01
    outer loop
      vertex 6.885371e-02 -1.363730e-03 -8.066756e-02
      vertex 7.335192e-02 -2.999721e-03 -8.130499e-02
      vertex 6.794231e-02 -3.966970e-03 -8.104108e-02
    endloop
  endfacet
  facet normal 7.602885e-02 -3.130705e-01 -9.466818e-01
    outer loop
      vertex 7.750665e-02 -1.946806e-03 -8.150356e-02
      vertex 7.387370e-02 -4.177219e-03 -8.105772e-02
      vertex 7.360322e-02 -3.900152e-03 -8.117107e-02
    endloop
  endfacet
  facet normal -9.328482e-03 -1.496495e-01 -9.886951e-01
    outer loop
      vertex 7.750665e-02 -1.946806e-03 -8.150356e-02
      vertex 7.360322e-02 -3.900152e-03 -8.117107e-02
      vertex 7.335192e-02 -2.999721e-03 -8.130499e-02
    endloop
  endfacet
  facet normal -8.506743e-02 1.499018e-01 -9.850345e-01
    outer loop
      vertex 7.750665e-02 -1.946806e-03 -8.150356e-02
      vertex 7.335192e-02 -2.999721e-03 -8.130499e-02
      vertex 6.885371e-02 -1.363730e-03 -8.066756e-02
    endloop
  endfacet
  facet normal -3.641218e-02 6.026283e-01 -7.971909e-01
    outer loop
      vertex 7.750665e-02 -1.946806e-03 -8.150356e-02
      vertex 6.885371e-02 -1.363730e-03 -8.066756e-02
      vertex 1.018559e-01 -1.158009e-03 -8.201944e-02
    endloop
  endfacet
  facet normal -5.974649e-02 -6.962544e-01 -7.153043e-01
    outer loop
      vertex 7.750665e-02 -1.946806e-03 -8.150356e-02
      vertex 8.477006e-02 -2.363499e-03 -8.170464e-02
      vertex 8.527544e-02 -3.450890e-03 -8.068842e-02
    endloop
  endfacet
  facet normal 4.259319e-02 -2.969809e-01 -9.539330e-01
    outer loop
      vertex 7.750665e-02 -1.946806e-03 -8.150356e-02
      vertex 8.527544e-02 -3.450890e-03 -8.068842e-02
      vertex 7.495631e-02 -5.258395e-03 -8.058646e-02
    endloop
  endfacet
  facet normal 8.448777e-02 -3.258412e-01 -9.416418e-01
    outer loop
      vertex 7.750665e-02 -1.946806e-03 -8.150356e-02
      vertex 7.495631e-02 -5.258395e-03 -8.058646e-02
      vertex 7.387370e-02 -4.177219e-03 -8.105772e-02
    endloop
  endfacet
  facet normal 2.937123e-02 -6.793127e-01 -7.332609e-01
    outer loop
      vertex 8.912185e-02 -2.210770e-03 -8.167182e-02
      vertex 8.781905e-02 -2.579002e-03 -8.138287e-02
      vertex 8.477006e-02 -2.363499e-03 -8.170464e-02
    endloop
  endfacet
  facet normal 9.350177e-02 -7.979969e-01 -5.953640e-01
    outer loop
      vertex 8.912185e-02 -2.210770e-03 -8.167182e-02
      vertex 9.086555e-02 -2.609143e-03 -8.086401e-02
      vertex 8.781905e-02 -2.579002e-03 -8.138287e-02
    endloop
  endfacet
  facet normal 4.283359e-02 -8.562783e-01 -5.147356e-01
    outer loop
      vertex 8.912185e-02 -2.210770e-03 -8.167182e-02
      vertex 9.061325e-02 -2.216402e-03 -8.153835e-02
      vertex 9.086555e-02 -2.609143e-03 -8.086401e-02
    endloop
  endfacet
  facet normal 5.883599e-02 -9.167222e-01 -3.951692e-01
    outer loop
      vertex 9.334050e-02 -1.766552e-03 -8.187557e-02
      vertex 1.018559e-01 -1.158009e-03 -8.201944e-02
      vertex 9.643901e-02 -1.876580e-03 -8.115900e-02
    endloop
  endfacet
  facet normal 6.864807e-02 -8.305311e-01 -5.527256e-01
    outer loop
      vertex 9.334050e-02 -1.766552e-03 -8.187557e-02
      vertex 9.346643e-02 -1.974255e-03 -8.154784e-02
      vertex 9.061325e-02 -2.216402e-03 -8.153835e-02
    endloop
  endfacet
  facet normal 1.002547e-01 -8.225376e-01 -5.598044e-01
    outer loop
      vertex 9.334050e-02 -1.766552e-03 -8.187557e-02
      vertex 9.643901e-02 -1.876580e-03 -8.115900e-02
      vertex 9.346643e-02 -1.974255e-03 -8.154784e-02
    endloop
  endfacet
  facet normal -2.413700e-02 6.081293e-02 -9.978573e-01
    outer loop
      vertex 9.334050e-02 -1.766552e-03 -8.187557e-02
      vertex 8.477006e-02 -2.363499e-03 -8.170464e-02
      vertex 7.750665e-02 -1.946806e-03 -8.150356e-02
    endloop
  endfacet
  facet normal 2.773893e-02 -6.222602e-01 -7.823189e-01
    outer loop
      vertex 9.334050e-02 -1.766552e-03 -8.187557e-02
      vertex 8.912185e-02 -2.210770e-03 -8.167182e-02
      vertex 8.477006e-02 -2.363499e-03 -8.170464e-02
    endloop
  endfacet
  facet normal -2.459023e-02 1.091662e-01 -9.937193e-01
    outer loop
      vertex 9.334050e-02 -1.766552e-03 -8.187557e-02
      vertex 7.750665e-02 -1.946806e-03 -8.150356e-02
      vertex 1.018559e-01 -1.158009e-03 -8.201944e-02
    endloop
  endfacet
  facet normal 5.251356e-02 -7.829985e-01 -6.198029e-01
    outer loop
      vertex 9.334050e-02 -1.766552e-03 -8.187557e-02
      vertex 9.061325e-02 -2.216402e-03 -8.153835e-02
      vertex 8.912185e-02 -2.210770e-03 -8.167182e-02
    endloop
  endfacet
  facet normal -2.212264e-02 -9.688832e-01 2.465277e-01
    outer loop
      vertex 1.746081e-01 -1.322212e-03 -8.415863e-02
      vertex 1.515563e-01 3.913332e-04 -7.949279e-02
      vertex 1.352451e-01 4.257192e-04 -8.082137e-02
    endloop
  endfacet
  facet normal -8.831481e-02 -9.935270e-01 -7.144694e-02
    outer loop
      vertex 1.746081e-01 -1.322212e-03 -8.415863e-02
      vertex 1.633478e-01 -1.029372e-03 -7.431206e-02
      vertex 1.515563e-01 3.913332e-04 -7.949279e-02
    endloop
  endfacet
  facet normal -1.314510e-01 -9.839027e-01 -1.210627e-01
    outer loop
      vertex 1.746081e-01 -1.322212e-03 -8.415863e-02
      vertex 1.727224e-01 -1.558111e-03 -8.019397e-02
      vertex 1.633478e-01 -1.029372e-03 -7.431206e-02
    endloop
  endfacet
  facet normal 1.601008e-02 -7.956368e-01 6.055624e-01
    outer loop
      vertex 1.746081e-01 -1.322212e-03 -8.415863e-02
      vertex 1.352451e-01 4.257192e-04 -8.082137e-02
      vertex 1.018559e-01 -1.158009e-03 -8.201944e-02
    endloop
  endfacet
  facet normal -1.371999e-01 -9.827853e-01 -1.237304e-01
    outer loop
      vertex 1.746081e-01 -1.322212e-03 -8.415863e-02
      vertex 1.825119e-01 -2.391416e-03 -8.443027e-02
      vertex 1.727224e-01 -1.558111e-03 -8.019397e-02
    endloop
  endfacet
  facet normal -2.751172e-01 -6.837522e-01 -6.758650e-01
    outer loop
      vertex 2.207373e-01 -8.088376e-03 -9.266747e-02
      vertex 2.186383e-01 -9.122608e-03 -9.076675e-02
      vertex 2.133167e-01 -7.517141e-03 -9.022477e-02
    endloop
  endfacet
  facet normal 1.838624e-02 -7.316242e-01 6.814602e-01
    outer loop
      vertex 2.207373e-01 -8.088376e-03 -9.266747e-02
      vertex 1.746081e-01 -1.322212e-03 -8.415863e-02
      vertex 1.018559e-01 -1.158009e-03 -8.201944e-02
    endloop
  endfacet
  facet normal -1.311418e-01 -9.885152e-01 7.509725e-02
    outer loop
      vertex 2.207373e-01 -8.088376e-03 -9.266747e-02
      vertex 1.825119e-01 -2.391416e-03 -8.443027e-02
      vertex 1.746081e-01 -1.322212e-03 -8.415863e-02
    endloop
  endfacet
  facet normal -3.212153e-01 -6.670720e-01 -6.721873e-01
    outer loop
      vertex 2.207373e-01 -8.088376e-03 -9.266747e-02
      vertex 2.344099e-01 -1.377456e-02 -9.355824e-02
      vertex 2.210753e-01 -9.210036e-03 -9.171585e-02
    endloop
  endfacet
  facet normal -2.759440e-01 -5.388293e-01 -7.959383e-01
    outer loop
      vertex 2.207373e-01 -8.088376e-03 -9.266747e-02
      vertex 2.442106e-01 -1.373308e-02 -9.698414e-02
      vertex 2.344099e-01 -1.377456e-02 -9.355824e-02
    endloop
  endfacet
  facet normal -2.690741e-01 -7.092979e-01 -6.515333e-01
    outer loop
      vertex 2.207373e-01 -8.088376e-03 -9.266747e-02
      vertex 2.133167e-01 -7.517141e-03 -9.022477e-02
      vertex 1.980368e-01 -4.975097e-03 -8.668177e-02
    endloop
  endfacet
  facet normal -2.708398e-01 -4.948481e-01 -8.256944e-01
    outer loop
      vertex 2.207373e-01 -8.088376e-03 -9.266747e-02
      vertex 2.650952e-01 -1.813101e-02 -1.011989e-01
      vertex 2.442106e-01 -1.373308e-02 -9.698414e-02
    endloop
  endfacet
  facet normal -1.926409e-01 -9.526980e-01 -2.350658e-01
    outer loop
      vertex 2.207373e-01 -8.088376e-03 -9.266747e-02
      vertex 1.980368e-01 -4.975097e-03 -8.668177e-02
      vertex 1.825119e-01 -2.391416e-03 -8.443027e-02
    endloop
  endfacet
  facet normal -5.462232e-02 4.952793e-01 -8.670149e-01
    outer loop
      vertex 2.207373e-01 -8.088376e-03 -9.266747e-02
      vertex 3.396121e-01 -2.398154e-02 -1.092355e-01
      vertex 2.650952e-01 -1.813101e-02 -1.011989e-01
    endloop
  endfacet
  facet normal -2.906230e-01 -6.684264e-01 -6.846491e-01
    outer loop
      vertex 2.207373e-01 -8.088376e-03 -9.266747e-02
      vertex 2.210753e-01 -9.210036e-03 -9.171585e-02
      vertex 2.186383e-01 -9.122608e-03 -9.076675e-02
    endloop
  endfacet
  facet normal -7.689554e-02 -2.772098e-01 -9.577274e-01
    outer loop
      vertex 4.426696e-01 -2.179050e-02 -1.181442e-01
      vertex 3.620405e-01 -2.948460e-02 -1.094435e-01
      vertex 3.396121e-01 -2.398154e-02 -1.092355e-01
    endloop
  endfacet
  facet normal 7.068761e-04 -3.821148e-01 -9.241146e-01
    outer loop
      vertex 4.426696e-01 -2.179050e-02 -1.181442e-01
      vertex 4.688501e-01 -8.851247e-02 -9.053510e-02
      vertex 4.047632e-01 -4.973635e-02 -1.066178e-01
    endloop
  endfacet
  facet normal -2.579558e-01 -4.540966e-01 -8.527925e-01
    outer loop
      vertex 4.426696e-01 -2.179050e-02 -1.181442e-01
      vertex 5.009483e-01 -6.649794e-02 -1.119666e-01
      vertex 4.688501e-01 -8.851247e-02 -9.053510e-02
    endloop
  endfacet
  facet normal -7.941093e-02 -7.013432e-02 -9.943717e-01
    outer loop
      vertex 4.426696e-01 -2.179050e-02 -1.181442e-01
      vertex 7.896154e-01 -4.454825e-02 -1.442463e-01
      vertex 5.330769e-01 -3.821325e-02 -1.242058e-01
    endloop
  endfacet
  facet normal -5.483121e-02 5.260411e-01 -8.486897e-01
    outer loop
      vertex 4.426696e-01 -2.179050e-02 -1.181442e-01
      vertex 2.000000e-02 0.000000e+00 -7.733046e-02
      vertex 1.493682e+00 0.000000e+00 -1.725405e-01
    endloop
  endfacet
  facet normal -8.832832e-02 3.219828e-01 -9.426161e-01
    outer loop
      vertex 4.426696e-01 -2.179050e-02 -1.181442e-01
      vertex 3.396121e-01 -2.398154e-02 -1.092355e-01
      vertex 2.207373e-01 -8.088376e-03 -9.266747e-02
    endloop
  endfacet
  facet normal -7.509214e-02 -2.914719e-01 -9.536274e-01
    outer loop
      vertex 4.426696e-01 -2.179050e-02 -1.181442e-01
      vertex 4.047632e-01 -4.973635e-02 -1.066178e-01
      vertex 3.620405e-01 -2.948460e-02 -1.094435e-01
    endloop
  endfacet
  facet normal -5.529828e-02 2.620293e-01 -9.634743e-01
    outer loop
      vertex 4.426696e-01 -2.179050e-02 -1.181442e-01
      vertex 1.493682e+00 0.000000e+00 -1.725405e-01
      vertex 7.896154e-01 -4.454825e-02 -1.442463e-01
    endloop
  endfacet
  facet normal 2.605277e-02 -7.421859e-01 6.696875e-01
    outer loop
      vertex 4.426696e-01 -2.179050e-02 -1.181442e-01
      vertex 1.018559e-01 -1.158009e-03 -8.201944e-02
      vertex 5.878596e-02 -4.118442e-04 -7.951695e-02
    endloop
  endfacet
  facet normal -1.150187e-01 -2.815643e-01 -9.526239e-01
    outer loop
      vertex 4.426696e-01 -2.179050e-02 -1.181442e-01
      vertex 5.330769e-01 -3.821325e-02 -1.242058e-01
      vertex 5.009483e-01 -6.649794e-02 -1.119666e-01
    endloop
  endfacet
  facet normal -4.559889e-02 -9.897804e-01 1.351128e-01
    outer loop
      vertex 4.426696e-01 -2.179050e-02 -1.181442e-01
      vertex 2.207373e-01 -8.088376e-03 -9.266747e-02
      vertex 1.018559e-01 -1.158009e-03 -8.201944e-02
    endloop
  endfacet
  facet normal 3.277116e-02 -7.001842e-01 7.132097e-01
    outer loop
      vertex 4.426696e-01 -2.179050e-02 -1.181442e-01
      vertex 5.878596e-02 -4.118442e-04 -7.951695e-02
      vertex 2.000000e-02 0.000000e+00 -7.733046e-02
    endloop
  endfacet
  facet normal -1.000000e+00 0.000000e+00 0.000000e+00
    outer loop
      vertex 2.000000e-02 1.788040e-04 -7.730576e-02
      vertex 2.000000e-02 3.045135e-04 -7.721939e-02
      vertex 2.000000e-02 2.480286e-04 -7.727039e-02
    endloop
  endfacet
  facet normal -1.000000e+00 0.000000e+00 0.000000e+00
    outer loop
      vertex 2.000000e-02 3.483294e-04 -7.715273e-02
      vertex 2.000000e-02 3.045135e-04 -7.721939e-02
      vertex 2.000000e-02 1.788040e-04 -7.730576e-02
    endloop
  endfacet
  facet normal -1.000000e+00 0.000000e+00 0.000000e+00
    outer loop
      vertex 2.000000e-02 9.703550e-05 -7.732559e-02
      vertex 2.000000e-02 3.483294e-04 -7.715273e-02
      vertex 2.000000e-02 1.788040e-04 -7.730576e-02
    endloop
  endfacet
  facet normal -1.000000e+00 0.000000e+00 0.000000e+00
    outer loop
      vertex 2.000000e-02 3.798305e-04 -7.706977e-02
      vertex 2.000000e-02 3.483294e-04 -7.715273e-02
      vertex 2.000000e-02 9.703550e-05 -7.732559e-02
    endloop
  endfacet
  facet normal -1.000000e+00 0.000000e+00 0.000000e+00
    outer loop
      vertex 2.000000e-02 0.000000e+00 -7.733046e-02
      vertex 2.000000e-02 3.798305e-04 -7.706977e-02
      vertex 2.000000e-02 9.703550e-05 -7.732559e-02
    endloop
  endfacet
  facet normal -1.000000e+00 0.000000e+00 0.000000e+00
    outer loop
      vertex 2.000000e-02 3.990040e-04 -7.697050e-02
      vertex 2.000000e-02 3.798305e-04 -7.706977e-02
      vertex 2.000000e-02 0.000000e+00 -7.733046e-02
    endloop
  endfacet
  facet normal -1.000000e+00 0.000000e+00 0.000000e+00
    outer loop
      vertex 2.000000e-02 -3.042004e-04 -7.721976e-02
      vertex 2.000000e-02 -1.642308e-04 -7.731071e-02
      vertex 2.000000e-02 -2.284708e-04 -7.728271e-02
    endloop
  endfacet
  facet normal -1.000000e+00 0.000000e+00 0.000000e+00
    outer loop
      vertex 2.000000e-02 -3.386052e-04 -7.717078e-02
      vertex 2.000000e-02 -1.642308e-04 -7.731071e-02
      vertex 2.000000e-02 -3.042004e-04 -7.721976e-02
    endloop
  endfacet
  facet normal -1.000000e+00 0.000000e+00 0.000000e+00
    outer loop
      vertex 2.000000e-02 -3.698299e-04 -7.710176e-02
      vertex 2.000000e-02 -8.817756e-05 -7.732673e-02
      vertex 2.000000e-02 -1.642308e-04 -7.731071e-02
    endloop
  endfacet
  facet normal -1.000000e+00 0.000000e+00 0.000000e+00
    outer loop
      vertex 2.000000e-02 -3.698299e-04 -7.710176e-02
      vertex 2.000000e-02 -1.642308e-04 -7.731071e-02
      vertex 2.000000e-02 -3.386052e-04 -7.717078e-02
    endloop
  endfacet
  facet normal -1.000000e+00 0.000000e+00 0.000000e+00
    outer loop
      vertex 2.000000e-02 -3.904442e-04 -7.702476e-02
      vertex 2.000000e-02 0.000000e+00 -7.733046e-02
      vertex 2.000000e-02 -8.817756e-05 -7.732673e-02
    endloop
  endfacet
  facet normal -1.000000e+00 0.000000e+00 0.000000e+00
    outer loop
      vertex 2.000000e-02 -3.904442e-04 -7.702476e-02
      vertex 2.000000e-02 -8.817756e-05 -7.732673e-02
      vertex 2.000000e-02 -3.698299e-04 -7.710176e-02
    endloop
  endfacet
  facet normal -1.000000e+00 0.000000e+00 0.000000e+00
    outer loop
      vertex 2.000000e-02 -3.904442e-04 -7.702476e-02
      vertex 2.000000e-02 3.990040e-04 -7.697050e-02
      vertex 2.000000e-02 0.000000e+00 -7.733046e-02
    endloop
  endfacet
  facet normal -1.000000e+00 0.000000e+00 0.000000e+00
    outer loop
      vertex 2.000000e-02 -4.044046e-04 -7.690829e-02
      vertex 2.000000e-02 4.060830e-04 -7.685350e-02
      vertex 2.000000e-02 3.990040e-04 -7.697050e-02
    endloop
  endfacet
  facet normal -1.000000e+00 0.000000e+00 0.000000e+00
    outer loop
      vertex 2.000000e-02 -4.044046e-04 -7.690829e-02
      vertex 2.000000e-02 3.990040e-04 -7.697050e-02
      vertex 2.000000e-02 -3.904442e-04 -7.702476e-02
    endloop
  endfacet
  facet normal -1.000000e+00 0.000000e+00 0.000000e+00
    outer loop
      vertex 2.000000e-02 -3.987564e-04 -7.669067e-02
      vertex 2.000000e-02 3.936507e-04 -7.664010e-02
      vertex 2.000000e-02 4.060830e-04 -7.685350e-02
    endloop
  endfacet
  facet normal -1.000000e+00 0.000000e+00 0.000000e+00
    outer loop
      vertex 2.000000e-02 -3.987564e-04 -7.669067e-02
      vertex 2.000000e-02 3.526073e-04 -7.637486e-02
      vertex 2.000000e-02 3.936507e-04 -7.664010e-02
    endloop
  endfacet
  facet normal -1.000000e+00 0.000000e+00 -0.000000e+00
    outer loop
      vertex 2.000000e-02 -3.987564e-04 -7.669067e-02
      vertex 2.000000e-02 4.060830e-04 -7.685350e-02
      vertex 2.000000e-02 -4.044046e-04 -7.690829e-02
    endloop
  endfacet
  facet normal -1.000000e+00 0.000000e+00 -0.000000e+00
    outer loop
      vertex 2.000000e-02 -6.291158e-05 -7.506776e-02
      vertex 2.000000e-02 3.526073e-04 -7.637486e-02
      vertex 2.000000e-02 -3.987564e-04 -7.669067e-02
    endloop
  endfacet
  facet normal -1.000000e+00 0.000000e+00 -0.000000e+00
    outer loop
      vertex 2.000000e-02 4.316501e-05 -7.493581e-02
      vertex 2.000000e-02 3.526073e-04 -7.637486e-02
      vertex 2.000000e-02 -6.291158e-05 -7.506776e-02
    endloop
  endfacet
  facet normal -1.000000e+00 0.000000e+00 0.000000e+00
    outer loop
      vertex 2.000000e-02 -8.075978e-06 -7.448361e-02
      vertex 2.000000e-02 7.985216e-06 -7.447883e-02
      vertex 2.000000e-02 4.316501e-05 -7.493581e-02
    endloop
  endfacet
  facet normal -1.000000e+00 0.000000e+00 -0.000000e+00
    outer loop
      vertex 2.000000e-02 -8.075978e-06 -7.448361e-02
      vertex 2.000000e-02 4.316501e-05 -7.493581e-02
      vertex 2.000000e-02 -6.291158e-05 -7.506776e-02
    endloop
  endfacet
  facet normal -1.000000e+00 0.000000e+00 0.000000e+00
    outer loop
      vertex 2.000000e-02 2.641642e-05 -7.402117e-02
      vertex 2.000000e-02 7.985216e-06 -7.447883e-02
      vertex 2.000000e-02 -8.075978e-06 -7.448361e-02
    endloop
  endfacet
  facet normal -1.000000e+00 0.000000e+00 0.000000e+00
    outer loop
      vertex 2.000000e-02 -3.562630e-05 -7.393448e-02
      vertex 2.000000e-02 2.641642e-05 -7.402117e-02
      vertex 2.000000e-02 -8.075978e-06 -7.448361e-02
    endloop
  endfacet
  facet normal -1.000000e+00 0.000000e+00 0.000000e+00
    outer loop
      vertex 2.000000e-02 -4.377569e-04 -7.071626e-02
      vertex 2.000000e-02 2.641642e-05 -7.402117e-02
      vertex 2.000000e-02 -3.562630e-05 -7.393448e-02
    endloop
  endfacet
  facet normal -1.000000e+00 0.000000e+00 0.000000e+00
    outer loop
      vertex 2.000000e-02 9.913547e-04 -6.704759e-02
      vertex 2.000000e-02 2.641642e-05 -7.402117e-02
      vertex 2.000000e-02 -4.377569e-04 -7.071626e-02
    endloop
  endfacet
  facet normal -1.000000e+00 0.000000e+00 0.000000e+00
    outer loop
      vertex 2.000000e-02 -1.668095e-03 -6.369625e-02
      vertex 2.000000e-02 9.913547e-04 -6.704759e-02
      vertex 2.000000e-02 -4.377569e-04 -7.071626e-02
    endloop
  endfacet
  facet normal -1.000000e+00 0.000000e+00 0.000000e+00
    outer loop
      vertex 2.000000e-02 3.446013e-03 -5.698054e-02
      vertex 2.000000e-02 9.913547e-04 -6.704759e-02
      vertex 2.000000e-02 -1.668095e-03 -6.369625e-02
    endloop
  endfacet
  facet normal -1.000000e+00 0.000000e+00 0.000000e+00
    outer loop
      vertex 2.000000e-02 -3.896815e-03 -5.551364e-02
      vertex 2.000000e-02 3.446013e-03 -5.698054e-02
      vertex 2.000000e-02 -1.668095e-03 -6.369625e-02
    endloop
  endfacet
  facet normal -1.000000e+00 0.000000e+00 0.000000e+00
    outer loop
      vertex 2.000000e-02 1.525112e-02 -2.451213e-02
      vertex 2.000000e-02 3.446013e-03 -5.698054e-02
      vertex 2.000000e-02 -3.896815e-03 -5.551364e-02
    endloop
  endfacet
  facet normal -1.000000e+00 0.000000e+00 0.000000e+00
    outer loop
      vertex 2.000000e-02 -1.834402e-02 -1.368769e-02
      vertex 2.000000e-02 1.525112e-02 -2.451213e-02
      vertex 2.000000e-02 -3.896815e-03 -5.551364e-02
    endloop
  endfacet
  facet normal -1.000000e+00 0.000000e+00 0.000000e+00
    outer loop
      vertex 2.000000e-02 -1.834402e-02 -1.368769e-02
      vertex 2.000000e-02 1.843116e-02 -1.329735e-02
      vertex 2.000000e-02 1.525112e-02 -2.451213e-02
    endloop
  endfacet
  facet normal -1.000000e+00 0.000000e+00 0.000000e+00
    outer loop
      vertex 2.000000e-02 -1.946313e-02 -7.571170e-03
      vertex 2.000000e-02 1.843116e-02 -1.329735e-02
      vertex 2.000000e-02 -1.834402e-02 -1.368769e-02
    endloop
  endfacet
  facet normal -1.000000e+00 0.000000e+00 0.000000e+00
    outer loop
      vertex 2.000000e-02 -1.946313e-02 -7.571170e-03
      vertex 2.000000e-02 1.954544e-02 -6.946514e-03
      vertex 2.000000e-02 1.843116e-02 -1.329735e-02
    endloop
  endfacet
  facet normal -1.000000e+00 0.000000e+00 0.000000e+00
    outer loop
      vertex 2.000000e-02 -1.997802e-02 -1.375781e-03
      vertex 2.000000e-02 1.954544e-02 -6.946514e-03
      vertex 2.000000e-02 -1.946313e-02 -7.571170e-03
    endloop
  endfacet
  facet normal -1.000000e+00 0.000000e+00 0.000000e+00
    outer loop
      vertex 2.000000e-02 -1.997802e-02 -1.375781e-03
      vertex 2.000000e-02 1.998459e-02 -1.068116e-03
      vertex 2.000000e-02 1.954544e-02 -6.946514e-03
    endloop
  endfacet
  facet normal -1.000000e+00 0.000000e+00 0.000000e+00
    outer loop
      vertex 2.000000e-02 -2.000232e-02 4.761547e-02
      vertex 2.000000e-02 1.998459e-02 -1.068116e-03
      vertex 2.000000e-02 -1.997802e-02 -1.375781e-03
    endloop
  endfacet
  facet normal -1.000000e+00 0.000000e+00 0.000000e+00
    outer loop
      vertex 2.000000e-02 -2.000232e-02 4.761547e-02
      vertex 2.000000e-02 1.999950e-02 6.829234e-02
      vertex 2.000000e-02 1.998459e-02 -1.068116e-03
    endloop
  endfacet
  facet normal -1.000000e+00 0.000000e+00 -0.000000e+00
    outer loop
      vertex 2.000000e-02 -2.000000e-02 1.500000e-01
      vertex 2.000000e-02 1.999950e-02 6.829234e-02
      vertex 2.000000e-02 -2.000232e-02 4.761547e-02
    endloop
  endfacet
  facet normal -1.000000e+00 0.000000e+00 0.000000e+00
    outer loop
      vertex 2.000000e-02 -2.000000e-02 1.500000e-01
      vertex 2.000000e-02 2.000000e-02 1.500000e-01
      vertex 2.000000e-02 1.999950e-02 6.829234e-02
    endloop
  endfacet
  facet normal 1.000000e+00 0.000000e+00 0.000000e+00
    outer loop
      vertex 3.355000e+00 -1.132515e-01 -6.206035e-02
      vertex 3.355000e+00 -1.018559e-01 -6.465760e-02
      vertex 3.355000e+00 -9.670434e-02 -6.542502e-02
    endloop
  endfacet
  facet normal 1.000000e+00 0.000000e+00 0.000000e+00
    outer loop
      vertex 3.355000e+00 1.947289e-01 -3.849553e-03
      vertex 3.355000e+00 1.317317e-01 -5.646812e-02
      vertex 3.355000e+00 1.535518e-01 -4.711797e-02
    endloop
  endfacet
  facet normal 1.000000e+00 0.000000e+00 0.000000e+00
    outer loop
      vertex 3.355000e+00 1.947289e-01 -3.849553e-03
      vertex 3.355000e+00 1.535518e-01 -4.711797e-02
      vertex 3.355000e+00 1.688371e-01 -3.798801e-02
    endloop
  endfacet
  facet normal 1.000000e+00 0.000000e+00 0.000000e+00
    outer loop
      vertex 3.355000e+00 1.947289e-01 -3.849553e-03
      vertex 3.355000e+00 1.688371e-01 -3.798801e-02
      vertex 3.355000e+00 1.792553e-01 -2.963615e-02
    endloop
  endfacet
  facet normal 1.000000e+00 0.000000e+00 0.000000e+00
    outer loop
      vertex 3.355000e+00 1.947289e-01 -3.849553e-03
      vertex 3.355000e+00 1.792553e-01 -2.963615e-02
      vertex 3.355000e+00 1.860838e-01 -2.231163e-02
    endloop
  endfacet
  facet normal 1.000000e+00 0.000000e+00 0.000000e+00
    outer loop
      vertex 3.355000e+00 1.947289e-01 -3.849553e-03
      vertex 3.355000e+00 1.860838e-01 -2.231163e-02
      vertex 3.355000e+00 1.899465e-01 -1.676296e-02
    endloop
  endfacet
  facet normal 1.000000e+00 0.000000e+00 0.000000e+00
    outer loop
      vertex 3.355000e+00 1.947289e-01 -3.849553e-03
      vertex 3.355000e+00 1.899465e-01 -1.676296e-02
      vertex 3.355000e+00 1.925030e-01 -1.174256e-02
    endloop
  endfacet
  facet normal 1.000000e+00 0.000000e+00 0.000000e+00
    outer loop
      vertex 3.355000e+00 1.947289e-01 -3.849553e-03
      vertex 3.355000e+00 1.925030e-01 -1.174256e-02
      vertex 3.355000e+00 1.940264e-01 -7.301437e-03
    endloop
  endfacet
  facet normal 1.000000e+00 0.000000e+00 0.000000e+00
    outer loop
      vertex 3.355000e+00 -1.947970e-01 -3.338197e-03
      vertex 3.355000e+00 -1.939323e-01 -7.649247e-03
      vertex 3.355000e+00 -1.923165e-01 -1.217737e-02
    endloop
  endfacet
  facet normal 1.000000e+00 0.000000e+00 0.000000e+00
    outer loop
      vertex 3.355000e+00 -1.947970e-01 -3.338197e-03
      vertex 3.355000e+00 -1.923165e-01 -1.217737e-02
      vertex 3.355000e+00 -1.895930e-01 -1.734452e-02
    endloop
  endfacet
  facet normal 1.000000e+00 0.000000e+00 0.000000e+00
    outer loop
      vertex 3.355000e+00 -1.947970e-01 -3.338197e-03
      vertex 3.355000e+00 -1.895930e-01 -1.734452e-02
      vertex 3.355000e+00 -1.852377e-01 -2.335004e-02
    endloop
  endfacet
  facet normal 1.000000e+00 0.000000e+00 0.000000e+00
    outer loop
      vertex 3.355000e+00 -1.950928e-01 1.229750e-02
      vertex 3.355000e+00 -1.852377e-01 -2.335004e-02
      vertex 3.355000e+00 -1.782680e-01 -3.054127e-02
    endloop
  endfacet
  facet normal 1.000000e+00 0.000000e+00 0.000000e+00
    outer loop
      vertex 3.355000e+00 -1.950928e-01 1.229750e-02
      vertex 3.355000e+00 -1.782680e-01 -3.054127e-02
      vertex 3.355000e+00 -1.663466e-01 -3.967781e-02
    endloop
  endfacet
  facet normal 1.000000e+00 0.000000e+00 0.000000e+00
    outer loop
      vertex 3.355000e+00 -1.950928e-01 1.229750e-02
      vertex 3.355000e+00 -1.663466e-01 -3.967781e-02
      vertex 3.355000e+00 -1.486287e-01 -4.954140e-02
    endloop
  endfacet
  facet normal 1.000000e+00 0.000000e+00 0.000000e+00
    outer loop
      vertex 3.355000e+00 -1.950928e-01 1.229750e-02
      vertex 3.355000e+00 -1.486287e-01 -4.954140e-02
      vertex 3.355000e+00 -1.312388e-01 -5.664206e-02
    endloop
  endfacet
  facet normal 1.000000e+00 0.000000e+00 0.000000e+00
    outer loop
      vertex 3.355000e+00 -1.950928e-01 1.229750e-02
      vertex 3.355000e+00 -1.312388e-01 -5.664206e-02
      vertex 3.355000e+00 -1.132515e-01 -6.206035e-02
    endloop
  endfacet
  facet normal 1.000000e+00 0.000000e+00 0.000000e+00
    outer loop
      vertex 3.355000e+00 -1.950928e-01 1.229750e-02
      vertex 3.355000e+00 -9.670434e-02 -6.542502e-02
      vertex 3.355000e+00 -4.833319e-02 -6.501721e-02
    endloop
  endfacet
  facet normal 1.000000e+00 0.000000e+00 0.000000e+00
    outer loop
      vertex 3.355000e+00 -1.950928e-01 1.229750e-02
      vertex 3.355000e+00 -1.132515e-01 -6.206035e-02
      vertex 3.355000e+00 -9.670434e-02 -6.542502e-02
    endloop
  endfacet
  facet normal 1.000000e+00 0.000000e+00 0.000000e+00
    outer loop
      vertex 3.355000e+00 -1.950928e-01 1.229750e-02
      vertex 3.355000e+00 -1.947970e-01 -3.338197e-03
      vertex 3.355000e+00 -1.852377e-01 -2.335004e-02
    endloop
  endfacet
  facet normal 1.000000e+00 0.000000e+00 0.000000e+00
    outer loop
      vertex 3.355000e+00 1.949997e-01 9.806940e-02
      vertex 3.355000e+00 0.000000e+00 -6.500000e-02
      vertex 3.355000e+00 9.391196e-02 -6.561929e-02
    endloop
  endfacet
  facet normal 1.000000e+00 0.000000e+00 0.000000e+00
    outer loop
      vertex 3.355000e+00 1.949997e-01 9.806940e-02
      vertex 3.355000e+00 9.391196e-02 -6.561929e-02
      vertex 3.355000e+00 1.011940e-01 -6.478696e-02
    endloop
  endfacet
  facet normal 1.000000e+00 0.000000e+00 0.000000e+00
    outer loop
      vertex 3.355000e+00 1.949997e-01 9.806940e-02
      vertex 3.355000e+00 1.011940e-01 -6.478696e-02
      vertex 3.355000e+00 1.317317e-01 -5.646812e-02
    endloop
  endfacet
  facet normal 1.000000e+00 0.000000e+00 0.000000e+00
    outer loop
      vertex 3.355000e+00 1.949997e-01 9.806940e-02
      vertex 3.355000e+00 1.317317e-01 -5.646812e-02
      vertex 3.355000e+00 1.947289e-01 -3.849553e-03
    endloop
  endfacet
  facet normal 1.000000e+00 -0.000000e+00 0.000000e+00
    outer loop
      vertex 3.355000e+00 -1.950000e-01 2.000000e-01
      vertex 3.355000e+00 1.949997e-01 9.806940e-02
      vertex 3.355000e+00 1.950000e-01 2.000000e-01
    endloop
  endfacet
  facet normal 1.000000e+00 0.000000e+00 0.000000e+00
    outer loop
      vertex 3.355000e+00 -1.950000e-01 2.000000e-01
      vertex 3.355000e+00 -4.833319e-02 -6.501721e-02
      vertex 3.355000e+00 0.000000e+00 -6.500000e-02
    endloop
  endfacet
  facet normal 1.000000e+00 0.000000e+00 0.000000e+00
    outer loop
      vertex 3.355000e+00 -1.950000e-01 2.000000e-01
      vertex 3.355000e+00 -1.950928e-01 1.229750e-02
      vertex 3.355000e+00 -4.833319e-02 -6.501721e-02
    endloop
  endfacet
  facet normal 1.000000e+00 0.000000e+00 0.000000e+00
    outer loop
      vertex 3.355000e+00 -1.950000e-01 2.000000e-01
      vertex 3.355000e+00 0.000000e+00 -6.500000e-02
      vertex 3.355000e+00 1.949997e-01 9.806940e-02
    endloop
  endfacet
endsolid hull
solid inlet
  facet normal 1.000000 0.000000 0.000000
    outer loop
      vertex -1.0 -1.5 -0.8
      vertex -1.0 1.5 -0.8
      vertex -1.0 1.5 0.5
    endloop
  endfacet
  facet normal 1.000000 0.000000 0.000000
    outer loop
      vertex -1.0 -1.5 -0.8
      vertex -1.0 1.5 0.5
      vertex -1.0 -1.5 0.5
    endloop
  endfacet
endsolid inlet
solid outlet
  facet normal -1.000000 0.000000 0.000000
    outer loop
      vertex 5.0 1.5 -0.8
      vertex 5.0 -1.5 -0.8
      vertex 5.0 -1.5 0.5
    endloop
  endfacet
  facet normal -1.000000 0.000000 0.000000
    outer loop
      vertex 5.0 1.5 -0.8
      vertex 5.0 -1.5 0.5
      vertex 5.0 1.5 0.5
    endloop
  endfacet
endsolid outlet
solid front
  facet normal -0.000000 1.000000 0.000000
    outer loop
      vertex -1.0 -1.5 0.5
      vertex 5.0 -1.5 0.5
      vertex 5.0 -1.5 -0.8
    endloop
  endfacet
  facet normal 0.000000 1.000000 0.000000
    outer loop
      vertex -1.0 -1.5 0.5
      vertex 5.0 -1.5 -0.8
      vertex -1.0 -1.5 -0.8
    endloop
  endfacet
endsolid front
solid back
  facet normal 0.000000 -1.000000 0.000000
    outer loop
      vertex -1.0 1.5 -0.8
      vertex 5.0 1.5 -0.8
      vertex 5.0 1.5 0.5
    endloop
  endfacet
  facet normal 0.000000 -1.000000 0.000000
    outer loop
      vertex -1.0 1.5 -0.8
      vertex 5.0 1.5 0.5
      vertex -1.0 1.5 0.5
    endloop
  endfacet
endsolid back
solid bottom
  facet normal 0.000000 0.000000 1.000000
    outer loop
      vertex -1.0 -1.5 -0.8
      vertex 5.0 -1.5 -0.8
      vertex 5.0 1.5 -0.8
    endloop
  endfacet
  facet normal 0.000000 0.000000 1.000000
    outer loop
      vertex -1.0 -1.5 -0.8
      vertex 5.0 1.5 -0.8
      vertex -1.0 1.5 -0.8
    endloop
  endfacet
endsolid bottom
solid atmosphere
  facet normal 0.000000 0.000000 -1.000000
    outer loop
      vertex -1.0 1.5 0.5
      vertex 5.0 1.5 0.5
      vertex 5.0 -1.5 0.5
    endloop
  endfacet
  facet normal 0.000000 0.000000 -1.000000
    outer loop
      vertex -1.0 1.5 0.5
      vertex 5.0 -1.5 0.5
      vertex -1.0 -1.5 0.5
    endloop
  endfacet
endsolid atmosphere
